station_id,obs_x,expected_x,coverage_pct,obs_y,missing,expected_y
12505,28,673,4.160475482912332,28,645,673
10207,127,673,18.87072808320951,127,546,673
16202,127,673,18.87072808320951,127,546,673
28002,127,673,18.87072808320951,127,546,673
19210,127,673,18.87072808320951,127,546,673
2201,127,673,18.87072808320951,127,546,673
32308,127,673,18.87072808320951,127,546,673
15059,127,673,18.87072808320951,127,546,673
22019,127,673,18.87072808320951,127,546,673
92004,127,673,18.87072808320951,127,546,673
8116,127,673,18.87072808320951,127,546,673
43010,127,673,18.87072808320951,127,546,673
45504,127,673,18.87072808320951,127,546,673
44018,127,673,18.87072808320951,127,546,673
5106,127,673,18.87072808320951,127,546,673
31203,127,673,18.87072808320951,127,546,673
4201,154,673,22.88261515601783,154,519,673
8027,231,673,34.323922734026745,231,442,673
32022,263,673,39.07875185735513,263,410,673
20007,267,673,39.673105497771175,267,406,673
22408,293,673,43.536404160475485,293,380,673
21209,293,673,43.536404160475485,293,380,673
32304,294,673,43.684992570579496,294,379,673
8037,294,673,43.684992570579496,294,379,673
21218,295,673,43.83358098068351,295,378,673
11044,296,673,43.98216939078752,296,377,673
26006,297,673,44.13075780089153,297,376,673
6031,297,673,44.13075780089153,297,376,673
14003,297,673,44.13075780089153,297,376,673
21306,297,673,44.13075780089153,297,376,673
8017,297,673,44.13075780089153,297,376,673
43004,297,673,44.13075780089153,297,376,673
19103,297,673,44.13075780089153,297,376,673
15022,297,673,44.13075780089153,297,376,673
19117,298,673,44.27934621099554,298,375,673
31701,298,673,44.27934621099554,298,375,673
15058,298,673,44.27934621099554,298,375,673
18007,298,673,44.27934621099554,298,375,673
18022,298,673,44.27934621099554,298,375,673
16002,298,673,44.27934621099554,298,375,673
1021,298,673,44.27934621099554,298,375,673
3002,298,673,44.27934621099554,298,375,673
20131,298,673,44.27934621099554,298,375,673
2014,298,673,44.27934621099554,298,375,673
13128,298,673,44.27934621099554,298,375,673
5027,298,673,44.27934621099554,298,375,673
19128,298,673,44.27934621099554,298,375,673
13019,298,673,44.27934621099554,298,375,673
11021,299,673,44.42793462109955,299,374,673
16116,299,673,44.42793462109955,299,374,673
20021,299,673,44.42793462109955,299,374,673
32018,299,673,44.42793462109955,299,374,673
7025,299,673,44.42793462109955,299,374,673
1119,299,673,44.42793462109955,299,374,673
12008,299,673,44.42793462109955,299,374,673
8004,299,673,44.42793462109955,299,374,673
15005,299,673,44.42793462109955,299,374,673
42021,299,673,44.42793462109955,299,374,673
10014,299,673,44.42793462109955,299,374,673
14021,299,673,44.42793462109955,299,374,673
11003,299,673,44.42793462109955,299,374,673
23006,299,673,44.42793462109955,299,374,673
17107,299,673,44.42793462109955,299,374,673
17013,299,673,44.42793462109955,299,374,673
4012,299,673,44.42793462109955,299,374,673
12201,299,673,44.42793462109955,299,374,673
13028,299,673,44.42793462109955,299,374,673
13054,299,673,44.42793462109955,299,374,673
13036,299,673,44.42793462109955,299,374,673
13010,300,673,44.57652303120357,300,373,673
15013,300,673,44.57652303120357,300,373,673
18101,300,673,44.57652303120357,300,373,673
15053,300,673,44.57652303120357,300,373,673
15040,300,673,44.57652303120357,300,373,673
7009,300,673,44.57652303120357,300,373,673
12018,300,673,44.57652303120357,300,373,673
14104,300,673,44.57652303120357,300,373,673
41602,300,673,44.57652303120357,300,373,673
43001,300,673,44.57652303120357,300,373,673
21217,300,673,44.57652303120357,300,373,673
9037,300,673,44.57652303120357,300,373,673
10015,300,673,44.57652303120357,300,373,673
4020,300,673,44.57652303120357,300,373,673
19111,300,673,44.57652303120357,300,373,673
12120,300,673,44.57652303120357,300,373,673
19108,300,673,44.57652303120357,300,373,673
5033,300,673,44.57652303120357,300,373,673
15020,300,673,44.57652303120357,300,373,673
18046,300,673,44.57652303120357,300,373,673
13032,300,673,44.57652303120357,300,373,673
41301,300,673,44.57652303120357,300,373,673
15009,300,673,44.57652303120357,300,373,673
18141,300,673,44.57652303120357,300,373,673
14009,300,673,44.57652303120357,300,373,673
44005,300,673,44.57652303120357,300,373,673
48002,300,673,44.57652303120357,300,373,673
20137,300,673,44.57652303120357,300,373,673
22401,300,673,44.57652303120357,300,373,673
22015,300,673,44.57652303120357,300,373,673
17124,300,673,44.57652303120357,300,373,673
31003,300,673,44.57652303120357,300,373,673
3011,300,673,44.57652303120357,300,373,673
11017,300,673,44.57652303120357,300,373,673
17116,300,673,44.57652303120357,300,373,673
23002,300,673,44.57652303120357,300,373,673
17110,300,673,44.57652303120357,300,373,673
17027,300,673,44.57652303120357,300,373,673
22502,300,673,44.57652303120357,300,373,673
35008,300,673,44.57652303120357,300,373,673
18016,300,673,44.57652303120357,300,373,673
34002,300,673,44.57652303120357,300,373,673
34014,300,673,44.57652303120357,300,373,673
17108,300,673,44.57652303120357,300,373,673
10163,300,673,44.57652303120357,300,373,673
20045,300,673,44.57652303120357,300,373,673
9027,300,673,44.57652303120357,300,373,673
12040,301,673,44.72511144130758,301,372,673
12102,301,673,44.72511144130758,301,372,673
4002,301,673,44.72511144130758,301,372,673
6027,301,673,44.72511144130758,301,372,673
11101,301,673,44.72511144130758,301,372,673
11030,301,673,44.72511144130758,301,372,673
24005,301,673,44.72511144130758,301,372,673
8028,301,673,44.72511144130758,301,372,673
18003,301,673,44.72511144130758,301,372,673
15034,301,673,44.72511144130758,301,372,673
15071,301,673,44.72511144130758,301,372,673
33005,301,673,44.72511144130758,301,372,673
9117,301,673,44.72511144130758,301,372,673
9028,301,673,44.72511144130758,301,372,673
16041,301,673,44.72511144130758,301,372,673
1020,301,673,44.72511144130758,301,372,673
15021,301,673,44.72511144130758,301,372,673
41208,301,673,44.72511144130758,301,372,673
4016,301,673,44.72511144130758,301,372,673
22003,301,673,44.72511144130758,301,372,673
19018,301,673,44.72511144130758,301,372,673
19010,301,673,44.72511144130758,301,372,673
43007,301,673,44.72511144130758,301,372,673
19012,301,673,44.72511144130758,301,372,673
42704,301,673,44.72511144130758,301,372,673
44001,301,673,44.72511144130758,301,372,673
1026,301,673,44.72511144130758,301,372,673
16034,301,673,44.72511144130758,301,372,673
7016,301,673,44.72511144130758,301,372,673
3005,301,673,44.72511144130758,301,372,673
10162,301,673,44.72511144130758,301,372,673
1014,301,673,44.72511144130758,301,372,673
13009,302,673,44.873699851411594,302,371,673
6004,302,673,44.873699851411594,302,371,673
10006,302,673,44.873699851411594,302,371,673
13125,302,673,44.873699851411594,302,371,673
15011,302,673,44.873699851411594,302,371,673
15012,302,673,44.873699851411594,302,371,673
22101,302,673,44.873699851411594,302,371,673
13001,302,673,44.873699851411594,302,371,673
14135,302,673,44.873699851411594,302,371,673
14035,302,673,44.873699851411594,302,371,673
22203,302,673,44.873699851411594,302,371,673
4101,302,673,44.873699851411594,302,371,673
17204,302,673,44.873699851411594,302,371,673
11027,302,673,44.873699851411594,302,371,673
33001,302,673,44.873699851411594,302,371,673
21009,302,673,44.873699851411594,302,371,673
22402,302,673,44.873699851411594,302,371,673
16029,302,673,44.873699851411594,302,371,673
11113,302,673,44.873699851411594,302,371,673
17015,302,673,44.873699851411594,302,371,673
9025,302,673,44.873699851411594,302,371,673
1018,302,673,44.873699851411594,302,371,673
1002,302,673,44.873699851411594,302,371,673
23001,302,673,44.873699851411594,302,371,673
17123,302,673,44.873699851411594,302,371,673
23008,302,673,44.873699851411594,302,371,673
41405,302,673,44.873699851411594,302,371,673
44006,302,673,44.873699851411594,302,371,673
41103,302,673,44.873699851411594,302,371,673
13005,302,673,44.873699851411594,302,371,673
13116,302,673,44.873699851411594,302,371,673
14132,302,673,44.873699851411594,302,371,673
42026,302,673,44.873699851411594,302,371,673
14111,302,673,44.873699851411594,302,371,673
18140,302,673,44.873699851411594,302,371,673
15026,302,673,44.873699851411594,302,371,673
35006,302,673,44.873699851411594,302,371,673
6103,302,673,44.873699851411594,302,371,673
32604,302,673,44.873699851411594,302,371,673
11114,302,673,44.873699851411594,302,371,673
4010,302,673,44.873699851411594,302,371,673
3012,303,673,45.022288261515605,303,370,673
3006,303,673,45.022288261515605,303,370,673
11022,303,673,45.022288261515605,303,370,673
18028,303,673,45.022288261515605,303,370,673
15105,303,673,45.022288261515605,303,370,673
15110,303,673,45.022288261515605,303,370,673
19204,303,673,45.022288261515605,303,370,673
6025,303,673,45.022288261515605,303,370,673
15106,303,673,45.022288261515605,303,370,673
7017,303,673,45.022288261515605,303,370,673
12010,303,673,45.022288261515605,303,370,673
22404,303,673,45.022288261515605,303,370,673
8007,303,673,45.022288261515605,303,370,673
32012,303,673,45.022288261515605,303,370,673
16033,303,673,45.022288261515605,303,370,673
17001,303,673,45.022288261515605,303,370,673
20014,303,673,45.022288261515605,303,370,673
20132,303,673,45.022288261515605,303,370,673
11039,303,673,45.022288261515605,303,370,673
16044,303,673,45.022288261515605,303,370,673
31018,303,673,45.022288261515605,303,370,673
20106,303,673,45.022288261515605,303,370,673
17106,303,673,45.022288261515605,303,370,673
11019,303,673,45.022288261515605,303,370,673
11016,303,673,45.022288261515605,303,370,673
11026,303,673,45.022288261515605,303,370,673
5012,303,673,45.022288261515605,303,370,673
5202,303,673,45.022288261515605,303,370,673
18032,303,673,45.022288261515605,303,370,673
15017,303,673,45.022288261515605,303,370,673
19023,303,673,45.022288261515605,303,370,673
13016,303,673,45.022288261515605,303,370,673
4108,303,673,45.022288261515605,303,370,673
4017,303,673,45.022288261515605,303,370,673
21026,303,673,45.022288261515605,303,370,673
5030,303,673,45.022288261515605,303,370,673
15004,303,673,45.022288261515605,303,370,673
43006,303,673,45.022288261515605,303,370,673
13205,303,673,45.022288261515605,303,370,673
21204,303,673,45.022288261515605,303,370,673
42024,303,673,45.022288261515605,303,370,673
13106,303,673,45.022288261515605,303,370,673
18142,303,673,45.022288261515605,303,370,673
1003,303,673,45.022288261515605,303,370,673
9010,303,673,45.022288261515605,303,370,673
10031,303,673,45.022288261515605,303,370,673
9009,303,673,45.022288261515605,303,370,673
9013,303,673,45.022288261515605,303,370,673
92005,304,673,45.17087667161962,304,369,673
14004,304,673,45.17087667161962,304,369,673
42707,304,673,45.17087667161962,304,369,673
14018,304,673,45.17087667161962,304,369,673
18205,304,673,45.17087667161962,304,369,673
21311,304,673,45.17087667161962,304,369,673
21401,304,673,45.17087667161962,304,369,673
17010,304,673,45.17087667161962,304,369,673
3004,304,673,45.17087667161962,304,369,673
11023,304,673,45.17087667161962,304,369,673
3003,304,673,45.17087667161962,304,369,673
17006,304,673,45.17087667161962,304,369,673
11007,304,673,45.17087667161962,304,369,673
2002,304,673,45.17087667161962,304,369,673
20202,304,673,45.17087667161962,304,369,673
20013,304,673,45.17087667161962,304,369,673
2001,304,673,45.17087667161962,304,369,673
11036,304,673,45.17087667161962,304,369,673
13110,304,673,45.17087667161962,304,369,673
21207,304,673,45.17087667161962,304,369,673
19014,304,673,45.17087667161962,304,369,673
18041,304,673,45.17087667161962,304,369,673
14022,304,673,45.17087667161962,304,369,673
11048,304,673,45.17087667161962,304,369,673
8015,304,673,45.17087667161962,304,369,673
8008,304,673,45.17087667161962,304,369,673
16031,304,673,45.17087667161962,304,369,673
31201,304,673,45.17087667161962,304,369,673
18011,304,673,45.17087667161962,304,369,673
22301,304,673,45.17087667161962,304,369,673
11110,304,673,45.17087667161962,304,369,673
11107,304,673,45.17087667161962,304,369,673
12011,304,673,45.17087667161962,304,369,673
32306,304,673,45.17087667161962,304,369,673
15133,304,673,45.17087667161962,304,369,673
15132,304,673,45.17087667161962,304,369,673
33015,304,673,45.17087667161962,304,369,673
47002,304,673,45.17087667161962,304,369,673
14131,304,673,45.17087667161962,304,369,673
5014,304,673,45.17087667161962,304,369,673
15038,304,673,45.17087667161962,304,369,673
15122,304,673,45.17087667161962,304,369,673
15120,304,673,45.17087667161962,304,369,673
40003,304,673,45.17087667161962,304,369,673
15064,304,673,45.17087667161962,304,369,673
15062,304,673,45.17087667161962,304,369,673
2021,304,673,45.17087667161962,304,369,673
6020,304,673,45.17087667161962,304,369,673
6014,304,673,45.17087667161962,304,369,673
21109,304,673,45.17087667161962,304,369,673
15010,304,673,45.17087667161962,304,369,673
41205,304,673,45.17087667161962,304,369,673
41202,304,673,45.17087667161962,304,369,673
51003,304,673,45.17087667161962,304,369,673
20001,304,673,45.17087667161962,304,369,673
21005,304,673,45.17087667161962,304,369,673
21003,304,673,45.17087667161962,304,369,673
15054,304,673,45.17087667161962,304,369,673
40015,304,673,45.17087667161962,304,369,673
15041,304,673,45.17087667161962,304,369,673
6007,304,673,45.17087667161962,304,369,673
6001,304,673,45.17087667161962,304,369,673
15029,304,673,45.17087667161962,304,369,673
5122,304,673,45.17087667161962,304,369,673
21032,304,673,45.17087667161962,304,369,673
21022,304,673,45.17087667161962,304,369,673
4104,304,673,45.17087667161962,304,369,673
12161,304,673,45.17087667161962,304,369,673
12151,304,673,45.17087667161962,304,369,673
8110,304,673,45.17087667161962,304,369,673
10042,304,673,45.17087667161962,304,369,673
10041,304,673,45.17087667161962,304,369,673
92001,304,673,45.17087667161962,304,369,673
17105,304,673,45.17087667161962,304,369,673
23011,304,673,45.17087667161962,304,369,673
23009,304,673,45.17087667161962,304,369,673
23007,304,673,45.17087667161962,304,369,673
20042,304,673,45.17087667161962,304,369,673
20110,304,673,45.17087667161962,304,369,673
20115,305,673,45.31946508172363,305,368,673
20047,305,673,45.31946508172363,305,368,673
17038,305,673,45.31946508172363,305,368,673
10164,305,673,45.31946508172363,305,368,673
8102,305,673,45.31946508172363,305,368,673
21029,305,673,45.31946508172363,305,368,673
12163,305,673,45.31946508172363,305,368,673
9011,305,673,45.31946508172363,305,368,673
19109,305,673,45.31946508172363,305,368,673
4011,305,673,45.31946508172363,305,368,673
4013,305,673,45.31946508172363,305,368,673
4014,305,673,45.31946508172363,305,368,673
4021,305,673,45.31946508172363,305,368,673
22013,305,673,45.31946508172363,305,368,673
12108,305,673,45.31946508172363,305,368,673
51002,305,673,45.31946508172363,305,368,673
15056,305,673,45.31946508172363,305,368,673
20005,305,673,45.31946508172363,305,368,673
20003,305,673,45.31946508172363,305,368,673
21013,305,673,45.31946508172363,305,368,673
41601,305,673,45.31946508172363,305,368,673
2108,305,673,45.31946508172363,305,368,673
21105,305,673,45.31946508172363,305,368,673
15001,305,673,45.31946508172363,305,368,673
15033,305,673,45.31946508172363,305,368,673
5201,305,673,45.31946508172363,305,368,673
4009,305,673,45.31946508172363,305,368,673
15055,305,673,45.31946508172363,305,368,673
18029,305,673,45.31946508172363,305,368,673
21701,305,673,45.31946508172363,305,368,673
15103,305,673,45.31946508172363,305,368,673
6010,305,673,45.31946508172363,305,368,673
41302,305,673,45.31946508172363,305,368,673
13041,305,673,45.31946508172363,305,368,673
12028,305,673,45.31946508172363,305,368,673
32004,305,673,45.31946508172363,305,368,673
31104,305,673,45.31946508172363,305,368,673
16006,305,673,45.31946508172363,305,368,673
22303,305,673,45.31946508172363,305,368,673
7102,305,673,45.31946508172363,305,368,673
7111,305,673,45.31946508172363,305,368,673
11104,305,673,45.31946508172363,305,368,673
14127,305,673,45.31946508172363,305,368,673
18035,305,673,45.31946508172363,305,368,673
11105,305,673,45.31946508172363,305,368,673
7014,305,673,45.31946508172363,305,368,673
7012,305,673,45.31946508172363,305,368,673
33020,305,673,45.31946508172363,305,368,673
32601,305,673,45.31946508172363,305,368,673
15129,305,673,45.31946508172363,305,368,673
7101,305,673,45.31946508172363,305,368,673
13047,305,673,45.31946508172363,305,368,673
1120,305,673,45.31946508172363,305,368,673
33016,305,673,45.31946508172363,305,368,673
12006,305,673,45.31946508172363,305,368,673
12002,305,673,45.31946508172363,305,368,673
33006,305,673,45.31946508172363,305,368,673
21704,305,673,45.31946508172363,305,368,673
22006,305,673,45.31946508172363,305,368,673
17007,305,673,45.31946508172363,305,368,673
11037,305,673,45.31946508172363,305,368,673
11012,305,673,45.31946508172363,305,368,673
11011,305,673,45.31946508172363,305,368,673
31019,305,673,45.31946508172363,305,368,673
24002,305,673,45.31946508172363,305,368,673
25007,305,673,45.31946508172363,305,368,673
8045,305,673,45.31946508172363,305,368,673
22503,305,673,45.31946508172363,305,368,673
8035,305,673,45.31946508172363,305,368,673
30004,305,673,45.31946508172363,305,368,673
17019,305,673,45.31946508172363,305,368,673
1102,305,673,45.31946508172363,305,368,673
10013,305,673,45.31946508172363,305,368,673
9111,305,673,45.31946508172363,305,368,673
20029,305,673,45.31946508172363,305,368,673
8039,305,673,45.31946508172363,305,368,673
14011,305,673,45.31946508172363,305,368,673
14012,305,673,45.31946508172363,305,368,673
21502,305,673,45.31946508172363,305,368,673
18202,305,673,45.31946508172363,305,368,673
17023,305,673,45.31946508172363,305,368,673
22506,305,673,45.31946508172363,305,368,673
23003,305,673,45.31946508172363,305,368,673
13015,306,673,45.46805349182764,306,367,673
42004,306,673,45.46805349182764,306,367,673
2101,306,673,45.46805349182764,306,367,673
15060,306,673,45.46805349182764,306,367,673
21006,306,673,45.46805349182764,306,367,673
19021,306,673,45.46805349182764,306,367,673
19022,306,673,45.46805349182764,306,367,673
14138,306,673,45.46805349182764,306,367,673
2010,306,673,45.46805349182764,306,367,673
9104,306,673,45.46805349182764,306,367,673
9102,306,673,45.46805349182764,306,367,673
18134,306,673,45.46805349182764,306,367,673
21702,306,673,45.46805349182764,306,367,673
12024,306,673,45.46805349182764,306,367,673
33019,306,673,45.46805349182764,306,367,673
13035,306,673,45.46805349182764,306,367,673
44013,306,673,45.46805349182764,306,367,673
14130,306,673,45.46805349182764,306,367,673
5019,306,673,45.46805349182764,306,367,673
19040,306,673,45.46805349182764,306,367,673
2111,306,673,45.46805349182764,306,367,673
15031,306,673,45.46805349182764,306,367,673
18026,306,673,45.46805349182764,306,367,673
20006,306,673,45.46805349182764,306,367,673
12114,306,673,45.46805349182764,306,367,673
5124,306,673,45.46805349182764,306,367,673
18030,306,673,45.46805349182764,306,367,673
4007,306,673,45.46805349182764,306,367,673
12150,306,673,45.46805349182764,306,367,673
1016,306,673,45.46805349182764,306,367,673
8105,306,673,45.46805349182764,306,367,673
10105,306,673,45.46805349182764,306,367,673
1006,306,673,45.46805349182764,306,367,673
10033,306,673,45.46805349182764,306,367,673
10039,306,673,45.46805349182764,306,367,673
23105,306,673,45.46805349182764,306,367,673
23902,306,673,45.46805349182764,306,367,673
12156,306,673,45.46805349182764,306,367,673
12153,306,673,45.46805349182764,306,367,673
20032,306,673,45.46805349182764,306,367,673
9034,306,673,45.46805349182764,306,367,673
15024,306,673,45.46805349182764,306,367,673
2012,306,673,45.46805349182764,306,367,673
10201,306,673,45.46805349182764,306,367,673
20116,306,673,45.46805349182764,306,367,673
14036,306,673,45.46805349182764,306,367,673
14124,306,673,45.46805349182764,306,367,673
42501,306,673,45.46805349182764,306,367,673
14027,306,673,45.46805349182764,306,367,673
42303,306,673,45.46805349182764,306,367,673
13052,306,673,45.46805349182764,306,367,673
16023,306,673,45.46805349182764,306,367,673
8012,306,673,45.46805349182764,306,367,673
16026,306,673,45.46805349182764,306,367,673
16027,306,673,45.46805349182764,306,367,673
18015,306,673,45.46805349182764,306,367,673
11112,306,673,45.46805349182764,306,367,673
31709,306,673,45.46805349182764,306,367,673
7023,306,673,45.46805349182764,306,367,673
31105,306,673,45.46805349182764,306,367,673
31705,306,673,45.46805349182764,306,367,673
11111,306,673,45.46805349182764,306,367,673
16022,306,673,45.46805349182764,306,367,673
16011,306,673,45.46805349182764,306,367,673
18049,306,673,45.46805349182764,306,367,673
7007,306,673,45.46805349182764,306,367,673
6022,306,673,45.46805349182764,306,367,673
21002,306,673,45.46805349182764,306,367,673
40004,306,673,45.46805349182764,306,367,673
32013,306,673,45.46805349182764,306,367,673
32014,306,673,45.46805349182764,306,367,673
11035,306,673,45.46805349182764,306,367,673
20008,306,673,45.46805349182764,306,367,673
17003,306,673,45.46805349182764,306,367,673
11024,306,673,45.46805349182764,306,367,673
13109,306,673,45.46805349182764,306,367,673
21212,306,673,45.46805349182764,306,367,673
24001,306,673,45.46805349182764,306,367,673
17020,306,673,45.46805349182764,306,367,673
26005,306,673,45.46805349182764,306,367,673
26007,306,673,45.46805349182764,306,367,673
8036,306,673,45.46805349182764,306,367,673
17203,306,673,45.46805349182764,306,367,673
8034,306,673,45.46805349182764,306,367,673
21302,306,673,45.46805349182764,306,367,673
3101,306,673,45.46805349182764,306,367,673
11034,306,673,45.46805349182764,306,367,673
11032,306,673,45.46805349182764,306,367,673
8052,306,673,45.46805349182764,306,367,673
18206,306,673,45.46805349182764,306,367,673
8046,306,673,45.46805349182764,306,367,673
17037,306,673,45.46805349182764,306,367,673
10206,306,673,45.46805349182764,306,367,673
42211,306,673,45.46805349182764,306,367,673
14020,306,673,45.46805349182764,306,367,673
21329,306,673,45.46805349182764,306,367,673
13126,306,673,45.46805349182764,306,367,673
2003,306,673,45.46805349182764,306,367,673
14008,306,673,45.46805349182764,306,367,673
9114,307,673,45.61664190193165,307,366,673
10018,307,673,45.61664190193165,307,366,673
10011,307,673,45.61664190193165,307,366,673
10009,307,673,45.61664190193165,307,366,673
20103,307,673,45.61664190193165,307,366,673
9039,307,673,45.61664190193165,307,366,673
9015,307,673,45.61664190193165,307,366,673
9024,307,673,45.61664190193165,307,366,673
23801,307,673,45.61664190193165,307,366,673
23041,307,673,45.61664190193165,307,366,673
17119,307,673,45.61664190193165,307,366,673
17125,307,673,45.61664190193165,307,366,673
25003,307,673,45.61664190193165,307,366,673
17030,307,673,45.61664190193165,307,366,673
17041,307,673,45.61664190193165,307,366,673
23403,307,673,45.61664190193165,307,366,673
3001,307,673,45.61664190193165,307,366,673
15203,307,673,45.61664190193165,307,366,673
35007,307,673,45.61664190193165,307,366,673
35001,307,673,45.61664190193165,307,366,673
18020,307,673,45.61664190193165,307,366,673
16017,307,673,45.61664190193165,307,366,673
18010,307,673,45.61664190193165,307,366,673
40008,307,673,45.61664190193165,307,366,673
32023,307,673,45.61664190193165,307,366,673
16112,307,673,45.61664190193165,307,366,673
42209,307,673,45.61664190193165,307,366,673
42030,307,673,45.61664190193165,307,366,673
18043,307,673,45.61664190193165,307,366,673
21707,307,673,45.61664190193165,307,366,673
42027,307,673,45.61664190193165,307,366,673
15006,307,673,45.61664190193165,307,366,673
21108,307,673,45.61664190193165,307,366,673
13026,307,673,45.61664190193165,307,366,673
43005,307,673,45.61664190193165,307,366,673
44003,307,673,45.61664190193165,307,366,673
19005,307,673,45.61664190193165,307,366,673
43403,307,673,45.61664190193165,307,366,673
14001,307,673,45.61664190193165,307,366,673
13103,307,673,45.61664190193165,307,366,673
19001,307,673,45.61664190193165,307,366,673
19039,307,673,45.61664190193165,307,366,673
21110,307,673,45.61664190193165,307,366,673
21111,307,673,45.61664190193165,307,366,673
13043,307,673,45.61664190193165,307,366,673
5028,307,673,45.61664190193165,307,366,673
13044,307,673,45.61664190193165,307,366,673
44102,307,673,45.61664190193165,307,366,673
42011,307,673,45.61664190193165,307,366,673
42010,307,673,45.61664190193165,307,366,673
13101,307,673,45.61664190193165,307,366,673
21309,307,673,45.61664190193165,307,366,673
21215,307,673,45.61664190193165,307,366,673
6026,307,673,45.61664190193165,307,366,673
6018,307,673,45.61664190193165,307,366,673
6201,307,673,45.61664190193165,307,366,673
6006,307,673,45.61664190193165,307,366,673
21017,307,673,45.61664190193165,307,366,673
12122,307,673,45.61664190193165,307,366,673
12126,307,673,45.61664190193165,307,366,673
12119,307,673,45.61664190193165,307,366,673
21015,307,673,45.61664190193165,307,366,673
51005,307,673,45.61664190193165,307,366,673
19031,307,673,45.61664190193165,307,366,673
9006,307,673,45.61664190193165,307,366,673
8203,307,673,45.61664190193165,307,366,673
8117,307,673,45.61664190193165,307,366,673
10029,307,673,45.61664190193165,307,366,673
92006,307,673,45.61664190193165,307,366,673
10020,307,673,45.61664190193165,307,366,673
12020,307,673,45.61664190193165,307,366,673
12022,307,673,45.61664190193165,307,366,673
20012,307,673,45.61664190193165,307,366,673
11041,307,673,45.61664190193165,307,366,673
2015,307,673,45.61664190193165,307,366,673
8055,307,673,45.61664190193165,307,366,673
1022,307,673,45.61664190193165,307,366,673
7021,307,673,45.61664190193165,307,366,673
11047,307,673,45.61664190193165,307,366,673
7013,307,673,45.61664190193165,307,366,673
6029,307,673,45.61664190193165,307,366,673
12037,307,673,45.61664190193165,307,366,673
12033,307,673,45.61664190193165,307,366,673
7006,307,673,45.61664190193165,307,366,673
6012,307,673,45.61664190193165,307,366,673
31023,308,673,45.76523031203566,308,365,673
31016,308,673,45.76523031203566,308,365,673
25005,308,673,45.76523031203566,308,365,673
26003,308,673,45.76523031203566,308,365,673
17017,308,673,45.76523031203566,308,365,673
25001,308,673,45.76523031203566,308,365,673
14139,308,673,45.76523031203566,308,365,673
14137,308,673,45.76523031203566,308,365,673
18024,308,673,45.76523031203566,308,365,673
4015,308,673,45.76523031203566,308,365,673
4103,308,673,45.76523031203566,308,365,673
22007,308,673,45.76523031203566,308,365,673
22201,308,673,45.76523031203566,308,365,673
15061,308,673,45.76523031203566,308,365,673
35013,308,673,45.76523031203566,308,365,673
35019,308,673,45.76523031203566,308,365,673
35014,308,673,45.76523031203566,308,365,673
33017,308,673,45.76523031203566,308,365,673
15113,308,673,45.76523031203566,308,365,673
16008,308,673,45.76523031203566,308,365,673
15127,308,673,45.76523031203566,308,365,673
33018,308,673,45.76523031203566,308,365,673
31202,308,673,45.76523031203566,308,365,673
31013,308,673,45.76523031203566,308,365,673
22406,308,673,45.76523031203566,308,365,673
22304,308,673,45.76523031203566,308,365,673
18006,308,673,45.76523031203566,308,365,673
3009,308,673,45.76523031203566,308,365,673
31005,308,673,45.76523031203566,308,365,673
31009,308,673,45.76523031203566,308,365,673
31102,308,673,45.76523031203566,308,365,673
3102,308,673,45.76523031203566,308,365,673
23004,308,673,45.76523031203566,308,365,673
17117,308,673,45.76523031203566,308,365,673
17121,308,673,45.76523031203566,308,365,673
31010,308,673,45.76523031203566,308,365,673
16136,308,673,45.76523031203566,308,365,673
23701,308,673,45.76523031203566,308,365,673
23703,308,673,45.76523031203566,308,365,673
10003,308,673,45.76523031203566,308,365,673
9118,308,673,45.76523031203566,308,365,673
9031,308,673,45.76523031203566,308,365,673
2008,308,673,45.76523031203566,308,365,673
2110,308,673,45.76523031203566,308,365,673
19043,308,673,45.76523031203566,308,365,673
13023,308,673,45.76523031203566,308,365,673
5021,308,673,45.76523031203566,308,365,673
13046,308,673,45.76523031203566,308,365,673
48006,308,673,45.76523031203566,308,365,673
13030,308,673,45.76523031203566,308,365,673
19002,308,673,45.76523031203566,308,365,673
13204,308,673,45.76523031203566,308,365,673
13114,308,673,45.76523031203566,308,365,673
43008,308,673,45.76523031203566,308,365,673
13203,308,673,45.76523031203566,308,365,673
21120,308,673,45.76523031203566,308,365,673
42706,308,673,45.76523031203566,308,365,673
15023,308,673,45.76523031203566,308,365,673
18021,308,673,45.76523031203566,308,365,673
42028,308,673,45.76523031203566,308,365,673
18034,308,673,45.76523031203566,308,365,673
21952,308,673,45.76523031203566,308,365,673
22001,308,673,45.76523031203566,308,365,673
14103,308,673,45.76523031203566,308,365,673
14031,308,673,45.76523031203566,308,365,673
42505,308,673,45.76523031203566,308,365,673
42014,308,673,45.76523031203566,308,365,673
42210,308,673,45.76523031203566,308,365,673
14016,308,673,45.76523031203566,308,365,673
21313,308,673,45.76523031203566,308,365,673
21312,308,673,45.76523031203566,308,365,673
21506,308,673,45.76523031203566,308,365,673
21404,308,673,45.76523031203566,308,365,673
14007,308,673,45.76523031203566,308,365,673
14002,308,673,45.76523031203566,308,365,673
6015,308,673,45.76523031203566,308,365,673
19201,308,673,45.76523031203566,308,365,673
19203,308,673,45.76523031203566,308,365,673
6003,308,673,45.76523031203566,308,365,673
12113,308,673,45.76523031203566,308,365,673
12101,308,673,45.76523031203566,308,365,673
12043,308,673,45.76523031203566,308,365,673
6028,308,673,45.76523031203566,308,365,673
6008,308,673,45.76523031203566,308,365,673
6005,308,673,45.76523031203566,308,365,673
19123,308,673,45.76523031203566,308,365,673
12203,308,673,45.76523031203566,308,365,673
13017,308,673,45.76523031203566,308,365,673
8002,308,673,45.76523031203566,308,365,673
12007,308,673,45.76523031203566,308,365,673
1201,308,673,45.76523031203566,308,365,673
20017,308,673,45.76523031203566,308,365,673
11046,308,673,45.76523031203566,308,365,673
20011,308,673,45.76523031203566,308,365,673
11028,308,673,45.76523031203566,308,365,673
11018,308,673,45.76523031203566,308,365,673
8033,308,673,45.76523031203566,308,365,673
11025,308,673,45.76523031203566,308,365,673
11020,308,673,45.76523031203566,308,365,673
8020,308,673,45.76523031203566,308,365,673
8029,308,673,45.76523031203566,308,365,673
21023,308,673,45.76523031203566,308,365,673
12155,308,673,45.76523031203566,308,365,673
12123,308,673,45.76523031203566,308,365,673
19120,308,673,45.76523031203566,308,365,673
21024,308,673,45.76523031203566,308,365,673
19036,308,673,45.76523031203566,308,365,673
20024,308,673,45.76523031203566,308,365,673
20027,308,673,45.76523031203566,308,365,673
20034,308,673,45.76523031203566,308,365,673
20117,308,673,45.76523031203566,308,365,673
20040,308,673,45.76523031203566,308,365,673
11009,308,673,45.76523031203566,308,365,673
10026,309,673,45.91381872213967,309,364,673
20048,309,673,45.91381872213967,309,364,673
1013,309,673,45.91381872213967,309,364,673
20121,309,673,45.91381872213967,309,364,673
10113,309,673,45.91381872213967,309,364,673
11004,309,673,45.91381872213967,309,364,673
1012,309,673,45.91381872213967,309,364,673
8054,309,673,45.91381872213967,309,364,673
11102,309,673,45.91381872213967,309,364,673
11029,309,673,45.91381872213967,309,364,673
2016,309,673,45.91381872213967,309,364,673
12019,309,673,45.91381872213967,309,364,673
21007,309,673,45.91381872213967,309,364,673
20010,309,673,45.91381872213967,309,364,673
7020,309,673,45.91381872213967,309,364,673
7026,309,673,45.91381872213967,309,364,673
12107,309,673,45.91381872213967,309,364,673
5031,309,673,45.91381872213967,309,364,673
21021,309,673,45.91381872213967,309,364,673
13006,309,673,45.91381872213967,309,364,673
12128,309,673,45.91381872213967,309,364,673
12125,309,673,45.91381872213967,309,364,673
6002,309,673,45.91381872213967,309,364,673
5119,309,673,45.91381872213967,309,364,673
6013,309,673,45.91381872213967,309,364,673
6009,309,673,45.91381872213967,309,364,673
6030,309,673,45.91381872213967,309,364,673
21001,309,673,45.91381872213967,309,364,673
21114,309,673,45.91381872213967,309,364,673
21107,309,673,45.91381872213967,309,364,673
13049,309,673,45.91381872213967,309,364,673
5034,309,673,45.91381872213967,309,364,673
48009,309,673,45.91381872213967,309,364,673
14006,309,673,45.91381872213967,309,364,673
14005,309,673,45.91381872213967,309,364,673
13120,309,673,45.91381872213967,309,364,673
42205,309,673,45.91381872213967,309,364,673
19009,309,673,45.91381872213967,309,364,673
21314,309,673,45.91381872213967,309,364,673
42302,309,673,45.91381872213967,309,364,673
41404,309,673,45.91381872213967,309,364,673
41605,309,673,45.91381872213967,309,364,673
4018,309,673,45.91381872213967,309,364,673
14136,309,673,45.91381872213967,309,364,673
13121,309,673,45.91381872213967,309,364,673
47005,309,673,45.91381872213967,309,364,673
43003,309,673,45.91381872213967,309,364,673
13117,309,673,45.91381872213967,309,364,673
5004,309,673,45.91381872213967,309,364,673
13050,309,673,45.91381872213967,309,364,673
19026,309,673,45.91381872213967,309,364,673
19032,309,673,45.91381872213967,309,364,673
19024,309,673,45.91381872213967,309,364,673
44004,309,673,45.91381872213967,309,364,673
21213,309,673,45.91381872213967,309,364,673
21219,309,673,45.91381872213967,309,364,673
44101,309,673,45.91381872213967,309,364,673
5001,309,673,45.91381872213967,309,364,673
13045,309,673,45.91381872213967,309,364,673
40010,309,673,45.91381872213967,309,364,673
40005,309,673,45.91381872213967,309,364,673
15035,309,673,45.91381872213967,309,364,673
18137,309,673,45.91381872213967,309,364,673
41207,309,673,45.91381872213967,309,364,673
33102,309,673,45.91381872213967,309,364,673
18017,309,673,45.91381872213967,309,364,673
18018,309,673,45.91381872213967,309,364,673
18023,309,673,45.91381872213967,309,364,673
18014,309,673,45.91381872213967,309,364,673
16042,309,673,45.91381872213967,309,364,673
16012,309,673,45.91381872213967,309,364,673
22209,309,673,45.91381872213967,309,364,673
16040,309,673,45.91381872213967,309,364,673
31020,309,673,45.91381872213967,309,364,673
31007,309,673,45.91381872213967,309,364,673
3010,309,673,45.91381872213967,309,364,673
31704,309,673,45.91381872213967,309,364,673
16111,309,673,45.91381872213967,309,364,673
9014,309,673,45.91381872213967,309,364,673
10005,309,673,45.91381872213967,309,364,673
27006,309,673,45.91381872213967,309,364,673
27002,309,673,45.91381872213967,309,364,673
17005,309,673,45.91381872213967,309,364,673
17004,309,673,45.91381872213967,309,364,673
17104,309,673,45.91381872213967,309,364,673
17111,309,673,45.91381872213967,309,364,673
23102,309,673,45.91381872213967,309,364,673
23803,309,673,45.91381872213967,309,364,673
24010,309,673,45.91381872213967,309,364,673
17029,309,673,45.91381872213967,309,364,673
2009,309,673,45.91381872213967,309,364,673
10004,309,673,45.91381872213967,309,364,673
16107,309,673,45.91381872213967,309,364,673
16139,309,673,45.91381872213967,309,364,673
26001,309,673,45.91381872213967,309,364,673
30003,309,673,45.91381872213967,309,364,673
40002,309,673,45.91381872213967,309,364,673
35020,309,673,45.91381872213967,309,364,673
18044,309,673,45.91381872213967,309,364,673
33009,309,673,45.91381872213967,309,364,673
35004,309,673,45.91381872213967,309,364,673
35002,309,673,45.91381872213967,309,364,673
15072,309,673,45.91381872213967,309,364,673
15111,309,673,45.91381872213967,309,364,673
15067,309,673,45.91381872213967,309,364,673
34009,309,673,45.91381872213967,309,364,673
4001,309,673,45.91381872213967,309,364,673
16025,309,673,45.91381872213967,309,364,673
31708,309,673,45.91381872213967,309,364,673
7008,310,673,46.062407132243685,310,363,673
21004,310,673,46.062407132243685,310,363,673
21011,310,673,46.062407132243685,310,363,673
13024,310,673,46.062407132243685,310,363,673
12154,310,673,46.062407132243685,310,363,673
13002,310,673,46.062407132243685,310,363,673
12165,310,673,46.062407132243685,310,363,673
13008,310,673,46.062407132243685,310,363,673
19202,310,673,46.062407132243685,310,363,673
21028,310,673,46.062407132243685,310,363,673
21031,310,673,46.062407132243685,310,363,673
12105,310,673,46.062407132243685,310,363,673
19125,310,673,46.062407132243685,310,363,673
20136,310,673,46.062407132243685,310,363,673
12013,310,673,46.062407132243685,310,363,673
20105,310,673,46.062407132243685,310,363,673
20037,310,673,46.062407132243685,310,363,673
10027,310,673,46.062407132243685,310,363,673
20039,310,673,46.062407132243685,310,363,673
14201,310,673,46.062407132243685,310,363,673
15014,310,673,46.062407132243685,310,363,673
4109,310,673,46.062407132243685,310,363,673
4110,310,673,46.062407132243685,310,363,673
21505,310,673,46.062407132243685,310,363,673
14133,310,673,46.062407132243685,310,363,673
42022,310,673,46.062407132243685,310,363,673
41203,310,673,46.062407132243685,310,363,673
21305,310,673,46.062407132243685,310,363,673
42504,310,673,46.062407132243685,310,363,673
42701,310,673,46.062407132243685,310,363,673
43009,310,673,46.062407132243685,310,363,673
19008,310,673,46.062407132243685,310,363,673
14032,310,673,46.062407132243685,310,363,673
14026,310,673,46.062407132243685,310,363,673
14025,310,673,46.062407132243685,310,363,673
44016,310,673,46.062407132243685,310,363,673
19016,310,673,46.062407132243685,310,363,673
13123,310,673,46.062407132243685,310,363,673
13202,310,673,46.062407132243685,310,363,673
13033,310,673,46.062407132243685,310,363,673
19044,310,673,46.062407132243685,310,363,673
13022,310,673,46.062407132243685,310,363,673
13018,310,673,46.062407132243685,310,363,673
48010,310,673,46.062407132243685,310,363,673
5024,310,673,46.062407132243685,310,363,673
5020,310,673,46.062407132243685,310,363,673
48005,310,673,46.062407132243685,310,363,673
19025,310,673,46.062407132243685,310,363,673
19033,310,673,46.062407132243685,310,363,673
21205,310,673,46.062407132243685,310,363,673
46002,310,673,46.062407132243685,310,363,673
5015,310,673,46.062407132243685,310,363,673
12032,310,673,46.062407132243685,310,363,673
8011,310,673,46.062407132243685,310,363,673
1117,310,673,46.062407132243685,310,363,673
11010,310,673,46.062407132243685,310,363,673
7015,310,673,46.062407132243685,310,363,673
20201,310,673,46.062407132243685,310,363,673
11014,310,673,46.062407132243685,310,363,673
8056,310,673,46.062407132243685,310,363,673
8048,310,673,46.062407132243685,310,363,673
8049,310,673,46.062407132243685,310,363,673
10115,310,673,46.062407132243685,310,363,673
8038,310,673,46.062407132243685,310,363,673
9002,310,673,46.062407132243685,310,363,673
1023,310,673,46.062407132243685,310,363,673
8057,310,673,46.062407132243685,310,363,673
12109,310,673,46.062407132243685,310,363,673
5121,310,673,46.062407132243685,310,363,673
16005,310,673,46.062407132243685,310,363,673
35005,310,673,46.062407132243685,310,363,673
35012,310,673,46.062407132243685,310,363,673
22017,310,673,46.062407132243685,310,363,673
22016,310,673,46.062407132243685,310,363,673
15114,310,673,46.062407132243685,310,363,673
15028,310,673,46.062407132243685,310,363,673
15050,310,673,46.062407132243685,310,363,673
22002,310,673,46.062407132243685,310,363,673
18135,310,673,46.062407132243685,310,363,673
41209,310,673,46.062407132243685,310,363,673
15069,310,673,46.062407132243685,310,363,673
15025,310,673,46.062407132243685,310,363,673
15070,310,673,46.062407132243685,310,363,673
16121,310,673,46.062407132243685,310,363,673
16102,310,673,46.062407132243685,310,363,673
17202,310,673,46.062407132243685,310,363,673
22507,310,673,46.062407132243685,310,363,673
16024,310,673,46.062407132243685,310,363,673
16039,310,673,46.062407132243685,310,363,673
18009,310,673,46.062407132243685,310,363,673
32015,310,673,46.062407132243685,310,363,673
15204,310,673,46.062407132243685,310,363,673
22403,310,673,46.062407132243685,310,363,673
15201,310,673,46.062407132243685,310,363,673
15311,310,673,46.062407132243685,310,363,673
35009,310,673,46.062407132243685,310,363,673
15104,310,673,46.062407132243685,310,363,673
27005,310,673,46.062407132243685,310,363,673
23101,310,673,46.062407132243685,310,363,673
24006,310,673,46.062407132243685,310,363,673
17024,310,673,46.062407132243685,310,363,673
23042,310,673,46.062407132243685,310,363,673
23010,310,673,46.062407132243685,310,363,673
10017,310,673,46.062407132243685,310,363,673
17045,310,673,46.062407132243685,310,363,673
23204,310,673,46.062407132243685,310,363,673
23903,310,673,46.062407132243685,310,363,673
10016,310,673,46.062407132243685,310,363,673
9017,310,673,46.062407132243685,310,363,673
9035,310,673,46.062407132243685,310,363,673
9026,310,673,46.062407132243685,310,363,673
10037,310,673,46.062407132243685,310,363,673
10034,311,673,46.210995542347696,311,362,673
10036,311,673,46.210995542347696,311,362,673
17043,311,673,46.210995542347696,311,362,673
10023,311,673,46.210995542347696,311,362,673
9022,311,673,46.210995542347696,311,362,673
9023,311,673,46.210995542347696,311,362,673
11006,311,673,46.210995542347696,311,362,673
8019,311,673,46.210995542347696,311,362,673
17033,311,673,46.210995542347696,311,362,673
11115,311,673,46.210995542347696,311,362,673
7010,311,673,46.210995542347696,311,362,673
7018,311,673,46.210995542347696,311,362,673
8025,311,673,46.210995542347696,311,362,673
20020,311,673,46.210995542347696,311,362,673
8051,311,673,46.210995542347696,311,362,673
5116,311,673,46.210995542347696,311,362,673
21008,311,673,46.210995542347696,311,362,673
21010,311,673,46.210995542347696,311,362,673
21014,311,673,46.210995542347696,311,362,673
17122,311,673,46.210995542347696,311,362,673
6108,311,673,46.210995542347696,311,362,673
17102,311,673,46.210995542347696,311,362,673
12036,311,673,46.210995542347696,311,362,673
7005,311,673,46.210995542347696,311,362,673
17018,311,673,46.210995542347696,311,362,673
23005,311,673,46.210995542347696,311,362,673
7004,311,673,46.210995542347696,311,362,673
7002,311,673,46.210995542347696,311,362,673
12017,311,673,46.210995542347696,311,362,673
12026,311,673,46.210995542347696,311,362,673
12027,311,673,46.210995542347696,311,362,673
11201,311,673,46.210995542347696,311,362,673
47004,311,673,46.210995542347696,311,362,673
21301,311,673,46.210995542347696,311,362,673
19029,311,673,46.210995542347696,311,362,673
19030,311,673,46.210995542347696,311,362,673
31706,311,673,46.210995542347696,311,362,673
32001,311,673,46.210995542347696,311,362,673
16021,311,673,46.210995542347696,311,362,673
31017,311,673,46.210995542347696,311,362,673
44012,311,673,46.210995542347696,311,362,673
21319,311,673,46.210995542347696,311,362,673
14034,311,673,46.210995542347696,311,362,673
42503,311,673,46.210995542347696,311,362,673
14125,311,673,46.210995542347696,311,362,673
21203,311,673,46.210995542347696,311,362,673
32011,311,673,46.210995542347696,311,362,673
5018,311,673,46.210995542347696,311,362,673
21033,311,673,46.210995542347696,311,362,673
13039,311,673,46.210995542347696,311,362,673
19110,311,673,46.210995542347696,311,362,673
21119,311,673,46.210995542347696,311,362,673
18004,311,673,46.210995542347696,311,362,673
17201,311,673,46.210995542347696,311,362,673
22602,311,673,46.210995542347696,311,362,673
16108,311,673,46.210995542347696,311,362,673
19130,311,673,46.210995542347696,311,362,673
16124,311,673,46.210995542347696,311,362,673
5032,311,673,46.210995542347696,311,362,673
31028,311,673,46.210995542347696,311,362,673
5115,311,673,46.210995542347696,311,362,673
19114,311,673,46.210995542347696,311,362,673
12204,311,673,46.210995542347696,311,362,673
27004,311,673,46.210995542347696,311,362,673
33103,311,673,46.210995542347696,311,362,673
15125,311,673,46.210995542347696,311,362,673
15128,311,673,46.210995542347696,311,362,673
15202,311,673,46.210995542347696,311,362,673
35003,311,673,46.210995542347696,311,362,673
15109,311,673,46.210995542347696,311,362,673
15112,311,673,46.210995542347696,311,362,673
21703,311,673,46.210995542347696,311,362,673
9012,311,673,46.210995542347696,311,362,673
35015,311,673,46.210995542347696,311,362,673
34010,311,673,46.210995542347696,311,362,673
10025,311,673,46.210995542347696,311,362,673
15027,311,673,46.210995542347696,311,362,673
15039,311,673,46.210995542347696,311,362,673
15043,311,673,46.210995542347696,311,362,673
15046,311,673,46.210995542347696,311,362,673
4107,311,673,46.210995542347696,311,362,673
15018,311,673,46.210995542347696,311,362,673
41604,311,673,46.210995542347696,311,362,673
18113,311,673,46.210995542347696,311,362,673
41204,311,673,46.210995542347696,311,362,673
15045,311,673,46.210995542347696,311,362,673
16013,311,673,46.210995542347696,311,362,673
16018,311,673,46.210995542347696,311,362,673
16014,311,673,46.210995542347696,311,362,673
14106,311,673,46.210995542347696,311,362,673
41102,311,673,46.210995542347696,311,362,673
20043,311,673,46.210995542347696,311,362,673
9113,311,673,46.210995542347696,311,362,673
10010,311,673,46.210995542347696,311,362,673
20111,311,673,46.210995542347696,311,362,673
2005,311,673,46.210995542347696,311,362,673
41606,311,673,46.210995542347696,311,362,673
21511,311,673,46.210995542347696,311,362,673
21509,311,673,46.210995542347696,311,362,673
42003,311,673,46.210995542347696,311,362,673
21501,311,673,46.210995542347696,311,362,673
17008,312,673,46.35958395245171,312,361,673
12035,312,673,46.35958395245171,312,361,673
6032,312,673,46.35958395245171,312,361,673
7201,312,673,46.35958395245171,312,361,673
11033,312,673,46.35958395245171,312,361,673
11038,312,673,46.35958395245171,312,361,673
20009,312,673,46.35958395245171,312,361,673
20134,312,673,46.35958395245171,312,361,673
12041,312,673,46.35958395245171,312,361,673
12106,312,673,46.35958395245171,312,361,673
12111,312,673,46.35958395245171,312,361,673
1007,312,673,46.35958395245171,312,361,673
10202,312,673,46.35958395245171,312,361,673
10165,312,673,46.35958395245171,312,361,673
1017,312,673,46.35958395245171,312,361,673
10151,312,673,46.35958395245171,312,361,673
9007,312,673,46.35958395245171,312,361,673
9032,312,673,46.35958395245171,312,361,673
23802,312,673,46.35958395245171,312,361,673
10032,312,673,46.35958395245171,312,361,673
20036,312,673,46.35958395245171,312,361,673
8202,312,673,46.35958395245171,312,361,673
12005,312,673,46.35958395245171,312,361,673
17025,312,673,46.35958395245171,312,361,673
8010,312,673,46.35958395245171,312,361,673
23107,312,673,46.35958395245171,312,361,673
10019,312,673,46.35958395245171,312,361,673
32019,312,673,46.35958395245171,312,361,673
32024,312,673,46.35958395245171,312,361,673
32305,312,673,46.35958395245171,312,361,673
32605,312,673,46.35958395245171,312,361,673
14010,312,673,46.35958395245171,312,361,673
14014,312,673,46.35958395245171,312,361,673
14019,312,673,46.35958395245171,312,361,673
44011,312,673,46.35958395245171,312,361,673
19003,312,673,46.35958395245171,312,361,673
13516,312,673,46.35958395245171,312,361,673
19019,312,673,46.35958395245171,312,361,673
19037,312,673,46.35958395245171,312,361,673
16043,312,673,46.35958395245171,312,361,673
13051,312,673,46.35958395245171,312,361,673
13113,312,673,46.35958395245171,312,361,673
45002,312,673,46.35958395245171,312,361,673
18008,312,673,46.35958395245171,312,361,673
31022,312,673,46.35958395245171,312,361,673
16123,312,673,46.35958395245171,312,361,673
27008,312,673,46.35958395245171,312,361,673
3008,312,673,46.35958395245171,312,361,673
21030,312,673,46.35958395245171,312,361,673
19115,312,673,46.35958395245171,312,361,673
19121,312,673,46.35958395245171,312,361,673
31026,312,673,46.35958395245171,312,361,673
19046,312,673,46.35958395245171,312,361,673
12127,312,673,46.35958395245171,312,361,673
13011,312,673,46.35958395245171,312,361,673
19113,312,673,46.35958395245171,312,361,673
17126,312,673,46.35958395245171,312,361,673
5022,312,673,46.35958395245171,312,361,673
5026,312,673,46.35958395245171,312,361,673
8026,312,673,46.35958395245171,312,361,673
17036,312,673,46.35958395245171,312,361,673
11042,312,673,46.35958395245171,312,361,673
10107,312,673,46.35958395245171,312,361,673
1025,312,673,46.35958395245171,312,361,673
15030,312,673,46.35958395245171,312,361,673
15068,312,673,46.35958395245171,312,361,673
15063,312,673,46.35958395245171,312,361,673
14116,312,673,46.35958395245171,312,361,673
16019,312,673,46.35958395245171,312,361,673
14113,312,673,46.35958395245171,312,361,673
16010,312,673,46.35958395245171,312,361,673
15057,312,673,46.35958395245171,312,361,673
4006,312,673,46.35958395245171,312,361,673
22306,312,673,46.35958395245171,312,361,673
18019,312,673,46.35958395245171,312,361,673
33014,312,673,46.35958395245171,312,361,673
40013,312,673,46.35958395245171,312,361,673
22014,312,673,46.35958395245171,312,361,673
15107,312,673,46.35958395245171,312,361,673
9101,312,673,46.35958395245171,312,361,673
9115,312,673,46.35958395245171,312,361,673
2006,312,673,46.35958395245171,312,361,673
10008,312,673,46.35958395245171,312,361,673
20113,312,673,46.35958395245171,312,361,673
10114,312,673,46.35958395245171,312,361,673
1001,313,673,46.50817236255572,313,360,673
11001,313,673,46.50817236255572,313,360,673
35017,313,673,46.50817236255572,313,360,673
35021,313,673,46.50817236255572,313,360,673
15108,313,673,46.50817236255572,313,360,673
33003,313,673,46.50817236255572,313,360,673
22103,313,673,46.50817236255572,313,360,673
18042,313,673,46.50817236255572,313,360,673
34013,313,673,46.50817236255572,313,360,673
15019,313,673,46.50817236255572,313,360,673
15042,313,673,46.50817236255572,313,360,673
15044,313,673,46.50817236255572,313,360,673
7109,313,673,46.50817236255572,313,360,673
9004,313,673,46.50817236255572,313,360,673
9001,313,673,46.50817236255572,313,360,673
20019,313,673,46.50817236255572,313,360,673
8201,313,673,46.50817236255572,313,360,673
18112,313,673,46.50817236255572,313,360,673
18114,313,673,46.50817236255572,313,360,673
4019,313,673,46.50817236255572,313,360,673
15008,313,673,46.50817236255572,313,360,673
18138,313,673,46.50817236255572,313,360,673
41304,313,673,46.50817236255572,313,360,673
42029,313,673,46.50817236255572,313,360,673
41206,313,673,46.50817236255572,313,360,673
22208,313,673,46.50817236255572,313,360,673
8001,313,673,46.50817236255572,313,360,673
8003,313,673,46.50817236255572,313,360,673
15003,313,673,46.50817236255572,313,360,673
15002,313,673,46.50817236255572,313,360,673
24101,313,673,46.50817236255572,313,360,673
25004,313,673,46.50817236255572,313,360,673
21507,313,673,46.50817236255572,313,360,673
21327,313,673,46.50817236255572,313,360,673
18201,313,673,46.50817236255572,313,360,673
12015,313,673,46.50817236255572,313,360,673
42015,313,673,46.50817236255572,313,360,673
8018,313,673,46.50817236255572,313,360,673
21323,313,673,46.50817236255572,313,360,673
14128,313,673,46.50817236255572,313,360,673
6104,313,673,46.50817236255572,313,360,673
32020,313,673,46.50817236255572,313,360,673
42208,313,673,46.50817236255572,313,360,673
6107,313,673,46.50817236255572,313,360,673
32603,313,673,46.50817236255572,313,360,673
17016,313,673,46.50817236255572,313,360,673
17011,313,673,46.50817236255572,313,360,673
19205,313,673,46.50817236255572,313,360,673
42018,313,673,46.50817236255572,313,360,673
21016,313,673,46.50817236255572,313,360,673
13007,313,673,46.50817236255572,313,360,673
31001,313,673,46.50817236255572,313,360,673
16118,313,673,46.50817236255572,313,360,673
16020,313,673,46.50817236255572,313,360,673
3201,313,673,46.50817236255572,313,360,673
21027,313,673,46.50817236255572,313,360,673
19013,313,673,46.50817236255572,313,360,673
19007,313,673,46.50817236255572,313,360,673
19127,313,673,46.50817236255572,313,360,673
2022,313,673,46.50817236255572,313,360,673
20016,313,673,46.50817236255572,313,360,673
12039,313,673,46.50817236255572,313,360,673
12115,313,673,46.50817236255572,313,360,673
5123,313,673,46.50817236255572,313,360,673
21303,313,673,46.50817236255572,313,360,673
44007,313,673,46.50817236255572,313,360,673
46001,313,673,46.50817236255572,313,360,673
16103,313,673,46.50817236255572,313,360,673
48008,313,673,46.50817236255572,313,360,673
5002,313,673,46.50817236255572,313,360,673
5003,313,673,46.50817236255572,313,360,673
5007,313,673,46.50817236255572,313,360,673
48004,313,673,46.50817236255572,313,360,673
48001,313,673,46.50817236255572,313,360,673
31012,313,673,46.50817236255572,313,360,673
19101,313,673,46.50817236255572,313,360,673
22501,313,673,46.50817236255572,313,360,673
32010,313,673,46.50817236255572,313,360,673
16032,313,673,46.50817236255572,313,360,673
18005,313,673,46.50817236255572,313,360,673
2102,313,673,46.50817236255572,313,360,673
92008,313,673,46.50817236255572,313,360,673
13020,313,673,46.50817236255572,313,360,673
5110,313,673,46.50817236255572,313,360,673
9116,313,673,46.50817236255572,313,360,673
21112,313,673,46.50817236255572,313,360,673
21115,313,673,46.50817236255572,313,360,673
10012,313,673,46.50817236255572,313,360,673
17040,313,673,46.50817236255572,313,360,673
10021,313,673,46.50817236255572,313,360,673
23206,313,673,46.50817236255572,313,360,673
31025,313,673,46.50817236255572,313,360,673
11002,314,673,46.65676077265973,314,359,673
20143,314,673,46.65676077265973,314,359,673
22206,314,673,46.65676077265973,314,359,673
22012,314,673,46.65676077265973,314,359,673
13515,314,673,46.65676077265973,314,359,673
32016,314,673,46.65676077265973,314,359,673
31303,314,673,46.65676077265973,314,359,673
17050,314,673,46.65676077265973,314,359,673
42703,314,673,46.65676077265973,314,359,673
27001,314,673,46.65676077265973,314,359,673
14101,314,673,46.65676077265973,314,359,673
6016,314,673,46.65676077265973,314,359,673
14122,314,673,46.65676077265973,314,359,673
12009,314,673,46.65676077265973,314,359,673
1116,314,673,46.65676077265973,314,359,673
20033,314,673,46.65676077265973,314,359,673
17022,314,673,46.65676077265973,314,359,673
16015,314,673,46.65676077265973,314,359,673
25008,314,673,46.65676077265973,314,359,673
41211,314,673,46.65676077265973,314,359,673
11043,314,673,46.65676077265973,314,359,673
17028,314,673,46.65676077265973,314,359,673
26009,314,673,46.65676077265973,314,359,673
15131,314,673,46.65676077265973,314,359,673
20203,314,673,46.65676077265973,314,359,673
15052,314,673,46.65676077265973,314,359,673
41402,314,673,46.65676077265973,314,359,673
20030,314,673,46.65676077265973,314,359,673
22018,314,673,46.65676077265973,314,359,673
1008,314,673,46.65676077265973,314,359,673
40007,314,673,46.65676077265973,314,359,673
20104,314,673,46.65676077265973,314,359,673
40006,314,673,46.65676077265973,314,359,673
9008,314,673,46.65676077265973,314,359,673
40014,314,673,46.65676077265973,314,359,673
40012,314,673,46.65676077265973,314,359,673
23702,314,673,46.65676077265973,314,359,673
21104,314,673,46.65676077265973,314,359,673
12157,314,673,46.65676077265973,314,359,673
10110,314,673,46.65676077265973,314,359,673
11109,314,673,46.65676077265973,314,359,673
8031,314,673,46.65676077265973,314,359,673
18110,314,673,46.65676077265973,314,359,673
21310,314,673,46.65676077265973,314,359,673
9019,314,673,46.65676077265973,314,359,673
21706,314,673,46.65676077265973,314,359,673
22102,314,673,46.65676077265973,314,359,673
19045,314,673,46.65676077265973,314,359,673
47007,314,673,46.65676077265973,314,359,673
22603,314,673,46.65676077265973,314,359,673
45005,314,673,46.65676077265973,314,359,673
51004,314,673,46.65676077265973,314,359,673
47008,314,673,46.65676077265973,314,359,673
16201,314,673,46.65676077265973,314,359,673
13037,314,673,46.65676077265973,314,359,673
43402,314,673,46.65676077265973,314,359,673
20122,314,673,46.65676077265973,314,359,673
20044,314,673,46.65676077265973,314,359,673
31703,314,673,46.65676077265973,314,359,673
16036,314,673,46.65676077265973,314,359,673
32003,314,673,46.65676077265973,314,359,673
44103,314,673,46.65676077265973,314,359,673
12038,314,673,46.65676077265973,314,359,673
44008,314,673,46.65676077265973,314,359,673
44014,314,673,46.65676077265973,314,359,673
16105,314,673,46.65676077265973,314,359,673
44002,314,673,46.65676077265973,314,359,673
30002,315,673,46.80534918276374,315,358,673
20022,315,673,46.80534918276374,315,358,673
32021,315,673,46.80534918276374,315,358,673
10166,315,673,46.80534918276374,315,358,673
1024,315,673,46.80534918276374,315,358,673
31702,315,673,46.80534918276374,315,358,673
26013,315,673,46.80534918276374,315,358,673
32301,315,673,46.80534918276374,315,358,673
14030,315,673,46.80534918276374,315,358,673
21320,315,673,46.80534918276374,315,358,673
21402,315,673,46.80534918276374,315,358,673
12031,315,673,46.80534918276374,315,358,673
12001,315,673,46.80534918276374,315,358,673
11040,315,673,46.80534918276374,315,358,673
11031,315,673,46.80534918276374,315,358,673
8016,315,673,46.80534918276374,315,358,673
41101,315,673,46.80534918276374,315,358,673
7202,315,673,46.80534918276374,315,358,673
41212,315,673,46.80534918276374,315,358,673
20035,315,673,46.80534918276374,315,358,673
18033,315,673,46.80534918276374,315,358,673
34011,315,673,46.80534918276374,315,358,673
9016,315,673,46.80534918276374,315,358,673
8044,315,673,46.80534918276374,315,358,673
2017,315,673,46.80534918276374,315,358,673
15123,315,673,46.80534918276374,315,358,673
33012,315,673,46.80534918276374,315,358,673
21708,315,673,46.80534918276374,315,358,673
21953,315,673,46.80534918276374,315,358,673
26008,315,673,46.80534918276374,315,358,673
26004,315,673,46.80534918276374,315,358,673
26002,315,673,46.80534918276374,315,358,673
17032,315,673,46.80534918276374,315,358,673
12034,315,673,46.80534918276374,315,358,673
28001,315,673,46.80534918276374,315,358,673
32017,315,673,46.80534918276374,315,358,673
22505,315,673,46.80534918276374,315,358,673
6017,315,673,46.80534918276374,315,358,673
16101,315,673,46.80534918276374,315,358,673
22604,315,673,46.80534918276374,315,358,673
22701,315,673,46.80534918276374,315,358,673
43002,315,673,46.80534918276374,315,358,673
13055,315,673,46.80534918276374,315,358,673
19015,315,673,46.80534918276374,315,358,673
7024,315,673,46.80534918276374,315,358,673
25009,315,673,46.80534918276374,315,358,673
3007,315,673,46.80534918276374,315,358,673
19038,315,673,46.80534918276374,315,358,673
48012,315,673,46.80534918276374,315,358,673
16115,315,673,46.80534918276374,315,358,673
5105,315,673,46.80534918276374,315,358,673
9029,315,673,46.80534918276374,315,358,673
13048,315,673,46.80534918276374,315,358,673
19041,315,673,46.80534918276374,315,358,673
13013,315,673,46.80534918276374,315,358,673
23301,315,673,46.80534918276374,315,358,673
17046,315,673,46.80534918276374,315,358,673
17047,316,673,46.95393759286775,316,357,673
17044,316,673,46.95393759286775,316,357,673
23203,316,673,46.95393759286775,316,357,673
9106,316,673,46.95393759286775,316,357,673
1015,316,673,46.95393759286775,316,357,673
20108,316,673,46.95393759286775,316,357,673
12129,316,673,46.95393759286775,316,357,673
2004,316,673,46.95393759286775,316,357,673
17127,316,673,46.95393759286775,316,357,673
48003,316,673,46.95393759286775,316,357,673
19124,316,673,46.95393759286775,316,357,673
5005,316,673,46.95393759286775,316,357,673
31021,316,673,46.95393759286775,316,357,673
5016,316,673,46.95393759286775,316,357,673
47001,316,673,46.95393759286775,316,357,673
31707,316,673,46.95393759286775,316,357,673
18204,316,673,46.95393759286775,316,357,673
12166,316,673,46.95393759286775,316,357,673
16122,316,673,46.95393759286775,316,357,673
21019,316,673,46.95393759286775,316,357,673
13053,316,673,46.95393759286775,316,357,673
45001,316,673,46.95393759286775,316,357,673
13104,316,673,46.95393759286775,316,357,673
13102,316,673,46.95393759286775,316,357,673
45004,316,673,46.95393759286775,316,357,673
21316,316,673,46.95393759286775,316,357,673
14023,316,673,46.95393759286775,316,357,673
17021,316,673,46.95393759286775,316,357,673
32302,316,673,46.95393759286775,316,357,673
31301,316,673,46.95393759286775,316,357,673
28005,316,673,46.95393759286775,316,357,673
20140,316,673,46.95393759286775,316,357,673
14110,316,673,46.95393759286775,316,357,673
11103,316,673,46.95393759286775,316,357,673
16007,316,673,46.95393759286775,316,357,673
22305,316,673,46.95393759286775,316,357,673
18012,316,673,46.95393759286775,316,357,673
21308,316,673,46.95393759286775,316,357,673
21307,316,673,46.95393759286775,316,357,673
21508,316,673,46.95393759286775,316,357,673
21315,316,673,46.95393759286775,316,357,673
25002,316,673,46.95393759286775,316,357,673
15032,316,673,46.95393759286775,316,357,673
21951,316,673,46.95393759286775,316,357,673
18111,316,673,46.95393759286775,316,357,673
26010,316,673,46.95393759286775,316,357,673
41403,316,673,46.95393759286775,316,357,673
9005,316,673,46.95393759286775,316,357,673
17026,316,673,46.95393759286775,316,357,673
10161,316,673,46.95393759286775,316,357,673
8040,316,673,46.95393759286775,316,357,673
35018,316,673,46.95393759286775,316,357,673
13027,317,673,47.102526002971764,317,356,673
21216,317,673,47.102526002971764,317,356,673
13118,317,673,47.102526002971764,317,356,673
42019,317,673,47.102526002971764,317,356,673
17039,317,673,47.102526002971764,317,356,673
31024,317,673,47.102526002971764,317,356,673
16129,317,673,47.102526002971764,317,356,673
45003,317,673,47.102526002971764,317,356,673
30005,317,673,47.102526002971764,317,356,673
22302,317,673,47.102526002971764,317,356,673
22207,317,673,47.102526002971764,317,356,673
16009,317,673,47.102526002971764,317,356,673
18139,317,673,47.102526002971764,317,356,673
18109,317,673,47.102526002971764,317,356,673
21955,317,673,47.102526002971764,317,356,673
41303,317,673,47.102526002971764,317,356,673
23106,317,673,47.102526002971764,317,356,673
26012,317,673,47.102526002971764,317,356,673
8009,317,673,47.102526002971764,317,356,673
32026,317,673,47.102526002971764,317,356,673
42016,317,673,47.102526002971764,317,356,673
8549,317,673,47.102526002971764,317,356,673
18045,317,673,47.102526002971764,317,356,673
5107,317,673,47.102526002971764,317,356,673
8103,317,673,47.102526002971764,317,356,673
2013,317,673,47.102526002971764,317,356,673
23304,317,673,47.102526002971764,317,356,673
9036,317,673,47.102526002971764,317,356,673
34005,317,673,47.102526002971764,317,356,673
34008,317,673,47.102526002971764,317,356,673
18107,317,673,47.102526002971764,317,356,673
24007,317,673,47.102526002971764,317,356,673
20142,317,673,47.102526002971764,317,356,673
22601,318,673,47.251114413075776,318,355,673
19105,318,673,47.251114413075776,318,355,673
20119,318,673,47.251114413075776,318,355,673
16140,318,673,47.251114413075776,318,355,673
18025,318,673,47.251114413075776,318,355,673
6021,318,673,47.251114413075776,318,355,673
31103,318,673,47.251114413075776,318,355,673
12016,318,673,47.251114413075776,318,355,673
40016,318,673,47.251114413075776,318,355,673
22409,318,673,47.251114413075776,318,355,673
25006,318,673,47.251114413075776,318,355,673
51001,318,673,47.251114413075776,318,355,673
9020,318,673,47.251114413075776,318,355,673
34012,318,673,47.251114413075776,318,355,673
40009,318,673,47.251114413075776,318,355,673
9038,318,673,47.251114413075776,318,355,673
23205,318,673,47.251114413075776,318,355,673
20118,318,673,47.251114413075776,318,355,673
44015,318,673,47.251114413075776,318,355,673
7003,318,673,47.251114413075776,318,355,673
51008,318,673,47.251114413075776,318,355,673
48011,318,673,47.251114413075776,318,355,673
14013,318,673,47.251114413075776,318,355,673
21510,318,673,47.251114413075776,318,355,673
44010,319,673,47.39970282317979,319,354,673
42304,319,673,47.39970282317979,319,354,673
42305,319,673,47.39970282317979,319,354,673
21954,319,673,47.39970282317979,319,354,673
14112,319,673,47.39970282317979,319,354,673
41401,319,673,47.39970282317979,319,354,673
15047,319,673,47.39970282317979,319,354,673
4003,319,673,47.39970282317979,319,354,673
12202,319,673,47.39970282317979,319,354,673
20004,319,673,47.39970282317979,319,354,673
25010,319,673,47.39970282317979,319,354,673
16138,319,673,47.39970282317979,319,354,673
92003,319,673,47.39970282317979,319,354,673
23202,319,673,47.39970282317979,319,354,673
21118,319,673,47.39970282317979,319,354,673
22703,319,673,47.39970282317979,319,354,673
16104,319,673,47.39970282317979,319,354,673
44017,319,673,47.39970282317979,319,354,673
23303,319,673,47.39970282317979,319,354,673
40001,319,673,47.39970282317979,319,354,673
9021,319,673,47.39970282317979,319,354,673
16003,319,673,47.39970282317979,319,354,673
20023,319,673,47.39970282317979,319,354,673
92007,319,673,47.39970282317979,319,354,673
40011,319,673,47.39970282317979,319,354,673
2020,319,673,47.39970282317979,319,354,673
18039,320,673,47.5482912332838,320,353,673
51007,320,673,47.5482912332838,320,353,673
23201,320,673,47.5482912332838,320,353,673
16110,320,673,47.5482912332838,320,353,673
42301,320,673,47.5482912332838,320,353,673
8053,320,673,47.5482912332838,320,353,673
23104,321,673,47.69687964338782,321,352,673
21328,321,673,47.69687964338782,321,352,673
12164,321,673,47.69687964338782,321,352,673
8050,321,673,47.69687964338782,321,352,673
41210,321,673,47.69687964338782,321,352,673
14108,321,673,47.69687964338782,321,352,673
26011,321,673,47.69687964338782,321,352,673
31101,322,673,47.84546805349183,322,351,673
21326,323,673,47.99405646359584,323,350,673
92002,324,673,48.14264487369985,324,349,673
17048,325,673,48.29123328380386,325,348,673
21514,326,673,48.439821693907874,326,347,673
