zone,occ_mean,penury_rate,saturation_rate,cap_sum,n_obs
48.886|2.23,0.0,1.0,1.0,3588.0,156
48.851|2.362,0.0,1.0,1.0,1872.0,156
48.885|2.26,0.0,1.0,1.0,2808.0,156
48.841|2.278,0.0,1.0,1.0,10140.0,156
48.872|2.3,0.0,1.0,1.0,3900.0,156
48.894|2.432,0.0,1.0,1.0,156.0,156
48.85|2.452,0.0,1.0,1.0,3900.0,156
48.901|2.213,0.0,1.0,1.0,3120.0,156
48.862|2.284,0.0,1.0,1.0,4680.0,156
48.763|2.338,0.0,1.0,1.0,156.0,156
48.932|2.398,0.0,1.0,1.0,4680.0,156
48.783|2.407,0.0,1.0,1.0,7176.0,156
48.877|2.392,0.0,1.0,1.0,4524.0,156
48.867|2.339,0.008547008547008546,0.7435897435897436,1.0,4680.0,156
48.877|2.37,0.017558528428093644,0.5961538461538461,1.0,3588.0,156
48.821|2.452,0.027014652014652012,0.19047619047619047,1.0,2184.0,21
48.878|2.441,0.04389880952380952,0.3541666666666667,1.0,6720.0,240
48.783|2.243,0.0488441461595824,0.24496644295302014,1.0,8046.0,298
48.879|2.412,0.08152077807250221,0.296551724137931,1.0,11310.0,290
48.836|2.48,0.09155524278676988,0.10689655172413794,1.0,14210.0,290
48.794|2.273,0.09337228041901692,0.14383561643835616,1.0,9928.0,292
48.822|2.299,0.0944302176696543,0.16549295774647887,1.0,9372.0,284
48.884|2.44,0.09533468559837728,0.1695501730103806,1.0,8381.0,289
48.875|2.406,0.09913194444444445,0.1875,1.0,5760.0,288
48.83|2.296,0.10070088641517212,0.07142857142857142,1.0,9702.0,294
48.787|2.228,0.10208142026323844,0.38047138047138046,1.0,6534.0,297
48.839|2.316,0.1027221366204417,0.04406779661016949,1.0,9735.0,295
48.869|2.409,0.10298850574712644,0.3103448275862069,1.0,4350.0,290
48.871|2.424,0.10419004863449308,0.2727272727272727,1.0,5346.0,297
48.833|2.299,0.1116417139907073,0.06040268456375839,1.0,15496.0,298
48.864|2.277,0.11399217221135029,0.04452054794520548,1.0,10220.0,292
48.871|2.399,0.11465443686006827,0.13310580204778158,1.0,9376.0,293
48.894|2.398,0.11523144218841809,0.02422145328719723,1.0,15317.0,289
48.871|2.281,0.11586570111915734,0.08843537414965986,1.0,9114.0,294
48.87|2.397,0.11636363636363638,0.2255892255892256,1.0,7425.0,297
48.864|2.416,0.11680555555555555,0.03819444444444445,1.0,14400.0,288
48.858|2.415,0.11692034673401133,0.07357859531772576,1.0,14651.0,299
48.802|2.316,0.11769759450171821,0.07903780068728522,1.0,6984.0,291
48.828|2.292,0.11968581246931763,0.13402061855670103,1.0,10185.0,291
48.824|2.308,0.11986746361746363,0.0472972972972973,1.0,15392.0,296
48.857|2.282,0.12026559431403723,0.0034602076124567475,1.0,10693.0,289
48.876|2.468,0.12043855342824414,0.14776632302405499,1.0,6111.0,291
48.869|2.266,0.12071759259259258,0.034722222222222224,1.0,8640.0,288
48.876|2.501,0.12072259857564702,0.10561056105610561,1.0,5757.0,303
48.853|2.268,0.12155374483759347,0.0,1.0,17918.0,289
48.876|2.4,0.1222018042098229,0.18835616438356165,1.0,11972.0,292
48.826|2.3,0.1223728813559322,0.020338983050847456,1.0,8850.0,295
48.872|2.392,0.12237762237762238,0.02097902097902098,1.0,11440.0,286
48.858|2.192,0.12248322147651007,0.0,1.0,8940.0,298
48.875|2.284,0.12305675220078664,0.099644128113879,1.0,10678.0,281
48.828|2.418,0.12333333333333334,0.0,1.0,14100.0,282
48.793|2.363,0.12403216200119119,0.2602739726027397,1.0,6716.0,292
48.881|2.425,0.12521331058020477,0.07508532423208192,1.0,9376.0,293
48.856|2.426,0.1255670895809304,0.058823529411764705,1.0,13005.0,289
48.849|2.475,0.12642140468227422,0.07692307692307693,1.0,5980.0,299
48.858|2.255,0.12686733556298774,0.11705685618729098,1.0,8970.0,299
48.873|2.401,0.1269503546099291,0.09574468085106383,1.0,7050.0,282
48.861|2.406,0.12737087831922966,0.07718120805369127,1.0,6854.0,298
48.87|2.336,0.12884012539184955,0.0,1.0,12760.0,290
48.866|2.283,0.13072955047899779,0.10508474576271186,1.0,6785.0,295
48.877|2.446,0.13186440677966102,0.03389830508474576,1.0,5900.0,295
48.874|2.224,0.1324829931972789,0.023809523809523808,1.0,5880.0,294
48.868|2.411,0.13259515570934255,0.23183391003460208,1.0,7225.0,289
48.826|2.189,0.133078231292517,0.05442176870748299,1.0,7056.0,294
48.879|2.325,0.13414789359806542,0.17869415807560138,1.0,7857.0,291
48.878|2.396,0.13450363196125908,0.09830508474576272,1.0,8260.0,295
48.868|2.447,0.13458141999293535,0.06711409395973154,1.0,11324.0,298
48.883|2.326,0.13541666666666666,0.003472222222222222,1.0,13536.0,288
48.877|2.408,0.13555015466195316,0.1232876712328767,1.0,9052.0,292
48.865|2.399,0.13597513597513597,0.13286713286713286,1.0,7722.0,286
48.884|2.414,0.13611111111111113,0.06944444444444445,1.0,5760.0,288
48.816|2.369,0.13624567474048443,0.0657439446366782,1.0,11560.0,289
48.885|2.344,0.13667052469135801,0.0763888888888889,1.0,10368.0,288
48.819|2.292,0.13671399594320488,0.020689655172413793,1.0,14790.0,290
48.817|2.324,0.13697318007662834,0.06896551724137931,1.0,10440.0,290
48.83|2.323,0.1376271186440678,0.010169491525423728,1.0,13275.0,295
48.883|2.345,0.13763901642689522,0.010101010101010102,1.0,9801.0,297
48.883|2.433,0.1390960451977401,0.13220338983050847,1.0,8850.0,295
48.858|2.274,0.13921826965305226,0.08417508417508418,1.0,6831.0,297
48.883|2.35,0.14023452518262208,0.01384083044982699,1.0,10404.0,289
48.879|2.379,0.14047619047619048,0.1870748299319728,1.0,5880.0,294
48.804|2.285,0.14077788649706457,0.0547945205479452,1.0,8176.0,292
48.885|2.353,0.1421239636794315,0.006711409395973154,1.0,10132.0,298
48.868|2.281,0.14216271533344704,0.02097902097902098,1.0,11726.0,286
48.795|2.359,0.14256756756756758,0.14189189189189189,1.0,8880.0,296
48.812|2.304,0.14296948726014472,0.09342560553633218,1.0,6358.0,289
48.857|2.478,0.14457472178060415,0.013513513513513514,1.0,10064.0,296
48.864|2.282,0.14496137955811028,0.07849829351535836,1.0,11134.0,293
48.791|2.287,0.14527027027027026,0.013513513513513514,1.0,10064.0,296
48.88|2.401,0.14593029268797186,0.04778156996587031,1.0,9669.0,293
48.796|2.317,0.1465876673249945,0.05782312925170068,1.0,9114.0,294
48.881|2.42,0.14668989547038327,0.03484320557491289,1.0,14350.0,287
48.883|2.324,0.1468388030888031,0.060810810810810814,1.0,8288.0,296
48.831|2.312,0.1471264367816092,0.027586206896551724,1.0,8700.0,290
48.892|2.385,0.14729064039408868,0.020689655172413793,1.0,12180.0,290
48.874|2.386,0.14891041162227603,0.0576271186440678,1.0,12390.0,295
48.88|2.321,0.14965986394557823,0.017006802721088437,1.0,7644.0,294
48.865|2.408,0.14965986394557823,0.17006802721088435,1.0,9702.0,294
48.897|2.401,0.15136986301369865,0.0,1.0,17520.0,292
48.801|2.262,0.15140993265993266,0.017361111111111112,1.0,9504.0,288
48.828|2.321,0.15151515151515152,0.08754208754208755,1.0,7425.0,297
48.881|2.376,0.15157280568239473,0.010273972602739725,1.0,7884.0,292
48.82|2.323,0.15170068027210884,0.023809523809523808,1.0,7350.0,294
48.853|2.411,0.15205811138014527,0.04745762711864407,1.0,8260.0,295
48.809|2.318,0.1527491408934708,0.030927835051546393,1.0,5820.0,291
48.881|2.35,0.15300925925925923,0.14583333333333334,1.0,8640.0,288
48.88|2.288,0.15402542372881356,0.07796610169491526,1.0,14160.0,295
48.859|2.427,0.15425735013363878,0.0,1.0,13095.0,291
48.868|2.385,0.1543990799309948,0.033783783783783786,1.0,13912.0,296
48.872|2.223,0.15443686006825938,0.16040955631399317,1.0,7032.0,293
48.885|2.335,0.15454007690032534,0.003401360544217687,1.0,6762.0,294
48.891|2.349,0.15473735886107018,0.07903780068728522,1.0,10185.0,291
48.799|2.283,0.1552542372881356,0.07457627118644068,1.0,7375.0,295
48.837|2.313,0.15532646048109966,0.13402061855670103,1.0,5820.0,291
48.875|2.367,0.15545977011494252,0.006896551724137931,1.0,17400.0,290
48.87|2.285,0.15561643835616437,0.06164383561643835,1.0,7300.0,292
48.847|2.4,0.1556316590563166,0.04452054794520548,1.0,10512.0,292
48.882|2.352,0.15607056381874784,0.010169491525423728,1.0,14455.0,295
48.854|2.396,0.15607849033907223,0.028268551236749116,1.0,13301.0,283
48.867|2.406,0.15610169491525425,0.11864406779661017,1.0,5900.0,295
48.823|2.297,0.15632375399139248,0.03741496598639456,1.0,14406.0,294
48.871|2.289,0.15714285714285714,0.09333333333333334,1.0,10500.0,300
48.81|2.3,0.15762962962962965,0.0,1.0,13500.0,300
48.852|2.393,0.15794405997693195,0.006920415224913495,1.0,13872.0,289
48.863|2.416,0.1583245521601686,0.023972602739726026,1.0,7592.0,292
48.853|2.404,0.15852029914529914,0.1875,1.0,7488.0,288
48.897|2.344,0.15859140859140858,0.03146853146853147,1.0,16016.0,286
48.788|2.291,0.1586480237806892,0.027303754266211604,1.0,9083.0,293
48.899|2.33,0.15870445344129555,0.0912280701754386,1.0,7410.0,285
48.88|2.375,0.15928819444444445,0.1076388888888889,1.0,6912.0,288
48.825|2.293,0.15972318339100347,0.06920415224913495,1.0,7225.0,289
48.878|2.327,0.16057993730407524,0.03793103448275862,1.0,12760.0,290
48.879|2.416,0.16075085324232083,0.06825938566552901,1.0,5860.0,293
48.847|2.479,0.16099773242630386,0.2585034013605442,1.0,4410.0,294
48.876|2.456,0.16101694915254236,0.15932203389830507,1.0,5900.0,295
48.875|2.36,0.1610644257703081,0.1326530612244898,1.0,4998.0,294
48.864|2.411,0.16124567474048443,0.23875432525951557,1.0,5780.0,289
48.878|2.289,0.1613387495584599,0.003355704697986577,1.0,11324.0,298
48.792|2.298,0.1613943488943489,0.11824324324324324,1.0,6512.0,296
48.857|2.445,0.16161121983039792,0.00684931506849315,1.0,12264.0,292
48.891|2.345,0.16168825447175963,0.030927835051546393,1.0,11349.0,291
48.817|2.319,0.1617566830332788,0.028368794326241134,1.0,7332.0,282
48.87|2.45,0.16206563706563706,0.0472972972972973,1.0,10360.0,296
48.839|2.461,0.16261501210653753,0.0,1.0,10325.0,295
48.8|2.357,0.16286689419795222,0.11262798634812286,1.0,7325.0,293
48.831|2.292,0.16301419076701995,0.0,1.0,11134.0,293
48.815|2.321,0.16332055041732463,0.08391608391608392,1.0,8866.0,286
48.838|2.397,0.16396396396396395,0.033783783783783786,1.0,13320.0,296
48.864|2.272,0.16420174440652255,0.11262798634812286,1.0,5274.0,293
48.87|2.389,0.16424010217113663,0.07931034482758621,1.0,7830.0,290
48.882|2.32,0.16488642860855554,0.11492281303602059,1.0,17155.0,583
48.888|2.31,0.16502568493150685,0.02054794520547945,1.0,9344.0,292
48.813|2.192,0.16510770975056688,0.11224489795918367,1.0,7056.0,294
48.889|2.311,0.16542235494880547,0.06825938566552901,1.0,9376.0,293
48.825|2.41,0.16544827586206898,0.006896551724137931,1.0,14500.0,290
48.863|2.403,0.166013437849944,0.0,1.0,10716.0,282
48.869|2.395,0.16601916601916603,0.12794612794612795,1.0,7722.0,297
48.829|2.329,0.16608594657375145,0.024390243902439025,1.0,8610.0,287
48.834|2.413,0.16621160409556315,0.0,1.0,17580.0,293
48.885|2.436,0.16627450980392158,0.14,1.0,5100.0,300
48.828|2.306,0.16688368055555555,0.006944444444444444,1.0,9216.0,288
48.888|2.334,0.16695205479452055,0.17465753424657535,1.0,7008.0,292
48.821|2.215,0.16724336793540948,0.006920415224913495,1.0,9537.0,289
48.779|2.289,0.16758185885702664,0.013422818791946308,1.0,9834.0,298
48.797|2.291,0.16950646298472385,0.04391891891891892,1.0,6808.0,296
48.862|2.444,0.16974240676662822,0.010380622837370242,1.0,10404.0,289
48.867|2.396,0.16986301369863013,0.0958904109589041,1.0,5840.0,292
48.869|2.392,0.1705552541146681,0.2027491408934708,1.0,5529.0,291
48.843|2.313,0.17057022262683108,0.014234875444839857,1.0,12083.0,281
48.875|2.415,0.17061021170610213,0.2534246575342466,1.0,6424.0,292
48.878|2.345,0.17094502498864153,0.0035211267605633804,1.0,8804.0,284
48.816|2.267,0.171145196632453,0.016722408026755852,1.0,8671.0,299
48.862|2.275,0.17128839590443687,0.13310580204778158,1.0,4688.0,293
48.821|2.303,0.17167312661498707,0.027777777777777776,1.0,12384.0,288
48.896|2.381,0.17212466381901598,0.027210884353741496,1.0,12642.0,294
48.866|2.276,0.17230619210141396,0.030716723549488054,1.0,10255.0,293
48.865|2.394,0.17231237322515214,0.12413793103448276,1.0,9860.0,290
48.862|2.411,0.17257318952234205,0.0,1.0,6490.0,295
48.854|2.47,0.17275862068965517,0.1724137931034483,1.0,5800.0,290
48.865|2.205,0.17285478547854785,0.0033003300330033004,1.0,7272.0,303
48.795|2.373,0.1729064930367155,0.15120274914089346,1.0,5529.0,291
48.84|2.315,0.172993672993673,0.08741258741258741,1.0,6006.0,286
48.826|2.321,0.17302405498281787,0.08247422680412371,1.0,11640.0,291
48.882|2.393,0.17305761895201766,0.2354948805460751,1.0,4981.0,293
48.809|2.188,0.17322033898305086,0.0,1.0,5900.0,295
48.869|2.381,0.17412969283276453,0.07849829351535836,1.0,14650.0,293
48.864|2.392,0.17424242424242425,0.13131313131313133,1.0,5940.0,297
48.846|2.472,0.17458267090620033,0.0,1.0,10064.0,296
48.825|2.311,0.17471152283438973,0.12627986348122866,1.0,6153.0,293
48.815|2.361,0.17503448275862069,0.07241379310344828,1.0,7250.0,290
48.883|2.346,0.17530266343825665,0.03389830508474576,1.0,6195.0,295
48.884|2.396,0.17588038559905567,0.06354515050167224,1.0,5083.0,299
48.893|2.352,0.17623152709359605,0.11724137931034483,1.0,8120.0,290
48.873|2.195,0.1763937282229965,0.07317073170731707,1.0,6888.0,287
48.89|2.349,0.17643700038066237,0.02464788732394366,1.0,10508.0,284
48.814|2.307,0.17666232073011734,0.05084745762711865,1.0,7670.0,295
48.875|2.296,0.1766797013864202,0.010309278350515464,1.0,8439.0,291
48.807|2.354,0.17674684994272621,0.041237113402061855,1.0,8730.0,291
48.835|2.313,0.1771901211556384,0.033783783783783786,1.0,8584.0,296
48.883|2.331,0.1773023023023023,0.04391891891891892,1.0,7992.0,296
48.875|2.297,0.1778337003250498,0.17301038062283736,1.0,9537.0,289
48.893|2.412,0.17789473684210527,0.08070175438596491,1.0,8550.0,285
48.809|2.335,0.17813637082740072,0.003401360544217687,1.0,12642.0,294
48.832|2.314,0.17827586206896553,0.013793103448275862,1.0,8700.0,290
48.865|2.443,0.17859308671922378,0.003436426116838488,1.0,9894.0,291
48.834|2.329,0.17869101978691018,0.010273972602739725,1.0,13140.0,292
48.846|2.341,0.17913213066796685,0.034129692832764506,1.0,10255.0,293
48.847|2.327,0.17925379870618324,0.010380622837370242,1.0,13294.0,289
48.805|2.188,0.18006993006993008,0.0,1.0,5148.0,286
48.899|2.352,0.18021778584392015,0.013793103448275862,1.0,11020.0,290
48.845|2.342,0.18040907638223075,0.03355704697986577,1.0,12516.0,298
48.864|2.398,0.18056211620217288,0.02054794520547945,1.0,8468.0,292
48.891|2.351,0.18065783014236622,0.0,1.0,10185.0,291
48.853|2.263,0.1813063063063063,0.04054054054054054,1.0,12432.0,296
48.827|2.406,0.181862506094588,0.010238907849829351,1.0,10255.0,293
48.871|2.404,0.18232758620689654,0.1206896551724138,1.0,6960.0,290
48.827|2.309,0.18233719892952718,0.01694915254237288,1.0,5605.0,295
48.875|2.299,0.18250058644147313,0.047619047619047616,1.0,8526.0,294
48.882|2.403,0.1827593722755013,0.0945945945945946,1.0,9176.0,296
48.884|2.313,0.18308738425925924,0.0,1.0,13824.0,288
48.833|2.244,0.1837617399901137,0.05536332179930796,1.0,16184.0,289
48.886|2.292,0.18390376984126985,0.017361111111111112,1.0,8064.0,288
48.783|2.381,0.18417737465356512,0.1292517006802721,1.0,7938.0,294
48.896|2.346,0.18467383246849517,0.0035211267605633804,1.0,10792.0,284
48.872|2.299,0.1852357676825762,0.08445945945945946,1.0,13912.0,296
48.862|2.196,0.18573148705599038,0.08609271523178808,1.0,6644.0,302
48.84|2.397,0.1870689655172414,0.07241379310344828,1.0,10440.0,290
48.805|2.364,0.1872046872046872,0.0034965034965034965,1.0,10582.0,286
48.837|2.307,0.18740858117991224,0.06484641638225255,1.0,16408.0,293
48.878|2.381,0.18741496598639457,0.047619047619047616,1.0,5880.0,294
48.781|2.355,0.18758389261744965,0.06711409395973154,1.0,5960.0,298
48.878|2.411,0.1876034301188506,0.05536332179930796,1.0,6647.0,289
48.882|2.314,0.18771929824561404,0.006578947368421052,1.0,9120.0,304
48.86|2.437,0.18829839102876644,0.023890784982935155,1.0,10255.0,293
48.852|2.398,0.1884494664155681,0.030508474576271188,1.0,7965.0,295
48.863|2.209,0.1885665529010239,0.0,1.0,7032.0,293
48.843|2.327,0.18859957776213934,0.02413793103448276,1.0,14210.0,290
48.843|2.338,0.18883624878522837,0.006802721088435374,1.0,16464.0,294
48.889|2.395,0.1888509670079636,0.0034129692832764505,1.0,9669.0,293
48.844|2.188,0.1889655172413793,0.034482758620689655,1.0,5800.0,290
48.856|2.393,0.18896551724137933,0.1413793103448276,1.0,5800.0,290
48.839|2.311,0.18927758816837317,0.05802047781569966,1.0,7032.0,293
48.866|2.286,0.18958664546899842,0.12162162162162163,1.0,5032.0,296
48.889|2.393,0.1904342723004695,0.0,1.0,17040.0,284
48.947|2.257,0.19048821548821548,0.06397306397306397,1.0,11880.0,297
48.877|2.322,0.19218205574912892,0.003484320557491289,1.0,9184.0,287
48.824|2.418,0.1923724816387036,0.01718213058419244,1.0,14841.0,291
48.815|2.328,0.19255172413793104,0.0,1.0,7250.0,290
48.887|2.394,0.19264069264069264,0.03741496598639456,1.0,6468.0,294
48.873|2.408,0.19288555015466194,0.10616438356164383,1.0,9052.0,292
48.808|2.241,0.19294393207436686,0.07407407407407407,1.0,6831.0,297
48.868|2.4,0.19298245614035087,0.03859649122807018,1.0,8835.0,285
48.877|2.405,0.19311440677966102,0.0,1.0,9440.0,295
48.904|2.273,0.19357876712328767,0.0,1.0,11680.0,292
48.787|2.352,0.19363425925925926,0.010416666666666666,1.0,8640.0,288
48.876|2.359,0.19364424703891708,0.008460236886632826,1.0,21240.0,591
48.898|2.346,0.19372822299651568,0.04529616724738676,1.0,7175.0,287
48.89|2.338,0.19393411466582197,0.0,1.0,12628.0,287
48.886|2.293,0.19484377995016294,0.024822695035460994,1.0,10434.0,282
48.876|2.393,0.1952054794520548,0.0821917808219178,1.0,6132.0,292
48.861|2.409,0.19550627370878318,0.06375838926174497,1.0,6854.0,298
48.874|2.362,0.19557589626239513,0.007017543859649123,1.0,13110.0,285
48.824|2.319,0.195604000718692,0.0176678445229682,1.0,16697.0,283
48.812|2.211,0.19577702702702704,0.28716216216216217,1.0,5920.0,296
48.84|2.348,0.19628482972136224,0.017543859649122806,1.0,9690.0,285
48.864|2.381,0.19727951635846372,0.016891891891891893,1.0,11248.0,296
48.884|2.306,0.1984047856430708,0.04406779661016949,1.0,10030.0,295
48.834|2.318,0.19851694915254237,0.0,1.0,9440.0,295
48.898|2.386,0.1988238238238238,0.0,1.0,7992.0,296
48.887|2.304,0.19895710928319624,0.006756756756756757,1.0,13616.0,296
48.83|2.318,0.19897610921501704,0.07167235494880546,1.0,8790.0,293
48.89|2.32,0.19919044199255728,0.058823529411764705,1.0,15317.0,289
48.879|2.303,0.19942084942084942,0.0033783783783783786,1.0,10360.0,296
48.887|2.314,0.1994261119081779,0.0,1.0,9758.0,287
48.78|2.282,0.19966442953020133,0.0,1.0,8940.0,298
48.797|2.368,0.19982817869415806,0.027491408934707903,1.0,5820.0,291
48.861|2.273,0.20006391818472352,0.1476510067114094,1.0,6258.0,298
48.827|2.313,0.20009920634920633,0.013888888888888888,1.0,10080.0,288
48.88|2.345,0.20068027210884354,0.04421768707482993,1.0,5880.0,294
48.896|2.328,0.2008517228029423,0.020905923344947737,1.0,12915.0,287
48.859|2.277,0.2010170195101702,0.03767123287671233,1.0,9636.0,292
48.893|2.413,0.2016559829059829,0.006944444444444444,1.0,7488.0,288
48.896|2.333,0.20178264604810997,0.027491408934707903,1.0,9312.0,291
48.825|2.336,0.20207612456747404,0.010380622837370242,1.0,15895.0,289
48.88|2.326,0.20214271275520518,0.0859106529209622,1.0,4947.0,291
48.876|2.288,0.20226372382569327,0.05964912280701754,1.0,17670.0,285
48.887|2.353,0.2023955773955774,0.006756756756756757,1.0,9768.0,296
48.871|2.379,0.2024793388429752,0.0,1.0,13068.0,297
48.884|2.367,0.20278864970645794,0.0136986301369863,1.0,8176.0,292
48.903|2.398,0.2029524330235101,0.06779661016949153,1.0,9145.0,295
48.847|2.396,0.20329888712241653,0.0,1.0,20128.0,296
48.897|2.396,0.20337837837837838,0.0,1.0,14800.0,296
48.881|2.341,0.20407202542073674,0.010238907849829351,1.0,8497.0,293
48.835|2.324,0.20434227330779056,0.09310344827586207,1.0,7830.0,290
48.851|2.412,0.204468931741659,0.0,1.0,6534.0,297
48.81|2.363,0.20468631897203327,0.0,1.0,13230.0,294
48.842|2.348,0.20477014335145824,0.09342560553633218,1.0,8092.0,289
48.791|2.464,0.2047719298245614,0.0,1.0,7125.0,285
48.872|2.203,0.2052572706935123,0.21476510067114093,1.0,5364.0,298
48.876|2.379,0.2053523399677246,0.006993006993006993,1.0,7436.0,286
48.889|2.398,0.20555555555555555,0.010273972602739725,1.0,13140.0,292
48.857|2.404,0.20591581342434587,0.11262798634812286,1.0,9669.0,293
48.872|2.385,0.2069410815173527,0.07457627118644068,1.0,6195.0,295
48.809|2.285,0.2074652777777778,0.034722222222222224,1.0,8064.0,288
48.881|2.351,0.2081886574074074,0.06597222222222222,1.0,6912.0,288
48.882|2.346,0.20819112627986347,0.006825938566552901,1.0,4688.0,293
48.898|2.336,0.20819160997732428,0.017006802721088437,1.0,7056.0,294
48.858|2.284,0.20856844305120167,0.027586206896551724,1.0,9570.0,290
48.863|2.269,0.2085687382297552,0.030508474576271188,1.0,10620.0,295
48.797|2.464,0.20917317976141506,0.08391608391608392,1.0,4862.0,286
48.879|2.362,0.20962199312714777,0.0,1.0,17169.0,291
48.898|2.218,0.20962199312714777,0.061855670103092786,1.0,8730.0,291
48.815|2.298,0.20974512743628188,0.03793103448275862,1.0,6670.0,290
48.881|2.328,0.21067251461988304,0.017543859649122806,1.0,6840.0,285
48.89|2.343,0.21124871001031992,0.0,1.0,9690.0,285
48.84|2.313,0.2113103448275862,0.0,1.0,7250.0,290
48.826|2.2,0.211340206185567,0.09965635738831616,1.0,6402.0,291
48.858|2.28,0.21179236751672995,0.054982817869415807,1.0,5529.0,291
48.891|2.387,0.2119136571191366,0.0,1.0,9636.0,292
48.893|2.345,0.2122033898305085,0.0,1.0,11800.0,295
48.877|2.283,0.2126022126022126,0.07744107744107744,1.0,8316.0,297
48.885|2.392,0.21272084805653713,0.14840989399293286,1.0,5660.0,283
48.852|2.402,0.2129692832764505,0.006825938566552901,1.0,14650.0,293
48.869|2.372,0.21307425213675213,0.0,1.0,14976.0,288
48.818|2.271,0.2131729667812142,0.061855670103092786,1.0,8730.0,291
48.815|2.317,0.21340728237279963,0.0,1.0,8294.0,286
48.877|2.386,0.2135675194094438,0.0,1.0,7857.0,291
48.875|2.294,0.21392694063926943,0.03424657534246575,1.0,8760.0,292
48.869|2.29,0.2143908722856091,0.09090909090909091,1.0,5434.0,286
48.898|2.329,0.21444658944658945,0.0,1.0,12432.0,296
48.861|2.4,0.21466399905849123,0.16040955631399317,1.0,8497.0,293
48.878|2.299,0.21476216511755056,0.003389830508474576,1.0,9145.0,295
48.845|2.397,0.21485189820609094,0.01773049645390071,1.0,9588.0,282
48.889|2.296,0.21485579539270816,0.0,1.0,11026.0,298
48.896|2.374,0.21544949204523672,0.0035460992907801418,1.0,10434.0,282
48.898|2.334,0.21551499348109518,0.08135593220338982,1.0,7670.0,295
48.855|2.436,0.21598980149335276,0.0,1.0,10982.0,289
48.831|2.319,0.2161348199410483,0.020761245674740483,1.0,15606.0,289
48.847|2.411,0.2180844405931061,0.0017331022530329288,1.0,26823.0,577
48.863|2.41,0.21812865497076023,0.0035087719298245615,1.0,8550.0,285
48.835|2.431,0.2181372549019608,0.003472222222222222,1.0,14688.0,288
48.881|2.358,0.2182567726737338,0.053003533568904596,1.0,8490.0,283
48.788|2.446,0.21830710202803225,0.0,1.0,12771.0,297
48.883|2.282,0.218516674962668,0.017421602787456445,1.0,12054.0,287
48.827|2.332,0.2185592185592186,0.030612244897959183,1.0,11466.0,294
48.855|2.27,0.2187359928283281,0.058419243986254296,1.0,6693.0,291
48.875|2.424,0.21958568738229753,0.03389830508474576,1.0,7965.0,295
48.819|2.343,0.21981672394043528,0.006872852233676976,1.0,17460.0,291
48.864|2.375,0.21993055555555557,0.0,1.0,14400.0,288
48.844|2.355,0.21994690936670458,0.0034129692832764505,1.0,15822.0,293
48.886|2.321,0.22015012901712408,0.03741496598639456,1.0,8526.0,294
48.895|2.353,0.22019787644787644,0.010135135135135136,1.0,8288.0,296
48.819|2.23,0.22020202020202023,0.09764309764309764,1.0,5940.0,297
48.848|2.261,0.22045194210142666,0.0,1.0,9603.0,291
48.828|2.349,0.220504009163803,0.0,1.0,10476.0,291
48.812|2.357,0.22070921985815603,0.07092198581560284,1.0,7050.0,282
48.848|2.303,0.22080816374406192,0.0034602076124567475,1.0,17051.0,289
48.822|2.313,0.22097701149425286,0.0034482758620689655,1.0,6960.0,290
48.824|2.316,0.2209919261822376,0.04498269896193772,1.0,8670.0,289
48.899|2.379,0.22110730133118192,0.0,1.0,19832.0,296
48.833|2.403,0.22151424287856072,0.0,1.0,13340.0,290
48.888|2.326,0.22161758429364062,0.017605633802816902,1.0,9372.0,284
48.871|2.275,0.22169491525423732,0.0,1.0,19175.0,295
48.873|2.376,0.22200744558991983,0.0,1.0,13968.0,291
48.9|2.344,0.22236842105263158,0.0,1.0,11400.0,285
48.833|2.317,0.2227307398932113,0.028070175438596492,1.0,6555.0,285
48.874|2.282,0.22311314751177294,0.01718213058419244,1.0,7857.0,291
48.838|2.323,0.22334494773519162,0.0,1.0,14350.0,287
48.856|2.275,0.22343054869006426,0.006920415224913495,1.0,6069.0,289
48.862|2.262,0.22347395333972514,0.0,1.0,12516.0,298
48.889|2.414,0.22383561643835617,0.05821917808219178,1.0,7300.0,292
48.881|2.352,0.2241926182237601,0.05190311418685121,1.0,6936.0,289
48.856|2.409,0.22435897435897434,0.0,1.0,7176.0,299
48.878|2.223,0.22445141065830723,0.0,1.0,6380.0,290
48.88|2.315,0.224536160545248,0.0683453237410072,1.0,10564.0,278
48.88|2.389,0.2246768123056783,0.041237113402061855,1.0,6111.0,291
48.879|2.367,0.2247960372960373,0.0,1.0,6864.0,286
48.836|2.338,0.22483221476510068,0.06711409395973154,1.0,4768.0,298
48.861|2.441,0.22574676182923606,0.0,1.0,15132.0,291
48.855|2.4,0.22634032634032633,0.05944055944055944,1.0,12870.0,286
48.833|2.325,0.2263771186440678,0.0,1.0,9440.0,295
48.878|2.337,0.2265830172162241,0.02348993288590604,1.0,6854.0,298
48.839|2.187,0.2267241379310345,0.017241379310344827,1.0,5800.0,290
48.831|2.334,0.22715834301200155,0.03484320557491289,1.0,10332.0,287
48.864|2.436,0.22726220782226333,0.003355704697986577,1.0,8642.0,298
48.886|2.333,0.2273173927284638,0.0,1.0,12212.0,284
48.882|2.333,0.2273758865248227,0.02127659574468085,1.0,7050.0,282
48.939|2.223,0.22742474916387959,0.0,1.0,8671.0,299
48.84|2.401,0.22769105312208762,0.0,1.0,17168.0,296
48.823|2.354,0.22827380952380955,0.034722222222222224,1.0,10080.0,288
48.885|2.359,0.22845528455284553,0.017421602787456445,1.0,8610.0,287
48.821|2.356,0.22867853795688847,0.0,1.0,6402.0,291
48.842|2.35,0.22879036672140118,0.0,1.0,18270.0,290
48.847|2.416,0.2289774970390841,0.013422818791946308,1.0,5066.0,298
48.866|2.389,0.22904509283819627,0.0,1.0,7540.0,290
48.9|2.359,0.22915591120289105,0.0,1.0,15496.0,298
48.857|2.409,0.22960417462135674,0.048109965635738834,1.0,7857.0,291
48.869|2.39,0.22995418098510884,0.07216494845360824,1.0,6984.0,291
48.802|2.287,0.2303976217019695,0.033444816053511704,1.0,8073.0,299
48.873|2.298,0.23043536324786323,0.017361111111111112,1.0,14976.0,288
48.879|2.344,0.2305407011289364,0.030303030303030304,1.0,5049.0,297
48.82|2.359,0.23076923076923075,0.007142857142857143,1.0,7280.0,280
48.825|2.287,0.23093607305936073,0.00684931506849315,1.0,8760.0,292
48.889|2.356,0.23107755406413125,0.016778523489932886,1.0,10728.0,298
48.828|2.326,0.23107870253960275,0.0,1.0,11931.0,291
48.885|2.311,0.2314433533945729,0.003484320557491289,1.0,9471.0,287
48.849|2.329,0.23150951557093424,0.0034602076124567475,1.0,9248.0,289
48.786|2.339,0.23154362416107382,0.03691275167785235,1.0,5960.0,298
48.885|2.321,0.2317241379310345,0.013793103448275862,1.0,5800.0,290
48.856|2.215,0.23177966101694916,0.03389830508474576,1.0,7080.0,295
48.775|2.374,0.23202702702702704,0.0033783783783783786,1.0,7400.0,296
48.783|2.464,0.23210290827740493,0.0,1.0,8940.0,298
48.876|2.389,0.23244147157190637,0.043478260869565216,1.0,5980.0,299
48.875|2.37,0.23245436105476672,0.010344827586206896,1.0,9860.0,290
48.869|2.185,0.2326896551724138,0.05517241379310345,1.0,7250.0,290
48.836|2.471,0.23300353356890458,0.0,1.0,14150.0,283
48.887|2.289,0.233091202582728,0.0847457627118644,1.0,6195.0,295
48.897|2.375,0.23318988703604088,0.0034965034965034965,1.0,11154.0,286
48.889|2.347,0.2335344607801479,0.006968641114982578,1.0,11767.0,287
48.822|2.328,0.2339955849889625,0.10264900662251655,1.0,6342.0,302
48.879|2.337,0.23555555555555552,0.023333333333333334,1.0,6300.0,300
48.951|2.231,0.2358581016299137,0.010067114093959731,1.0,8344.0,298
48.781|2.372,0.2368600682593857,0.0,1.0,8790.0,293
48.884|2.356,0.23688271604938269,0.03819444444444445,1.0,5184.0,288
48.875|2.356,0.23735632183908045,0.06551724137931035,1.0,8700.0,290
48.884|2.328,0.23739224137931034,0.0,1.0,9280.0,290
48.857|2.221,0.23785310734463277,0.02711864406779661,1.0,7080.0,295
48.885|2.298,0.23790136733753264,0.0,1.0,13018.0,283
48.84|2.395,0.23891063274624919,0.003424657534246575,1.0,12264.0,292
48.874|2.428,0.23914322702130164,0.0,1.0,8497.0,293
48.858|2.278,0.23959044368600685,0.06825938566552901,1.0,4395.0,293
48.873|2.413,0.2397039897039897,0.0,1.0,6216.0,296
48.869|2.433,0.23985774499473134,0.0,1.0,7592.0,292
48.835|2.329,0.2400968523002421,0.013559322033898305,1.0,10325.0,295
48.857|2.264,0.24039548022598872,0.0,1.0,10620.0,295
48.831|2.344,0.24073446327683615,0.0,1.0,17700.0,295
48.846|2.416,0.2410888546481767,0.0,1.0,9735.0,295
48.899|2.369,0.24206525182134936,0.0,1.0,15785.0,287
48.845|2.402,0.2423745173745174,0.0033783783783783786,1.0,10360.0,296
48.885|2.316,0.24256292906178492,0.056140350877192984,1.0,6555.0,285
48.882|2.284,0.24258044361137146,0.0,1.0,6402.0,291
48.882|2.364,0.2427707427707428,0.02097902097902098,1.0,10582.0,286
48.875|2.383,0.24293785310734464,0.02711864406779661,1.0,7080.0,295
48.881|2.368,0.2433320692706358,0.0,1.0,7911.0,293
48.856|2.41,0.24344827586206894,0.05862068965517241,1.0,5800.0,290
48.87|2.219,0.24370805369127516,0.006711409395973154,1.0,7152.0,298
48.911|2.334,0.24388509670079633,0.0,1.0,14064.0,293
48.819|2.301,0.24389051808406648,0.1111111111111111,1.0,6138.0,279
48.823|2.325,0.24418103448275863,0.0,1.0,13920.0,290
48.888|2.317,0.2442864953526517,0.010169491525423728,1.0,9145.0,295
48.892|2.335,0.24489795918367346,0.0,1.0,15288.0,294
48.882|2.301,0.24515050167224078,0.0,1.0,11960.0,299
48.844|2.333,0.2458606685410809,0.03436426116838488,1.0,9603.0,291
48.805|2.388,0.24592673592126846,0.0576271186440678,1.0,9145.0,295
48.833|2.307,0.24605855855855857,0.041666666666666664,1.0,10656.0,288
48.855|2.405,0.24620689655172415,0.13448275862068965,1.0,5800.0,290
48.883|2.381,0.24655172413793103,0.0,1.0,8120.0,290
48.877|2.355,0.24655367231638417,0.09152542372881356,1.0,4425.0,295
48.867|2.369,0.24714646161239937,0.017421602787456445,1.0,16646.0,287
48.818|2.327,0.2474074074074074,0.0,1.0,7425.0,297
48.831|2.341,0.2474468954248366,0.006944444444444444,1.0,9792.0,288
48.879|2.368,0.24745762711864408,0.0,1.0,9145.0,295
48.814|2.341,0.24778156996587028,0.013651877133105802,1.0,8790.0,293
48.846|2.324,0.2478945035460993,0.0035460992907801418,1.0,9024.0,282
48.894|2.373,0.24804973183812776,0.0,1.0,16408.0,293
48.823|2.366,0.248388320060675,0.020477815699658702,1.0,5274.0,293
48.835|2.353,0.24865362811791386,0.003401360544217687,1.0,14112.0,294
48.853|2.389,0.24907441688263604,0.0,1.0,21608.0,292
48.886|2.39,0.2494358357153603,0.02768166089965398,1.0,6647.0,289
48.876|2.361,0.24951076320939336,0.07876712328767123,1.0,4088.0,292
48.864|2.378,0.24951724137931033,0.0,1.0,14500.0,290
48.849|2.397,0.24970449172576833,0.0,1.0,13536.0,288
48.886|2.387,0.2501077586206897,0.05517241379310345,1.0,9280.0,290
48.896|2.224,0.25045759609518,0.020134228187919462,1.0,6556.0,298
48.827|2.338,0.25084459459459457,0.04861111111111111,1.0,10656.0,288
48.816|2.312,0.25099268547544407,0.013793103448275862,1.0,9570.0,290
48.856|2.395,0.25107018417122945,0.0,1.0,10045.0,287
48.813|2.371,0.2513877874702617,0.10309278350515463,1.0,7566.0,291
48.889|2.333,0.2515824915824916,0.050505050505050504,1.0,7425.0,297
48.886|2.369,0.25164473684210525,0.09027777777777778,1.0,5472.0,288
48.851|2.393,0.2521596051007816,0.006993006993006993,1.0,9724.0,286
48.838|2.336,0.25235087719298244,0.0,1.0,7125.0,285
48.832|2.329,0.25270935960591134,0.0034482758620689655,1.0,8120.0,290
48.876|2.335,0.252734941347041,0.0,1.0,15174.0,281
48.842|2.32,0.2530921459492888,0.03741496598639456,1.0,19404.0,294
48.848|2.316,0.25330158042866424,0.026845637583892617,1.0,9238.0,298
48.867|2.291,0.2536637931034483,0.027586206896551724,1.0,9280.0,290
48.859|2.39,0.2539732994278449,0.03146853146853147,1.0,9438.0,286
48.878|2.341,0.25401978973407546,0.0,1.0,6468.0,294
48.844|2.352,0.2543404065885146,0.0,1.0,6739.0,293
48.811|2.315,0.2544047619047619,0.0,1.0,8400.0,280
48.865|2.404,0.2581939799331104,0.13712374581939799,1.0,4485.0,299
48.847|2.346,0.2583383869011522,0.048109965635738834,1.0,14841.0,291
48.877|2.31,0.2584005869405723,0.03103448275862069,1.0,13630.0,290
48.788|2.306,0.25874125874125875,0.05944055944055944,1.0,8008.0,286
48.843|2.324,0.25880578475734184,0.01384083044982699,1.0,11271.0,289
48.878|2.305,0.2591113841113841,0.010135135135135136,1.0,9768.0,296
48.889|2.371,0.2597181729834791,0.0,1.0,12348.0,294
48.852|2.416,0.2601129943502825,0.01694915254237288,1.0,8850.0,295
48.896|2.401,0.2604086845466156,0.0034482758620689655,1.0,7830.0,290
48.86|2.403,0.2604679802955665,0.0034482758620689655,1.0,8120.0,290
48.81|2.327,0.26049122807017544,0.007017543859649123,1.0,7125.0,285
48.873|2.37,0.2608050847457627,0.003389830508474576,1.0,9440.0,295
48.819|2.279,0.2609357696566999,0.0,1.0,7224.0,301
48.812|2.326,0.26122104247104244,0.016891891891891893,1.0,8288.0,296
48.878|2.33,0.261241610738255,0.05704697986577181,1.0,5960.0,298
48.89|2.304,0.2612665112665113,0.0,1.0,10296.0,286
48.896|2.323,0.26153457211477693,0.027303754266211604,1.0,15822.0,293
48.889|2.323,0.2628424657534247,0.04452054794520548,1.0,11680.0,292
48.904|2.383,0.2629676870748299,0.023809523809523808,1.0,14112.0,294
48.878|2.298,0.2630212197655438,0.0,1.0,13478.0,293
48.892|2.3,0.26313651137594796,0.0,1.0,7384.0,284
48.897|2.385,0.263622454984112,0.006825938566552901,1.0,8497.0,293
48.812|2.362,0.263840830449827,0.0,1.0,6936.0,289
48.817|2.36,0.26434047052603754,0.054982817869415807,1.0,3783.0,291
48.831|2.399,0.26501638150709866,0.0,1.0,19229.0,287
48.859|2.387,0.2658015061861216,0.0,1.0,14872.0,286
48.821|2.322,0.2660183748955972,0.01384083044982699,1.0,16762.0,289
48.846|2.302,0.2666365892172344,0.0,1.0,17732.0,286
48.854|2.402,0.26672979797979796,0.05555555555555555,1.0,6336.0,288
48.876|2.301,0.2669005102040816,0.030612244897959183,1.0,9408.0,294
48.829|2.316,0.267595818815331,0.010452961672473868,1.0,8610.0,287
48.829|2.358,0.2683102652825836,0.006920415224913495,1.0,6936.0,289
48.82|2.34,0.26834045584045585,0.020833333333333332,1.0,11232.0,288
48.862|2.455,0.2692439862542955,0.013745704467353952,1.0,5820.0,291
48.845|2.298,0.26924740484429066,0.006920415224913495,1.0,18496.0,289
48.878|2.284,0.2694562361026885,0.0,1.0,14841.0,291
48.79|2.454,0.26963002395528346,0.0,1.0,7514.0,289
48.831|2.252,0.2696610169491525,0.003389830508474576,1.0,11800.0,295
48.858|2.39,0.2697204968944099,0.010714285714285714,1.0,6440.0,280
48.843|2.345,0.2704728950403691,0.010380622837370242,1.0,6936.0,289
48.849|2.392,0.27055577453685453,0.0,1.0,12685.0,295
48.845|2.339,0.27122473246135553,0.0,1.0,8410.0,290
48.825|2.326,0.27133580705009275,0.034013605442176874,1.0,6468.0,294
48.829|2.353,0.27165256346441014,0.006968641114982578,1.0,8036.0,287
48.869|2.274,0.271865889212828,0.023809523809523808,1.0,12348.0,294
48.816|2.377,0.27234567901234563,0.01,1.0,8100.0,300
48.863|2.387,0.27239878459390654,0.0,1.0,12177.0,297
48.813|2.332,0.2725861877840594,0.03436426116838488,1.0,9021.0,291
48.82|2.312,0.27267373380447585,0.04240282685512368,1.0,5094.0,283
48.863|2.286,0.27376861397479957,0.09965635738831616,1.0,6984.0,291
48.818|2.374,0.27384615384615385,0.013377926421404682,1.0,7475.0,299
48.881|2.373,0.2740053050397878,0.010344827586206896,1.0,7540.0,290
48.841|2.323,0.2745762711864407,0.0,1.0,9735.0,295
48.843|2.32,0.27464503042596344,0.08620689655172414,1.0,4930.0,290
48.838|2.36,0.2751048951048951,0.02097902097902098,1.0,14300.0,286
48.829|2.458,0.2762003097573567,0.0,1.0,7748.0,298
48.873|2.292,0.2764378478664193,0.01020408163265306,1.0,6468.0,294
48.876|2.368,0.27645951035781546,0.003389830508474576,1.0,7965.0,295
48.84|2.264,0.2767762460233298,0.0,1.0,13202.0,287
48.894|2.332,0.27713117332494497,0.0,1.0,9537.0,289
48.849|2.418,0.27766156556203897,0.06143344709897611,1.0,9083.0,293
48.893|2.34,0.27767857142857144,0.0,1.0,10080.0,288
48.88|2.331,0.2778904665314402,0.020689655172413793,1.0,4930.0,290
48.833|2.333,0.2780631659056316,0.017123287671232876,1.0,10512.0,292
48.846|2.356,0.27814625850340136,0.0,1.0,11760.0,294
48.84|2.304,0.2784130284130284,0.0,1.0,11544.0,296
48.826|2.36,0.2786458333333333,0.0,1.0,5760.0,288
48.818|2.261,0.27976190476190477,0.0,1.0,7056.0,294
48.832|2.302,0.2798229263746505,0.060810810810810814,1.0,8584.0,296
48.89|2.42,0.2798611111111111,0.003472222222222222,1.0,5760.0,288
48.886|2.357,0.2802773497688752,0.0576271186440678,1.0,6490.0,295
48.877|2.346,0.2804048448647751,0.017421602787456445,1.0,6027.0,287
48.902|2.402,0.2804232804232804,0.02040816326530612,1.0,5292.0,294
48.836|2.319,0.2808340727595386,0.013605442176870748,1.0,6762.0,294
48.884|2.37,0.2813208616780045,0.013605442176870748,1.0,7056.0,294
48.884|2.342,0.281557067271353,0.01020408163265306,1.0,5292.0,294
48.839|2.341,0.28170914542728637,0.0,1.0,6670.0,290
48.871|2.37,0.28201656578528195,0.010273972602739725,1.0,12556.0,292
48.87|2.384,0.28218345228654507,0.0,1.0,7566.0,291
48.835|2.342,0.28251561106155215,0.0,1.0,11210.0,295
48.824|2.362,0.2834832971351743,0.0,1.0,9669.0,293
48.845|2.311,0.28400174367916303,0.0,1.0,18352.0,296
48.853|2.406,0.28502155172413796,0.04482758620689655,1.0,9280.0,290
48.857|2.432,0.2855038922785609,0.0,1.0,14259.0,291
48.878|2.318,0.2857142857142857,0.0694980694980695,1.0,3626.0,259
48.941|2.364,0.2866666666666666,0.0,1.0,8700.0,290
48.845|2.329,0.2877435804042979,0.05190311418685121,1.0,5491.0,289
48.885|2.35,0.28825622775800713,0.010676156583629894,1.0,5620.0,281
48.85|2.33,0.2891290527654164,0.0,1.0,15730.0,286
48.877|2.313,0.2893921796360821,0.09407665505226481,1.0,10332.0,287
48.849|2.325,0.2894873391448734,0.0,1.0,19272.0,292
48.833|2.362,0.28966750841750843,0.010416666666666666,1.0,9504.0,288
48.885|2.38,0.29036715357283854,0.006711409395973154,1.0,10132.0,298
48.899|2.337,0.2904704011970448,0.0034602076124567475,1.0,10693.0,289
48.88|2.207,0.29055944055944055,0.01048951048951049,1.0,5720.0,286
48.848|2.329,0.2906874695270599,0.0,1.0,10255.0,293
48.841|2.308,0.29082751744765706,0.006779661016949152,1.0,10030.0,295
48.887|2.375,0.2913727618014107,0.0,1.0,5529.0,291
48.841|2.354,0.2913936867182847,0.0,1.0,20148.0,292
48.835|2.349,0.29230769230769227,0.0,1.0,17160.0,286
48.894|2.418,0.2923280423280423,0.006944444444444444,1.0,6048.0,288
48.873|2.38,0.2925347222222222,0.013888888888888888,1.0,5760.0,288
48.881|2.317,0.2930315664085765,0.0,1.0,6716.0,292
48.898|2.279,0.29314487632508834,0.0,1.0,14150.0,283
48.844|2.463,0.2934196950590393,0.0,1.0,17446.0,286
48.774|2.467,0.2940051020408163,0.0,1.0,4704.0,294
48.902|2.269,0.29458346531517265,0.0,1.0,9471.0,287
48.794|2.321,0.29514533085961653,0.0,1.0,6468.0,294
48.875|2.302,0.29523699688617233,0.0,1.0,8671.0,299
48.825|2.368,0.2974033816425121,0.0,1.0,6624.0,288
48.908|2.453,0.2976510067114094,0.0,1.0,11920.0,298
48.879|2.334,0.29791916766706683,0.003401360544217687,1.0,4998.0,294
48.837|2.331,0.2982332155477032,0.0,1.0,14150.0,283
48.883|2.375,0.29857642357642356,0.04195804195804196,1.0,8008.0,286
48.821|2.334,0.2987689393939394,0.003472222222222222,1.0,6336.0,288
48.854|2.412,0.2988135593220339,0.0,1.0,5900.0,295
48.785|2.365,0.3,0.16896551724137931,1.0,4640.0,290
48.895|2.382,0.3001046572475144,0.003401360544217687,1.0,7644.0,294
48.881|2.31,0.300376647834275,0.03728813559322034,1.0,5310.0,295
48.889|2.288,0.30069686411149826,0.0,1.0,14350.0,287
48.891|2.383,0.30071684587813624,0.0,1.0,8370.0,279
48.893|2.327,0.3014937106918239,0.0,1.0,15264.0,288
48.895|2.419,0.30186752261453165,0.010067114093959731,1.0,6854.0,298
48.891|2.369,0.3019816622301094,0.0,1.0,6762.0,294
48.872|2.337,0.3019889617827762,0.0,1.0,9603.0,291
48.879|2.358,0.3020408163265306,0.0,1.0,5880.0,294
48.835|2.393,0.3021943573667712,0.027586206896551724,1.0,12760.0,290
48.852|2.389,0.302266081871345,0.0,1.0,10944.0,288
48.848|2.265,0.30270034843205573,0.024390243902439025,1.0,9184.0,287
48.873|2.338,0.30272108843537415,0.09863945578231292,1.0,9702.0,294
48.845|2.405,0.30284944166345784,0.0,1.0,15582.0,294
48.851|2.301,0.3031442756130585,0.01730103806228374,1.0,6647.0,289
48.894|2.348,0.3035343035343035,0.0,1.0,10582.0,286
48.821|2.291,0.30360077693112203,0.054982817869415807,1.0,6693.0,291
48.877|2.374,0.3039086517347387,0.0,1.0,6831.0,297
48.89|2.317,0.3055079908675799,0.0,1.0,7008.0,292
48.838|2.309,0.3059360730593607,0.0547945205479452,1.0,6132.0,292
48.874|2.303,0.30605536332179933,0.02768166089965398,1.0,11560.0,289
48.877|2.333,0.3066492829204694,0.0,1.0,11505.0,295
48.907|2.365,0.3068607068607069,0.0,1.0,19240.0,296
48.89|2.363,0.3070730304772858,0.02702702702702703,1.0,13912.0,296
48.894|2.342,0.3071581196581197,0.027777777777777776,1.0,11232.0,288
48.874|2.306,0.3073073073073073,0.026936026936026935,1.0,10989.0,297
48.826|2.358,0.30732975784170324,0.013651877133105802,1.0,6153.0,293
48.834|2.309,0.3074009324009324,0.0,1.0,10296.0,286
48.88|2.285,0.3081254331254331,0.0,1.0,11544.0,296
48.853|2.43,0.3084529505582137,0.031578947368421054,1.0,9405.0,285
48.897|2.338,0.308476926123985,0.03367003367003367,1.0,10098.0,297
48.884|2.408,0.3086158192090396,0.0,1.0,7080.0,295
48.843|2.33,0.30885780885780884,0.07692307692307693,1.0,6864.0,286
48.843|2.26,0.3088618140164532,0.01718213058419244,1.0,9603.0,291
48.855|2.419,0.3092397660818713,0.031578947368421054,1.0,8550.0,285
48.875|2.338,0.30940766550522647,0.006968641114982578,1.0,5740.0,287
48.895|2.35,0.3095693779904306,0.017543859649122806,1.0,6270.0,285
48.888|2.32,0.30994152046783624,0.0456140350877193,1.0,8550.0,285
48.849|2.394,0.3105736301369863,0.0410958904109589,1.0,4672.0,292
48.833|2.337,0.3108769847158332,0.0034129692832764505,1.0,6739.0,293
48.895|2.319,0.31102109053497945,0.0,1.0,15552.0,288
48.784|2.359,0.3112714987714988,0.006756756756756757,1.0,6512.0,296
48.836|2.419,0.3128526645768025,0.06551724137931035,1.0,6380.0,290
48.828|2.371,0.3136973180076629,0.006896551724137931,1.0,10440.0,290
48.841|2.404,0.31403085471960224,0.0,1.0,13677.0,291
48.848|2.44,0.31410006497725795,0.014035087719298246,1.0,7695.0,285
48.903|2.348,0.3142697881828317,0.04013377926421405,1.0,8970.0,299
48.874|2.365,0.3142857142857143,0.01020408163265306,1.0,8820.0,294
48.85|2.343,0.315103772155734,0.0,1.0,19803.0,287
48.889|2.383,0.31521739130434784,0.016722408026755852,1.0,7176.0,299
48.874|2.374,0.31666666666666665,0.010416666666666666,1.0,7200.0,288
48.885|2.347,0.3167160859896219,0.09507042253521127,1.0,5396.0,284
48.885|2.307,0.31688681688681686,0.017482517482517484,1.0,7722.0,286
48.868|2.373,0.3175114547537228,0.0,1.0,13968.0,291
48.886|2.377,0.3176749703440095,0.0035587188612099642,1.0,8430.0,281
48.831|2.336,0.31770833333333337,0.04054054054054054,1.0,7104.0,296
48.876|2.264,0.31793121554213705,0.0,1.0,7618.0,293
48.882|2.309,0.317990097194205,0.027874564459930314,1.0,5453.0,287
48.841|2.325,0.3181353767560664,0.0034482758620689655,1.0,7830.0,290
48.899|2.375,0.31821305841924397,0.003436426116838488,1.0,8730.0,291
48.889|2.378,0.31882086167800455,0.017006802721088437,1.0,8820.0,294
48.822|2.329,0.3191142191142191,0.0,1.0,8580.0,286
48.881|2.337,0.31981981981981983,0.0,1.0,5328.0,296
48.818|2.308,0.3198601398601399,0.013986013986013986,1.0,7150.0,286
48.85|2.338,0.32088562391592695,0.026936026936026935,1.0,9801.0,297
48.864|2.24,0.32211111111111107,0.0,1.0,9000.0,300
48.844|2.294,0.32221118834822904,0.0,1.0,15105.0,285
48.881|2.272,0.3227118644067797,0.030508474576271188,1.0,10325.0,295
48.843|2.397,0.3228912725499756,0.0,1.0,8204.0,293
48.884|2.299,0.3239895697522816,0.010169491525423728,1.0,7670.0,295
48.784|2.367,0.32406444906444903,0.0,1.0,7696.0,296
48.827|2.365,0.32407407407407407,0.0,1.0,10260.0,285
48.822|2.206,0.32448979591836735,0.003401360544217687,1.0,7350.0,294
48.841|2.258,0.32455216016859856,0.0,1.0,7592.0,292
48.877|2.344,0.32471264367816094,0.02413793103448276,1.0,6960.0,290
48.908|2.308,0.32655172413793104,0.0034482758620689655,1.0,14500.0,290
48.878|2.279,0.32673378076062637,0.0,1.0,8940.0,298
48.87|2.302,0.32704542917736357,0.0,1.0,8959.0,289
48.809|2.538,0.3273172501360421,0.0,1.0,11026.0,298
48.822|2.275,0.32755775577557755,0.0,1.0,6060.0,303
48.82|2.464,0.32767241379310347,0.0,1.0,11600.0,290
48.83|2.354,0.3277591973244147,0.017482517482517484,1.0,6578.0,286
48.82|2.373,0.32791519434628974,0.0,1.0,14150.0,283
48.873|2.3,0.32797202797202796,0.01048951048951049,1.0,8580.0,286
48.789|2.368,0.328135593220339,0.003389830508474576,1.0,5900.0,295
48.79|2.314,0.3282828282828283,0.037037037037037035,1.0,6534.0,297
48.839|2.172,0.32856725999416403,0.0,1.0,6854.0,298
48.826|2.375,0.3302507836990595,0.0034482758620689655,1.0,12760.0,290
48.937|2.372,0.33146353901070885,0.02830188679245283,1.0,7844.0,212
48.868|2.418,0.33245614035087717,0.0,1.0,7980.0,285
48.869|2.299,0.3338242513500245,0.027491408934707903,1.0,6111.0,291
48.803|2.379,0.3342181467181467,0.060810810810810814,1.0,8288.0,296
48.82|2.446,0.3348111658456486,0.0,1.0,12180.0,290
48.893|2.317,0.33535353535353535,0.0,1.0,9405.0,285
48.877|2.331,0.33575342465753427,0.0,1.0,7300.0,292
48.848|2.433,0.33592047930283225,0.0,1.0,14688.0,288
48.884|2.376,0.33652430044182624,0.003436426116838488,1.0,8148.0,291
48.845|2.318,0.33664177745401563,0.0,1.0,10982.0,289
48.899|2.309,0.3366666666666666,0.006896551724137931,1.0,8700.0,290
48.867|2.345,0.33716475095785436,0.003472222222222222,1.0,16704.0,288
48.85|2.456,0.3381009938221864,0.0,1.0,14892.0,292
48.881|2.325,0.33837342497136313,0.003436426116838488,1.0,4365.0,291
48.878|2.295,0.3385858585858586,0.0,1.0,7425.0,297
48.869|2.34,0.3386827347571889,0.04498269896193772,1.0,16762.0,289
48.849|2.422,0.3391282438901486,0.01020408163265306,1.0,7938.0,294
48.847|2.333,0.3398972602739726,0.010273972602739725,1.0,10512.0,292
48.843|2.352,0.3405972558514931,0.0,1.0,6195.0,295
48.825|2.363,0.34070945945945946,0.030405405405405407,1.0,5920.0,296
48.853|2.425,0.34112035225048926,0.02054794520547945,1.0,8176.0,292
48.78|2.313,0.341264367816092,0.0,1.0,8700.0,290
48.884|2.36,0.3432471964895173,0.023890784982935155,1.0,6153.0,293
48.848|2.406,0.34338441258856484,0.031141868512110725,1.0,6069.0,289
48.893|2.172,0.344002306805075,0.0,1.0,6936.0,289
48.856|2.391,0.3445121951219512,0.027874564459930314,1.0,9184.0,287
48.838|2.258,0.3445302676486438,0.0,1.0,11134.0,293
48.857|2.315,0.3452346254736229,0.0,1.0,13724.0,292
48.879|2.292,0.34523809523809523,0.0,1.0,8148.0,291
48.84|2.295,0.34534982935153585,0.006825938566552901,1.0,14064.0,293
48.868|2.296,0.34630261660978384,0.040955631399317405,1.0,4395.0,293
48.832|2.355,0.3463507482278813,0.020477815699658702,1.0,15236.0,293
48.871|2.314,0.34698085419734903,0.0,1.0,10185.0,291
48.844|2.439,0.3492598466825271,0.0,1.0,15132.0,291
48.872|2.364,0.35078702216511404,0.0,1.0,15565.0,283
48.898|2.323,0.35135135135135137,0.0,1.0,6808.0,296
48.872|2.346,0.3518057285180573,0.0,1.0,12848.0,292
48.822|2.363,0.351981351981352,0.038461538461538464,1.0,6864.0,286
48.831|2.357,0.3523767605633803,0.0,1.0,11360.0,284
48.84|2.301,0.35271512113617376,0.0,1.0,17955.0,285
48.852|2.462,0.352901023890785,0.017064846416382253,1.0,5860.0,293
48.843|2.275,0.3530092592592593,0.0,1.0,14688.0,288
48.87|2.308,0.3533681765389083,0.0,1.0,6888.0,287
48.854|2.4,0.354158215010142,0.07586206896551724,1.0,4930.0,290
48.87|2.304,0.35462415540540543,0.0,1.0,9472.0,296
48.834|2.321,0.35488909715713834,0.020618556701030927,1.0,6402.0,291
48.899|2.365,0.35563139931740617,0.04778156996587031,1.0,5860.0,293
48.844|2.41,0.3563070776255708,0.017123287671232876,1.0,7008.0,292
48.884|2.333,0.35670103092783506,0.006872852233676976,1.0,5820.0,291
48.82|2.367,0.3579896907216495,0.0,1.0,11640.0,291
48.835|2.296,0.3580887372013652,0.017064846416382253,1.0,7325.0,293
48.85|2.435,0.35830388692579507,0.03180212014134275,1.0,7075.0,283
48.876|2.166,0.35850398179749715,0.013651877133105802,1.0,7032.0,293
48.814|2.287,0.35911371237458195,0.08361204013377926,1.0,4784.0,299
48.883|2.386,0.35986159169550175,0.0,1.0,6647.0,289
48.891|2.34,0.36176470588235293,0.0,1.0,5780.0,289
48.87|2.301,0.3619507255294057,0.06429780033840947,1.0,13598.0,591
48.848|2.4,0.36255286428296807,0.0,1.0,10404.0,289
48.797|2.302,0.36261574074074077,0.0,1.0,8640.0,288
48.875|2.308,0.36284306826178747,0.0,1.0,14210.0,290
48.849|2.426,0.3629158004158004,0.0,1.0,7696.0,296
48.839|2.282,0.36293974225008707,0.0,1.0,17226.0,297
48.846|2.313,0.36327054794520547,0.0,1.0,11680.0,292
48.895|2.365,0.3647663071391885,0.0,1.0,9735.0,295
48.856|2.442,0.3649146757679181,0.05802047781569966,1.0,7325.0,293
48.892|2.206,0.3652096342551293,0.0,1.0,11210.0,295
48.943|2.249,0.3652595155709343,0.0,1.0,7225.0,289
48.923|2.385,0.36529160739687055,0.0,1.0,10545.0,285
48.897|2.311,0.365625,0.0,1.0,11840.0,296
48.871|2.366,0.3656896551724138,0.0,1.0,17400.0,290
48.859|2.384,0.3661050097788476,0.0,1.0,13294.0,289
48.844|2.418,0.3669674295774648,0.0,1.0,9088.0,284
48.892|2.309,0.36697965571205005,0.0035211267605633804,1.0,5112.0,284
48.83|2.344,0.3678571428571429,0.0,1.0,11760.0,294
48.876|2.323,0.36885157096424703,0.0,1.0,18460.0,284
48.844|2.323,0.3692765751991631,0.010380622837370242,1.0,12427.0,289
48.873|2.359,0.3700338983050847,0.010169491525423728,1.0,7375.0,295
48.878|2.348,0.37042925278219396,0.06756756756756757,1.0,5032.0,296
48.92|2.344,0.3710054956238551,0.04498269896193772,1.0,19652.0,289
48.871|2.346,0.3712348668280872,0.04406779661016949,1.0,10325.0,295
48.845|2.345,0.3721689895470383,0.006968641114982578,1.0,4592.0,287
48.879|2.349,0.3722574353973671,0.0034129692832764505,1.0,4102.0,293
48.847|2.307,0.37270361298224125,0.0035211267605633804,1.0,13064.0,284
48.842|2.39,0.37278859615629373,0.0,1.0,7857.0,291
48.862|2.377,0.3734072022160665,0.0,1.0,10830.0,285
48.898|2.358,0.37411971830985913,0.0,1.0,9088.0,284
48.778|2.396,0.37416107382550334,0.0,1.0,5960.0,298
48.839|2.33,0.3752068602377012,0.0,1.0,13294.0,289
48.823|2.404,0.3754325259515571,0.0,1.0,7514.0,289
48.852|2.327,0.37543859649122807,0.017543859649122806,1.0,13965.0,285
48.843|2.335,0.3760092272202999,0.0,1.0,5202.0,289
nan|nan,0.37616862265249607,0.034151034151034154,1.0,67272.0,2079
48.867|2.383,0.37731164383561644,0.0,1.0,11680.0,292
48.875|2.341,0.37799227799227797,0.0,1.0,10360.0,296
48.852|2.302,0.37827260458839407,0.0,1.0,7410.0,285
48.888|2.374,0.3785145457500406,0.0034129692832764505,1.0,6153.0,293
48.872|2.329,0.37871524448705657,0.05704697986577181,1.0,8344.0,298
48.887|2.326,0.38031462585034015,0.01020408163265306,1.0,4704.0,294
48.861|2.32,0.38066520467836257,0.0,1.0,21888.0,288
48.846|2.343,0.3806818181818182,0.038461538461538464,1.0,4576.0,286
48.88|2.276,0.380927291886196,0.00684931506849315,1.0,7592.0,292
48.837|2.274,0.38142104808771476,0.030303030303030304,1.0,11583.0,297
48.877|2.366,0.38167239404352804,0.010309278350515464,1.0,4365.0,291
48.857|2.423,0.3819444444444444,0.0,1.0,6336.0,288
48.808|2.374,0.3819822046465645,0.031141868512110725,1.0,8092.0,289
48.799|2.382,0.3821428571428571,0.013888888888888888,1.0,10080.0,288
48.892|2.323,0.38252314814814814,0.013888888888888888,1.0,10368.0,288
48.87|2.354,0.38257575757575757,0.0,1.0,4752.0,297
48.835|2.248,0.38353510895883774,0.003389830508474576,1.0,8260.0,295
48.861|2.315,0.38362451108213824,0.010169491525423728,1.0,19175.0,295
48.875|2.332,0.383674630261661,0.0034129692832764505,1.0,7032.0,293
48.868|2.368,0.3838002873563218,0.0,1.0,16704.0,288
48.842|2.332,0.3839160839160839,0.01048951048951049,1.0,4290.0,286
48.853|2.276,0.38399244833068363,0.0,1.0,20128.0,296
48.851|2.325,0.3842312008978676,0.010101010101010102,1.0,17820.0,297
48.885|2.339,0.3848797250859107,0.024054982817869417,1.0,3492.0,291
48.836|2.31,0.3852234721799939,0.06293706293706294,1.0,6578.0,286
48.83|2.369,0.38550135501355015,0.003484320557491289,1.0,10332.0,287
48.832|2.234,0.38731144631765746,0.0,1.0,6762.0,294
48.817|2.281,0.38852969348659006,0.0,1.0,8352.0,288
48.897|2.304,0.3887585324232082,0.0034129692832764505,1.0,9376.0,293
48.867|2.34,0.3900246305418719,0.0,1.0,8120.0,290
48.871|2.343,0.3901682376804677,0.0,1.0,8381.0,289
48.86|2.326,0.39040471723398557,0.0,1.0,18655.0,287
48.887|2.367,0.3905,0.0,1.0,6000.0,300
48.915|2.331,0.3910349854227405,0.0,1.0,8232.0,294
48.91|2.385,0.39165739710789765,0.0,1.0,8990.0,290
48.896|2.458,0.3931306306306306,0.0,1.0,8880.0,296
48.876|2.32,0.3934015927189989,0.0,1.0,13185.0,293
48.847|2.313,0.3938045806557917,0.0,1.0,12138.0,289
48.874|2.328,0.3941974980037264,0.0,1.0,7514.0,289
48.873|2.341,0.39430894308943093,0.010452961672473868,1.0,6888.0,287
48.866|2.342,0.3949152542372881,0.0,1.0,7080.0,295
48.841|2.431,0.39528130671506356,0.0,1.0,8265.0,285
48.861|2.381,0.39538638985005764,0.010380622837370242,1.0,13005.0,289
48.899|2.251,0.3962690230731468,0.003436426116838488,1.0,10185.0,291
48.78|2.469,0.3963344788087056,0.027491408934707903,1.0,6111.0,291
48.835|2.345,0.39684357897416317,0.006872852233676976,1.0,7857.0,291
48.849|2.341,0.3970393867301084,0.003436426116838488,1.0,7566.0,291
48.873|2.31,0.398364107547781,0.01020408163265306,1.0,12348.0,294
48.85|2.307,0.398972602739726,0.003424657534246575,1.0,5256.0,292
48.903|2.374,0.40033097638032195,0.0,1.0,13294.0,289
48.844|2.415,0.40283251231527095,0.0,1.0,8120.0,290
48.822|2.413,0.4033154558751828,0.0,1.0,10255.0,293
48.799|2.454,0.4036072623029145,0.0,1.0,8372.0,299
48.849|2.412,0.4042979420870515,0.04152249134948097,1.0,5491.0,289
48.881|2.295,0.4043022614451186,0.0,1.0,10878.0,294
48.847|2.452,0.4043298969072165,0.0,1.0,14550.0,291
48.846|2.352,0.4044368600682594,0.0,1.0,5860.0,293
48.865|2.376,0.4045138888888889,0.010416666666666666,1.0,6912.0,288
48.853|2.488,0.4050073637702504,0.0,1.0,8148.0,291
48.852|2.315,0.4050914483440435,0.006920415224913495,1.0,12138.0,289
48.883|2.277,0.4061433447098976,0.0,1.0,7325.0,293
48.893|2.364,0.40679620264395355,0.01384083044982699,1.0,11271.0,289
48.871|2.334,0.40710553814002093,0.0,1.0,9570.0,290
48.87|2.342,0.4072377462207971,0.0,1.0,10915.0,295
48.891|2.331,0.4075342465753425,0.0273972602739726,1.0,5548.0,292
48.846|2.424,0.40762620837808805,0.003401360544217687,1.0,5586.0,294
48.874|2.316,0.408357628765792,0.0,1.0,10290.0,294
48.845|2.257,0.4090044742729307,0.006711409395973154,1.0,17880.0,298
48.829|2.365,0.409935532802427,0.0,1.0,5274.0,293
48.842|2.341,0.40995345506623704,0.0,1.0,5586.0,294
48.825|2.382,0.40998043052837574,0.0,1.0,8176.0,292
48.868|2.378,0.4099883855981417,0.0,1.0,13776.0,287
48.839|2.37,0.41024832479306267,0.0,1.0,12685.0,295
48.883|2.336,0.410958904109589,0.0,1.0,6132.0,292
48.906|2.358,0.410958904109589,0.0,1.0,8760.0,292
48.773|2.435,0.4109782950613401,0.0,1.0,12716.0,289
48.848|2.366,0.41108213820078227,0.0,1.0,15340.0,295
48.895|2.425,0.4110837438423645,0.006896551724137931,1.0,8120.0,290
48.936|2.344,0.41152533473352587,0.010238907849829351,1.0,7618.0,293
48.866|2.369,0.41163375919473477,0.0313588850174216,1.0,10332.0,287
48.867|2.316,0.4122989874925551,0.0,1.0,13432.0,292
48.861|2.309,0.41257463141220907,0.0,1.0,16414.0,283
48.838|2.246,0.4126589825119237,0.0,1.0,10064.0,296
48.886|2.383,0.4131944444444444,0.017361111111111112,1.0,5472.0,288
48.918|2.352,0.4154237288135593,0.003389830508474576,1.0,11800.0,295
48.838|2.271,0.4156037414965986,0.0,1.0,4704.0,294
48.813|2.272,0.41580756013745707,0.030927835051546393,1.0,5820.0,291
48.839|2.39,0.4158303224943129,0.0,1.0,14946.0,282
48.835|2.358,0.41633281972265024,0.03728813559322034,1.0,3245.0,295
48.865|2.373,0.41688470259898835,0.0,1.0,11466.0,294
48.875|2.352,0.417058501913614,0.003389830508474576,1.0,9145.0,295
48.876|2.356,0.41709919261822376,0.0,1.0,6936.0,289
48.907|2.27,0.4171280276816609,0.006920415224913495,1.0,5780.0,289
48.856|2.383,0.41729128973895063,0.02054794520547945,1.0,15476.0,292
48.829|2.246,0.41760204081632657,0.013605442176870748,1.0,11760.0,294
48.916|2.324,0.4184149184149184,0.0,1.0,7722.0,297
48.83|2.231,0.4190311418685121,0.0,1.0,8670.0,289
48.915|2.417,0.4194467905405405,0.016891891891891893,1.0,9472.0,296
48.88|2.259,0.41986577181208057,0.0,1.0,14900.0,298
48.835|2.397,0.42044876915256696,0.0034129692832764505,1.0,13771.0,293
48.884|2.295,0.42078618225134007,0.0,1.0,6716.0,292
48.839|2.418,0.4209694415173867,0.0,1.0,7592.0,292
48.886|2.407,0.42126436781609194,0.020689655172413793,1.0,5220.0,290
48.821|2.342,0.4213564213564213,0.006734006734006734,1.0,8316.0,297
48.904|2.465,0.42152575315840624,0.0,1.0,8232.0,294
48.846|2.421,0.42166344294003866,0.0070921985815602835,1.0,6204.0,282
48.877|2.351,0.42174320524835984,0.020618556701030927,1.0,3201.0,291
48.936|2.347,0.42191780821917807,0.0,1.0,11680.0,292
48.838|2.494,0.42244983277591974,0.0,1.0,9568.0,299
48.898|2.238,0.4227632229362333,0.006920415224913495,1.0,8092.0,289
48.887|2.261,0.4229419703103914,0.02456140350877193,1.0,7410.0,285
48.84|2.24,0.42429229756418696,0.006802721088435374,1.0,9114.0,294
48.833|2.257,0.4245739532926573,0.0,1.0,14259.0,291
48.871|2.341,0.4246295803389229,0.020761245674740483,1.0,11271.0,289
48.887|2.361,0.4247992863514719,0.04745762711864407,1.0,5605.0,295
48.853|2.383,0.4249209694415174,0.0,1.0,22776.0,292
48.84|2.272,0.4251231527093596,0.0035714285714285713,1.0,16240.0,280
48.821|2.351,0.4254202805439554,0.0,1.0,9339.0,283
48.828|2.384,0.4261168384879725,0.03436426116838488,1.0,16587.0,291
48.849|2.32,0.4275060532687651,0.0,1.0,10325.0,295
48.835|2.242,0.4276333422674886,0.0,1.0,7462.0,287
48.846|2.427,0.42765567765567764,0.0,1.0,7644.0,294
48.835|2.401,0.428,0.0,1.0,14750.0,295
48.832|2.256,0.4281481481481481,0.0,1.0,7425.0,297
48.888|2.3,0.42881521209166257,0.0,1.0,8204.0,293
48.872|2.334,0.43078055964653905,0.0,1.0,8148.0,291
48.865|2.31,0.43179945863245855,0.0,1.0,16994.0,293
48.836|2.302,0.4320776255707763,0.20205479452054795,1.0,3504.0,292
48.947|2.25,0.4324074074074074,0.0,1.0,8640.0,288
48.82|2.411,0.4331896551724138,0.0,1.0,9280.0,290
48.816|2.344,0.4334448160535117,0.0,1.0,4485.0,299
48.822|2.422,0.43349358974358976,0.006944444444444444,1.0,7488.0,288
48.862|2.311,0.43365517241379314,0.010344827586206896,1.0,7250.0,290
48.89|2.36,0.4339677047289504,0.0,1.0,10404.0,289
48.869|2.333,0.43408890845070425,0.03873239436619718,1.0,9088.0,284
48.893|2.379,0.4342434584755404,0.0,1.0,8790.0,293
48.883|2.26,0.4345445495271279,0.003484320557491289,1.0,8036.0,287
48.882|2.292,0.43484331368290413,0.006825938566552901,1.0,6446.0,293
48.849|2.347,0.4354686318972033,0.0,1.0,10584.0,294
48.779|2.401,0.4369170348551792,0.0,1.0,8148.0,291
48.873|2.32,0.4369414101290963,0.0,1.0,15105.0,285
48.8|2.328,0.437051282051282,0.0,1.0,7800.0,300
48.854|2.32,0.4374500931594357,0.0,1.0,7514.0,289
48.854|2.304,0.43788041532402433,0.0,1.0,11172.0,294
48.85|2.406,0.43864155251141557,0.03767123287671233,1.0,3504.0,292
48.951|2.211,0.4400388555280819,0.0,1.0,11324.0,298
48.818|2.246,0.44130291005291006,0.0,1.0,12096.0,288
48.844|2.366,0.44144144144144143,0.06756756756756757,1.0,7992.0,296
48.838|2.241,0.44202898550724634,0.0,1.0,13248.0,288
48.855|2.493,0.4420614596670935,0.0,1.0,6248.0,284
48.901|2.389,0.44254161331626124,0.007042253521126761,1.0,6248.0,284
48.87|2.311,0.4425933638761627,0.0,1.0,14406.0,294
48.876|2.347,0.44406392694063923,0.0,1.0,8760.0,292
48.79|2.403,0.4444444444444444,0.0,1.0,5760.0,288
48.869|2.347,0.4445812807881773,0.0,1.0,8120.0,290
48.887|2.174,0.4447198275862069,0.0,1.0,9280.0,290
48.907|2.389,0.445448606271777,0.0,1.0,9184.0,287
48.866|2.345,0.445496632996633,0.0,1.0,9504.0,288
48.88|2.357,0.446064139941691,0.0,1.0,8232.0,294
48.878|2.34,0.4464250346603288,0.016835016835016835,1.0,5049.0,297
48.907|2.396,0.4465657230634189,0.0,1.0,9114.0,294
48.845|2.349,0.4468211527035057,0.010101010101010102,1.0,5049.0,297
48.903|2.279,0.44794188861985473,0.0,1.0,6195.0,295
48.838|2.404,0.4486301369863014,0.0,1.0,12556.0,292
48.832|2.238,0.44874608150470213,0.006896551724137931,1.0,6380.0,290
48.882|2.271,0.4502681618722574,0.0,1.0,8204.0,293
48.875|2.357,0.4507394766780432,0.0,1.0,4395.0,293
48.853|2.298,0.45094736842105265,0.014035087719298246,1.0,7125.0,285
48.896|2.409,0.4523125996810207,0.0,1.0,6270.0,285
48.876|2.344,0.45245009074410164,0.0,1.0,5510.0,290
48.875|2.316,0.4529842342342343,0.057432432432432436,1.0,3552.0,296
48.87|2.351,0.4531487889273357,0.0,1.0,7225.0,289
48.894|2.314,0.4533197507190796,0.0,1.0,16688.0,298
48.852|2.341,0.45362407862407866,0.0,1.0,6512.0,296
48.847|2.268,0.4540874370225906,0.0034129692832764505,1.0,6153.0,293
48.822|2.35,0.4548611111111111,0.0,1.0,6048.0,288
48.842|2.367,0.4551787773933103,0.04498269896193772,1.0,21675.0,289
48.837|2.365,0.4552861685214627,0.0,1.0,15096.0,296
48.894|2.326,0.4556506849315069,0.06164383561643835,1.0,5840.0,292
48.839|2.35,0.4557823129251701,0.0,1.0,14406.0,294
48.866|2.371,0.45659543109801026,0.006779661016949152,1.0,6785.0,295
48.83|2.35,0.4567984832069339,0.014084507042253521,1.0,7384.0,284
48.852|2.449,0.45716486902927583,0.0,1.0,6490.0,295
48.91|2.288,0.45827505827505827,0.0,1.0,8580.0,286
48.849|2.299,0.4587628865979381,0.006872852233676976,1.0,9894.0,291
48.869|2.356,0.45902636916835704,0.0,1.0,9860.0,290
48.858|2.324,0.4597602739726027,0.0,1.0,4672.0,292
48.838|2.275,0.4599277210884354,0.0,1.0,18816.0,294
48.826|2.35,0.46035699460357,0.0,1.0,9636.0,292
48.836|2.278,0.46113782051282054,0.0,1.0,7488.0,288
48.829|2.38,0.46139169472502806,0.0,1.0,17820.0,297
48.831|2.348,0.46202659145850117,0.0,1.0,9928.0,292
48.843|2.302,0.46216286986122024,0.0,1.0,19095.0,285
48.842|2.299,0.46361451048951047,0.017482517482517484,1.0,9152.0,286
48.897|2.252,0.46379139891250615,0.0,1.0,8092.0,289
48.894|2.313,0.46379310344827585,0.010344827586206896,1.0,6960.0,290
48.906|2.284,0.4640607101947308,0.0,1.0,6984.0,291
48.811|2.384,0.4656241922977513,0.0,1.0,15476.0,292
48.871|2.338,0.4656533754441373,0.04697986577181208,1.0,5066.0,298
48.856|2.326,0.46619847729062747,0.0,1.0,15236.0,293
48.889|2.264,0.4662116040955631,0.0,1.0,7325.0,293
48.841|2.355,0.4666175748649975,0.0,1.0,8148.0,291
48.905|2.322,0.4680459770114942,0.006896551724137931,1.0,8700.0,290
48.848|2.29,0.4687703318152245,0.0,1.0,15370.0,290
48.841|2.264,0.46945717062335135,0.003401360544217687,1.0,14406.0,294
48.78|2.446,0.46984265734265734,0.0,1.0,6864.0,286
48.871|2.308,0.47019867549668876,0.013245033112582781,1.0,13590.0,302
48.868|2.33,0.47049471616945665,0.04844290657439446,1.0,10693.0,289
48.867|2.334,0.47066865523241364,0.0,1.0,8046.0,298
48.857|2.31,0.4706747404844291,0.0,1.0,11560.0,289
48.822|2.369,0.47187500000000004,0.006944444444444444,1.0,14400.0,288
48.916|2.295,0.4720047449584816,0.014234875444839857,1.0,8430.0,281
48.877|2.34,0.4720905172413793,0.0,1.0,9280.0,290
48.882|2.341,0.4730769230769231,0.0,1.0,5720.0,286
48.847|2.321,0.47339891588034533,0.0034129692832764505,1.0,4981.0,293
48.9|2.322,0.4736228813559322,0.0,1.0,9440.0,295
48.93|2.356,0.47415254237288135,0.0,1.0,11800.0,295
48.875|2.256,0.4742199391171994,0.0,1.0,10512.0,292
48.852|2.336,0.47487684729064045,0.06206896551724138,1.0,6090.0,290
48.815|2.422,0.4762591311034218,0.0,1.0,10404.0,289
48.827|2.234,0.4764128352490421,0.0,1.0,8352.0,288
48.826|2.249,0.477175697865353,0.0034482758620689655,1.0,6090.0,290
48.833|2.277,0.47760800842992623,0.02054794520547945,1.0,15184.0,292
48.855|2.347,0.477806392970762,0.03484320557491289,1.0,6601.0,287
48.904|2.295,0.47862068965517246,0.020689655172413793,1.0,8700.0,290
48.871|2.361,0.4786641929499072,0.0,1.0,9702.0,294
48.839|2.439,0.4787837837837838,0.0,1.0,7400.0,296
48.915|2.358,0.4801215277777778,0.0,1.0,11520.0,288
48.832|2.367,0.48178302462853656,0.0,1.0,14739.0,289
48.928|2.331,0.48199233716475093,0.0,1.0,13050.0,290
48.873|2.329,0.4824858757062147,0.0,1.0,10620.0,295
48.844|2.307,0.48251273344651946,0.0,1.0,8835.0,285
48.899|2.304,0.4825350036845984,0.006779661016949152,1.0,6785.0,295
48.928|2.295,0.4826150121065375,0.0,1.0,10325.0,295
48.892|2.409,0.4833855799373041,0.0,1.0,6380.0,290
48.856|2.335,0.48412162162162165,0.05067567567567568,1.0,5920.0,296
48.851|2.31,0.4843552179417616,0.0,1.0,5529.0,291
48.946|2.364,0.4845196759259259,0.0,1.0,6912.0,288
48.848|2.297,0.4847972972972973,0.0,1.0,13024.0,296
48.859|2.347,0.4858691444057297,0.04878048780487805,1.0,7749.0,287
48.893|2.278,0.4860998650472335,0.017543859649122806,1.0,11115.0,285
48.888|2.354,0.486122125297383,0.027491408934707903,1.0,3783.0,291
48.892|2.284,0.48628491973201865,0.0,1.0,7911.0,293
48.902|2.33,0.4872398900667452,0.0,1.0,7641.0,283
48.77|2.472,0.4885346756152126,0.0,1.0,7152.0,298
48.939|2.357,0.48877434135166087,0.0,1.0,8730.0,291
48.834|2.266,0.48987485779294654,0.0,1.0,8790.0,293
48.896|2.318,0.4906103286384977,0.0,1.0,9372.0,284
48.865|2.293,0.49124579124579126,0.006734006734006734,1.0,2970.0,297
48.838|2.357,0.4918664383561644,0.0,1.0,11680.0,292
48.852|2.331,0.49200856813313554,0.0,1.0,6069.0,289
48.838|2.228,0.49234393404004717,0.0035335689045936395,1.0,7641.0,283
48.911|2.38,0.49269406392694065,0.0,1.0,8760.0,292
48.86|2.371,0.4928876244665718,0.0,1.0,11248.0,296
48.829|2.301,0.49297094657919394,0.0,1.0,3201.0,291
48.852|2.344,0.4931216931216932,0.0,1.0,13230.0,294
48.833|2.268,0.49317287664892384,0.0,1.0,17284.0,298
48.871|2.354,0.49327033218785793,0.0,1.0,13968.0,291
48.865|2.369,0.4936268022567389,0.0,1.0,14357.0,293
48.826|2.342,0.4936921783010933,0.010344827586206896,1.0,11890.0,290
48.958|2.283,0.49490855165595654,0.0,1.0,10115.0,289
48.927|2.239,0.4956471935853379,0.0,1.0,8730.0,291
48.863|2.367,0.49569315780919876,0.0,1.0,6153.0,293
48.906|2.344,0.4958038869257951,0.0,1.0,9056.0,283
48.936|2.359,0.49599383667180275,0.0,1.0,6490.0,295
48.837|2.352,0.4960714285714286,0.0,1.0,11200.0,280
48.842|2.292,0.4964956992672826,0.0,1.0,12556.0,292
48.824|2.242,0.4978473581213307,0.0,1.0,10220.0,292
48.86|2.35,0.4984582176996608,0.0035460992907801418,1.0,6486.0,282
48.903|2.393,0.49848275862068964,0.0,1.0,7250.0,290
48.873|2.354,0.49850149850149855,0.0,1.0,8008.0,286
48.853|2.332,0.49882260596546313,0.0,1.0,7644.0,294
48.904|2.306,0.5002042483660131,0.0,1.0,14688.0,288
48.879|2.271,0.5006676938880329,0.0,1.0,9735.0,295
48.835|2.408,0.5006681939671631,0.0,1.0,10476.0,291
48.79|2.433,0.5008474576271187,0.0,1.0,5900.0,295
48.874|2.333,0.5010958904109589,0.003424657534246575,1.0,7300.0,292
48.846|2.373,0.5014367816091954,0.0,1.0,17400.0,290
48.837|2.284,0.5019357336430507,0.0,1.0,15498.0,287
48.823|2.25,0.5022170608108109,0.0,1.0,9472.0,296
48.834|2.455,0.5029967535170232,0.0,1.0,24026.0,293
48.854|2.349,0.5030514385353095,0.02364864864864865,1.0,9176.0,296
48.809|2.39,0.503080985915493,0.0,1.0,9088.0,284
48.938|2.351,0.5032216494845361,0.024054982817869417,1.0,4656.0,291
48.869|2.36,0.5032232070910556,0.0,1.0,9928.0,292
48.777|2.455,0.5032524049473202,0.0,1.0,10915.0,295
48.91|2.298,0.5038850038850039,0.0,1.0,7722.0,297
48.851|2.297,0.5051920702926439,0.006825938566552901,1.0,13771.0,293
48.891|2.295,0.5061052631578947,0.0,1.0,7125.0,285
48.853|2.28,0.5061842918985776,0.0,1.0,6468.0,294
48.85|2.328,0.5068493150684932,0.010273972602739725,1.0,6716.0,292
48.897|2.298,0.5070986060918947,0.0,1.0,7748.0,298
48.893|2.214,0.5075333620318554,0.0,1.0,6969.0,303
48.919|2.362,0.5077054794520548,0.0,1.0,12848.0,292
48.858|2.35,0.5084538375973303,0.0,1.0,8990.0,290
48.871|2.35,0.5086505190311419,0.0,1.0,4913.0,289
48.91|2.312,0.5092322643343051,0.0,1.0,16464.0,294
48.818|2.42,0.5096045197740113,0.0,1.0,5310.0,295
48.841|2.388,0.5116040955631399,0.0034129692832764505,1.0,8790.0,293
48.853|2.326,0.5123246113007205,0.0,1.0,5274.0,293
48.848|2.445,0.5135836177474402,0.0,1.0,7325.0,293
48.852|2.338,0.5137911884487227,0.0,1.0,10804.0,292
48.804|2.444,0.5140542328042328,0.0,1.0,6048.0,288
48.868|2.333,0.5141666666666667,0.07,1.0,6000.0,300
48.785|2.303,0.515015015015015,0.0,1.0,7992.0,296
48.838|2.296,0.515287258248009,0.0,1.0,14064.0,293
48.838|2.345,0.5163966049382717,0.006944444444444444,1.0,5184.0,288
48.852|2.381,0.5164058556284704,0.0,1.0,13867.0,283
48.833|2.25,0.5166550522648083,0.0,1.0,7175.0,287
48.873|2.324,0.5172413793103448,0.0,1.0,8555.0,295
48.829|2.374,0.518025078369906,0.010344827586206896,1.0,12760.0,290
48.83|2.264,0.5181308625028598,0.0,1.0,17484.0,282
48.861|2.349,0.5183566433566433,0.024475524475524476,1.0,6864.0,286
48.859|2.356,0.5185584291187739,0.0,1.0,8352.0,288
48.908|2.469,0.5185697808535179,0.0,1.0,8670.0,289
48.848|2.39,0.5187015982863733,0.0034602076124567475,1.0,6069.0,289
48.844|2.364,0.5187044100916817,0.030716723549488054,1.0,14943.0,293
48.851|2.389,0.5189003436426117,0.0,1.0,6984.0,291
48.863|2.335,0.5190077319587629,0.0,1.0,9312.0,291
48.908|2.379,0.5191713048855906,0.0,1.0,9702.0,294
48.845|2.291,0.5204152249134948,0.0034602076124567475,1.0,8670.0,289
48.824|2.213,0.5205844709897611,0.0034129692832764505,1.0,9376.0,293
48.915|2.306,0.5216256524981358,0.003355704697986577,1.0,5364.0,298
48.916|2.268,0.521850613154961,0.0,1.0,8970.0,299
48.857|2.307,0.5220486111111111,0.0,1.0,11520.0,288
48.903|2.368,0.5223406435745029,0.0,1.0,9758.0,287
48.834|2.271,0.5229591836734694,0.0,1.0,4704.0,294
48.831|2.377,0.5234367971210077,0.0,1.0,22230.0,285
48.859|2.331,0.5234645328719724,0.0,1.0,9248.0,289
48.847|2.367,0.5240102171136654,0.006896551724137931,1.0,7830.0,290
48.847|2.353,0.5257288373726731,0.010273972602739725,1.0,11388.0,292
48.91|2.4,0.5266866566716641,0.0,1.0,6670.0,290
48.861|2.353,0.5268429487179487,0.0,1.0,7488.0,288
48.838|2.234,0.5271724137931034,0.013793103448275862,1.0,7250.0,290
48.872|2.358,0.527235921972764,0.0,1.0,5434.0,286
48.831|2.241,0.5278038113089659,0.0,1.0,6402.0,291
48.883|2.288,0.5280651340996169,0.0,1.0,10440.0,290
48.847|2.295,0.5281308252838501,0.0,1.0,11802.0,281
48.841|2.41,0.5293814432989691,0.0,1.0,11640.0,291
48.857|2.293,0.529449423815621,0.014084507042253521,1.0,9372.0,284
48.885|2.268,0.5295421793592728,0.0,1.0,9021.0,291
48.79|2.39,0.5302502375673107,0.0,1.0,6314.0,287
48.86|2.341,0.5304187192118227,0.0,1.0,8120.0,290
48.867|2.307,0.5306360630227582,0.0,1.0,15423.0,291
48.796|2.417,0.5306666666666666,0.0,1.0,9000.0,300
48.802|2.454,0.5307170364936732,0.0,1.0,5453.0,287
48.887|2.284,0.5310087836039393,0.0,1.0,7514.0,289
48.874|2.345,0.5310763888888889,0.024305555555555556,1.0,5760.0,288
48.851|2.369,0.5316041848299913,0.010135135135135136,1.0,18352.0,296
48.867|2.226,0.5319923371647509,0.0034482758620689655,1.0,5220.0,290
48.906|2.332,0.5322147651006711,0.0,1.0,8940.0,298
48.851|2.342,0.5323619469960933,0.0,1.0,9471.0,287
48.852|2.374,0.532433521353747,0.0,1.0,9928.0,292
48.906|2.239,0.5325783972125435,0.013937282229965157,1.0,5740.0,287
48.846|2.374,0.5339442535318824,0.07560137457044673,1.0,13095.0,291
48.787|2.398,0.5359913124418243,0.0,1.0,6446.0,293
48.865|2.3,0.5366194158075601,0.0,1.0,9312.0,291
48.89|2.292,0.5367144147631953,0.0,1.0,7749.0,287
48.839|2.292,0.5367421922841397,0.01056338028169014,1.0,13064.0,284
48.863|2.341,0.5372042341220423,0.0,1.0,6424.0,292
48.899|2.296,0.5374163879598662,0.0033444816053511705,1.0,4784.0,299
48.871|2.228,0.5378006872852233,0.0,1.0,7566.0,291
48.857|2.354,0.538703071672355,0.0,1.0,7325.0,293
48.855|2.333,0.5393975367265172,0.040955631399317405,1.0,6739.0,293
48.893|2.289,0.5394029047875202,0.0034965034965034965,1.0,7436.0,286
48.926|2.391,0.5396515679442508,0.0,1.0,7175.0,287
48.866|2.334,0.5400696864111498,0.0,1.0,7175.0,287
48.869|2.362,0.5405679513184584,0.0,1.0,4930.0,290
48.854|2.33,0.5407523510971787,0.0034482758620689655,1.0,6380.0,290
48.864|2.348,0.542031686859273,0.008620689655172414,1.0,15307.0,580
48.862|2.357,0.5427062465853214,0.0,1.0,5491.0,289
48.854|2.385,0.5434030389649466,0.0,1.0,6647.0,289
48.933|2.356,0.5436078006500542,0.0,1.0,7384.0,284
48.855|2.387,0.5439810599162266,0.0,1.0,5491.0,289
48.839|2.253,0.5444420415224913,0.010380622837370242,1.0,9248.0,289
48.878|2.182,0.5444444444444444,0.003367003367003367,1.0,5940.0,297
48.868|2.365,0.5453216374269005,0.0,1.0,10944.0,288
48.863|2.371,0.5457142857142857,0.0,1.0,5600.0,280
48.866|2.351,0.5457396193771626,0.0,1.0,9248.0,289
48.872|2.348,0.54576802507837,0.0,1.0,9570.0,290
48.915|2.404,0.5479710600817868,0.0,1.0,6358.0,289
48.786|2.33,0.5481727574750831,0.0,1.0,7224.0,301
48.835|2.284,0.5482758620689655,0.0,1.0,6380.0,290
48.832|2.288,0.5484429065743944,0.0,1.0,8092.0,289
48.785|2.398,0.5487179487179487,0.0,1.0,8970.0,299
48.906|2.439,0.5487514863258026,0.0,1.0,8410.0,290
48.864|2.334,0.5490282685512368,0.0,1.0,6792.0,283
48.842|2.233,0.5494672754946727,0.0,1.0,7884.0,292
48.84|2.361,0.5497835497835497,0.0,1.0,6237.0,297
48.911|2.368,0.550179211469534,0.0,1.0,8928.0,288
48.898|2.294,0.5504789272030651,0.0,1.0,10440.0,290
48.853|2.334,0.5509893455098934,0.0,1.0,5256.0,292
48.859|2.379,0.5510692081710733,0.0,1.0,14637.0,287
48.869|2.324,0.5512191196588074,0.0,1.0,12427.0,289
48.844|2.37,0.5515233353025573,0.04844290657439446,1.0,11849.0,289
48.894|2.267,0.5515440159778767,0.0,1.0,6509.0,283
48.861|2.225,0.5518337769890564,0.0,1.0,13524.0,294
48.844|2.39,0.5544217687074829,0.01020408163265306,1.0,4410.0,294
48.822|2.285,0.5549125514403292,0.0,1.0,7776.0,288
48.826|2.345,0.5555690072639226,0.003389830508474576,1.0,8260.0,295
48.828|2.242,0.5564916503685874,0.0,1.0,6647.0,289
48.918|2.394,0.5567474048442906,0.0,1.0,8670.0,289
48.856|2.353,0.5569686411149826,0.0,1.0,17220.0,287
48.93|2.284,0.5570833333333334,0.0,1.0,12000.0,300
48.905|2.311,0.5580756013745705,0.0,1.0,10185.0,291
48.861|2.376,0.5583784644791334,0.0,1.0,12556.0,292
48.863|2.34,0.5595070422535211,0.0,1.0,8520.0,284
48.851|2.287,0.559572440087146,0.0,1.0,14688.0,288
48.859|2.352,0.5597363945578231,0.0,1.0,9408.0,294
48.855|2.295,0.5600486470051688,0.0,1.0,6578.0,286
48.843|2.362,0.5601598173515981,0.0821917808219178,1.0,8760.0,292
48.836|2.303,0.5603819257665411,0.0,1.0,7436.0,286
48.858|2.347,0.5603941513032422,0.0,1.0,6292.0,286
48.85|2.364,0.5605442176870749,0.01020408163265306,1.0,4410.0,294
48.77|2.462,0.5611030126336249,0.0,1.0,8232.0,294
48.814|2.51,0.5620006391818473,0.0,1.0,6258.0,298
48.858|2.319,0.5632159221076747,0.0,1.0,13968.0,291
48.867|2.354,0.5633103448275862,0.0,1.0,7250.0,290
48.86|2.346,0.5639285714285714,0.0,1.0,5600.0,280
48.858|2.336,0.5643767996709173,0.0,1.0,4862.0,286
48.846|2.37,0.5653755868544601,0.0,1.0,8520.0,284
48.87|2.326,0.565814393939394,0.027777777777777776,1.0,6336.0,288
48.85|2.376,0.5663028097837073,0.0,1.0,9894.0,291
48.863|2.35,0.5677083333333334,0.0,1.0,9792.0,288
48.837|2.44,0.5677397260273973,0.0,1.0,14600.0,292
48.888|2.278,0.5680000000000001,0.0,1.0,7375.0,295
48.857|2.342,0.5686939182452642,0.0,1.0,5015.0,295
48.908|2.341,0.5699558173784978,0.0,1.0,8148.0,291
48.852|2.348,0.5703289521458136,0.0,1.0,13771.0,293
48.843|2.246,0.5704152249134948,0.0,1.0,5780.0,289
48.779|2.461,0.5704938271604938,0.0,1.0,8100.0,300
48.848|2.237,0.5709030948756976,0.00684931506849315,1.0,7884.0,292
48.874|2.348,0.5717727363983136,0.0,1.0,4981.0,293
48.859|2.304,0.5724137931034483,0.0,1.0,8120.0,290
48.831|2.38,0.5727499480357514,0.0,1.0,9622.0,283
48.85|2.268,0.5731854352544008,0.0,1.0,8294.0,286
48.836|2.372,0.5754385964912281,0.0,1.0,10260.0,285
48.864|2.343,0.5760290556900726,0.0,1.0,15635.0,590
48.905|2.302,0.5763377515954836,0.024054982817869417,1.0,8148.0,291
48.782|2.394,0.5782229070364663,0.0,1.0,9735.0,295
48.915|2.376,0.5790123456790124,0.030303030303030304,1.0,8910.0,297
48.82|2.474,0.579406779661017,0.0,1.0,11800.0,295
48.815|2.402,0.5797701149425287,0.0,1.0,8700.0,290
48.815|2.459,0.5799840298110194,0.0,1.0,11271.0,289
48.853|2.377,0.5801535087719298,0.0,1.0,9120.0,285
48.91|2.245,0.5804916732751785,0.006872852233676976,1.0,7566.0,291
48.844|2.277,0.5812865497076023,0.007017543859649123,1.0,5985.0,285
48.849|2.356,0.5820205479452054,0.0,1.0,11680.0,292
48.864|2.352,0.5821902531504405,0.0,1.0,17934.0,294
48.932|2.289,0.5841049382716049,0.0,1.0,7776.0,288
48.87|2.323,0.5844227975732718,0.0,1.0,23406.0,282
48.871|2.359,0.5844671201814059,0.0,1.0,5292.0,294
48.814|2.391,0.5854308873720137,0.0,1.0,9376.0,293
48.86|2.344,0.5861015654830087,0.0,1.0,7857.0,291
48.857|2.351,0.587218045112782,0.0,1.0,3990.0,285
48.862|2.373,0.5872222222222222,0.020833333333333332,1.0,7200.0,288
48.865|2.303,0.5877420878601795,0.0,1.0,16936.0,292
48.829|2.376,0.5878324573976748,0.0,1.0,6279.0,299
48.816|2.383,0.5897852147852147,0.0,1.0,8008.0,286
48.765|2.407,0.5904761904761905,0.0,1.0,10290.0,294
48.847|2.377,0.5912884715701617,0.0,1.0,15336.0,284
48.859|2.348,0.5913504691962465,0.0,1.0,12255.0,285
48.866|2.325,0.5921602787456446,0.0,1.0,11480.0,287
48.815|2.412,0.5923423423423424,0.04054054054054054,1.0,7992.0,296
48.864|2.336,0.5928597516435354,0.0,1.0,10952.0,296
48.854|2.37,0.5930839075278511,0.0,1.0,15529.0,293
48.784|2.454,0.5930930930930931,0.0,1.0,7992.0,296
48.914|2.229,0.5933219178082192,0.0,1.0,5840.0,292
48.916|2.381,0.5939625343037824,0.0,1.0,8381.0,289
48.824|2.51,0.5945029775538251,0.0,1.0,10915.0,295
48.823|2.378,0.5950035186488388,0.0,1.0,14210.0,290
48.902|2.313,0.5952447552447553,0.0034965034965034965,1.0,7150.0,286
48.843|2.222,0.5952461799660442,0.0,1.0,8835.0,285
48.889|2.196,0.5956902356902357,0.0,1.0,7425.0,297
48.867|2.365,0.5957602339181286,0.0,1.0,5472.0,288
48.875|2.327,0.5960609438870309,0.013377926421404682,1.0,8073.0,299
48.867|2.337,0.5960919540229885,0.0,1.0,8700.0,290
48.863|2.354,0.5965231453406105,0.0,1.0,4947.0,291
48.861|2.368,0.597594501718213,0.0,1.0,8730.0,291
48.876|2.327,0.5984779299847793,0.0,1.0,13140.0,292
48.852|2.368,0.5990147783251232,0.0,1.0,10150.0,290
48.871|2.487,0.5991869918699188,0.0,1.0,8610.0,287
48.832|2.229,0.5995053272450532,0.0,1.0,5256.0,292
48.846|2.237,0.600071225071225,0.0,1.0,11232.0,288
48.909|2.358,0.6004616132167152,0.0,1.0,8232.0,294
48.839|2.357,0.6016581129095934,0.0,1.0,5066.0,298
48.848|2.376,0.6021220159151194,0.0,1.0,7540.0,290
48.853|2.352,0.6025886864813039,0.0,1.0,6258.0,298
48.926|2.274,0.6028716216216216,0.006756756756756757,1.0,5920.0,296
48.854|2.339,0.6032601880877743,0.0,1.0,15950.0,290
48.919|2.281,0.6042387543252595,0.031141868512110725,1.0,4624.0,289
48.819|2.254,0.6042416966786714,0.0,1.0,9996.0,294
48.864|2.366,0.6046139359698682,0.0,1.0,10620.0,295
48.843|2.385,0.6053264604810997,0.0,1.0,11640.0,291
48.94|2.328,0.6053837342497136,0.0,1.0,8730.0,291
48.85|2.345,0.6057233704292527,0.0,1.0,10064.0,296
48.823|2.392,0.6060823754789273,0.003472222222222222,1.0,8352.0,288
48.836|2.281,0.606562137049942,0.0,1.0,6888.0,287
48.944|2.306,0.6069135273972602,0.0,1.0,9344.0,292
48.906|2.235,0.6074829931972789,0.0,1.0,5880.0,294
48.837|2.392,0.6085304054054054,0.0,1.0,11840.0,296
48.867|2.364,0.6085858585858586,0.0,1.0,5148.0,286
48.836|2.233,0.609198606271777,0.0,1.0,7175.0,287
48.873|2.335,0.6100195185426155,0.0,1.0,15370.0,290
48.862|2.35,0.6107758620689655,0.03793103448275862,1.0,4640.0,290
48.846|2.279,0.6111500974658869,0.0,1.0,12825.0,285
48.85|2.273,0.6111880046136101,0.0,1.0,8670.0,289
48.834|2.29,0.6114175399889686,0.0,1.0,10878.0,294
48.912|2.296,0.6120352250489237,0.02054794520547945,1.0,8176.0,292
48.855|2.34,0.6130736714975845,0.0,1.0,6624.0,288
48.881|2.48,0.613664596273292,0.0,1.0,10465.0,299
48.805|2.418,0.6141496598639455,0.0,1.0,7350.0,294
48.924|2.254,0.614406779661017,0.0,1.0,7080.0,295
48.803|2.428,0.6151586368977673,0.0,1.0,13616.0,296
48.858|2.3,0.615435428823076,0.0,1.0,9083.0,293
48.834|2.37,0.6158307210031349,0.0,1.0,6380.0,290
48.837|2.402,0.6164487686226817,0.0,1.0,6578.0,286
48.866|2.331,0.6167241379310344,0.0,1.0,5800.0,290
48.854|2.29,0.6167620258529349,0.0,1.0,9438.0,286
48.918|2.373,0.6169491525423729,0.0,1.0,5900.0,295
48.858|2.365,0.6173489278752438,0.0,1.0,5130.0,285
48.856|2.368,0.6175359032501889,0.0,1.0,5292.0,294
48.837|2.374,0.6177458033573142,0.0,1.0,8340.0,278
48.815|2.398,0.6191294387170676,0.0,1.0,8730.0,291
48.848|2.284,0.6211142883497832,0.0,1.0,21682.0,293
48.858|2.368,0.6212305611899932,0.0,1.0,14790.0,290
48.848|2.35,0.6213420316868593,0.0,1.0,10730.0,290
48.851|2.278,0.6216498693542366,0.0,1.0,13395.0,285
48.904|2.319,0.6218798151001541,0.0,1.0,6490.0,295
48.85|2.295,0.6221005475360876,0.0,1.0,10045.0,287
48.833|2.286,0.6222943722943723,0.0,1.0,6468.0,294
48.824|2.272,0.622747464588048,0.0,1.0,11931.0,291
48.928|2.368,0.622948717948718,0.0,1.0,7800.0,300
48.83|2.262,0.6232142857142857,0.030612244897959183,1.0,11760.0,294
48.838|2.288,0.6233837188126025,0.01384083044982699,1.0,5491.0,289
48.868|2.349,0.6233952702702703,0.0,1.0,11840.0,296
48.858|2.362,0.6237331081081081,0.0,1.0,7104.0,296
48.856|2.358,0.6237512487512488,0.0,1.0,8008.0,286
48.853|2.344,0.6237926972909305,0.0,1.0,8490.0,283
48.865|2.329,0.6240955746256099,0.0,1.0,5943.0,283
48.854|2.369,0.624287856071964,0.0,1.0,6670.0,290
48.775|2.314,0.6244514106583072,0.0,1.0,6380.0,290
48.837|2.293,0.6245033961296936,0.0,1.0,7803.0,289
48.82|2.485,0.6248261913790925,0.0,1.0,7911.0,293
48.904|2.245,0.6261324041811847,0.0,1.0,5740.0,287
48.832|2.389,0.6270525322428436,0.0,1.0,15895.0,289
48.849|2.37,0.6275951557093425,0.0,1.0,4624.0,289
48.801|2.402,0.628982128982129,0.006734006734006734,1.0,7722.0,297
48.856|2.379,0.6290010146665437,0.0,1.0,10841.0,293
48.867|2.348,0.6294491525423729,0.003389830508474576,1.0,4720.0,295
48.842|2.281,0.629900803023146,0.0,1.0,8468.0,292
48.842|2.24,0.6303389830508475,0.0,1.0,5900.0,295
48.855|2.373,0.6310303752233472,0.0,1.0,6716.0,292
48.89|2.27,0.6314194818966823,0.003484320557491289,1.0,6601.0,287
48.851|2.384,0.6314861400652666,0.0,1.0,24969.0,574
48.833|2.371,0.6327245083721768,0.0,1.0,20845.0,579
48.81|2.344,0.6332179930795848,0.0,1.0,8092.0,289
48.864|2.362,0.633362676056338,0.0,1.0,9088.0,284
48.865|2.345,0.6336570945945946,0.0,1.0,4736.0,296
48.812|2.402,0.637694777229661,0.0,1.0,12771.0,297
48.91|2.239,0.6383317025440313,0.0,1.0,8176.0,292
48.92|2.315,0.6391184573002755,0.003367003367003367,1.0,6534.0,297
48.814|2.392,0.6401040215473206,0.0,1.0,10767.0,291
48.874|2.326,0.6417249417249418,0.006993006993006993,1.0,8580.0,286
48.839|2.278,0.6417525773195877,0.0,1.0,10476.0,291
48.853|2.361,0.6421105027376804,0.0,1.0,8036.0,287
48.789|2.428,0.6429398148148148,0.0,1.0,6912.0,288
48.851|2.356,0.6435087719298246,0.0,1.0,7125.0,285
48.858|2.382,0.6438802083333334,0.0,1.0,4608.0,288
48.823|2.497,0.6441008316008316,0.0,1.0,7696.0,296
48.863|2.496,0.6447117220313097,0.0,1.0,5238.0,291
48.856|2.375,0.645292039077115,0.0176678445229682,1.0,9622.0,283
48.865|2.346,0.6458437033349925,0.0,1.0,8036.0,287
48.846|2.379,0.6472693032015066,0.0,1.0,5310.0,295
48.862|2.338,0.6476582604220278,0.0,1.0,19430.0,290
48.913|2.273,0.6485594237695078,0.0,1.0,9996.0,294
48.816|2.351,0.6486827033218786,0.0,1.0,8730.0,291
48.86|2.361,0.6487485779294654,0.0,1.0,10548.0,293
48.821|2.237,0.648925148925149,0.0,1.0,7722.0,297
48.857|2.371,0.6497747747747749,0.0,1.0,9768.0,296
48.847|2.386,0.6499049730757048,0.0,1.0,12628.0,287
48.866|2.365,0.6526155021000382,0.0,1.0,13095.0,291
48.823|2.269,0.6539294219528037,0.0,1.0,9238.0,298
48.846|2.285,0.6545200372786579,0.0,1.0,10730.0,290
48.862|2.365,0.6549337787853479,0.0,1.0,8381.0,289
48.807|2.337,0.6551238738738738,0.0,1.0,7104.0,296
48.913|2.258,0.655226480836237,0.0,1.0,5740.0,287
48.895|2.196,0.6557163766466092,0.0,1.0,12298.0,286
48.824|2.377,0.655743879472693,0.0,1.0,18585.0,295
48.845|2.287,0.6560657772261868,0.0,1.0,6446.0,293
48.898|2.285,0.6565743944636678,0.0,1.0,8092.0,289
48.875|2.249,0.6578325629173087,0.0,1.0,19470.0,295
48.835|2.367,0.657993079584775,0.0,1.0,7225.0,289
48.869|2.35,0.6592775041050902,0.0034482758620689655,1.0,6090.0,290
48.858|2.358,0.6600985221674877,0.0,1.0,8323.0,287
48.853|2.343,0.6602982292637465,0.0,1.0,10730.0,290
48.836|2.29,0.6606475716064757,0.0,1.0,6424.0,292
48.861|2.296,0.6632064590542099,0.0,1.0,17340.0,289
48.796|2.426,0.6633316008316008,0.0,1.0,7696.0,296
48.923|2.26,0.6637307329348852,0.0,1.0,6358.0,289
48.855|2.361,0.6650937689050213,0.0,1.0,8265.0,285
48.907|2.247,0.6657575757575758,0.0,1.0,6600.0,300
48.917|2.313,0.6658676893576222,0.0,1.0,6258.0,298
48.832|2.49,0.6664472240509107,0.0,1.0,9114.0,294
48.809|2.435,0.6668308702791461,0.0,1.0,6090.0,290
48.841|2.288,0.6688200498132004,0.0,1.0,12848.0,292
48.842|2.286,0.6689895470383276,0.0,1.0,10332.0,287
48.851|2.292,0.6700270113833686,0.0,1.0,20732.0,292
48.832|2.386,0.6702289023717595,0.0,1.0,14504.0,296
48.827|2.278,0.6733054930934789,0.0,1.0,15565.0,283
48.851|2.284,0.6735159817351598,0.0,1.0,7008.0,292
48.865|2.352,0.6738226368438799,0.0,1.0,8897.0,287
48.857|2.373,0.6740190202189723,0.0,1.0,12513.0,291
48.862|2.36,0.6746973365617434,0.0,1.0,8260.0,295
48.803|2.425,0.6749158249158249,0.0,1.0,5940.0,297
48.854|2.357,0.6755050505050505,0.0,1.0,10296.0,286
48.842|2.377,0.6757369614512472,0.0,1.0,10584.0,294
48.827|2.268,0.6760026155187445,0.0,1.0,9176.0,296
48.931|2.26,0.6762798634812287,0.0,1.0,5860.0,293
48.866|2.356,0.6799007444168734,0.0,1.0,8866.0,286
48.794|2.337,0.6799307958477508,0.0,1.0,5780.0,289
48.804|2.409,0.6801864801864802,0.0,1.0,8580.0,286
48.925|2.364,0.681781045751634,0.0,1.0,9792.0,288
48.822|2.459,0.6822316555488175,0.0,1.0,9894.0,291
48.854|2.364,0.6827586206896552,0.0034482758620689655,1.0,5800.0,290
48.914|2.413,0.6828178694158075,0.0,1.0,5820.0,291
48.85|2.379,0.6836965294592414,0.0,1.0,12390.0,295
48.885|2.248,0.6846836049856184,0.0,1.0,8344.0,298
48.84|2.228,0.6866368410815016,0.0,1.0,15423.0,291
48.782|2.317,0.6867586206896552,0.0,1.0,7250.0,290
48.825|2.259,0.6889441876999645,0.0,1.0,8439.0,291
48.83|2.275,0.694905142584417,0.0,1.0,8381.0,289
48.855|2.338,0.6969144800777454,0.0,1.0,8232.0,294
48.902|2.317,0.6969827586206897,0.0,1.0,6960.0,290
48.922|2.295,0.6970219435736676,0.0,1.0,6380.0,290
48.831|2.279,0.7022546419098143,0.0034482758620689655,1.0,7540.0,290
48.875|2.323,0.7028546712802768,0.0,1.0,9248.0,289
48.866|2.36,0.7037507946598855,0.0,1.0,9438.0,286
48.88|2.183,0.7043478260869565,0.0,1.0,5980.0,299
48.875|2.232,0.7052151238591917,0.0,1.0,7670.0,295
48.861|2.34,0.7067796610169491,0.0,1.0,5310.0,295
48.843|2.386,0.7068602693602694,0.0,1.0,4752.0,297
48.922|2.272,0.7072463768115942,0.0,1.0,8970.0,299
48.845|2.383,0.7075452716297786,0.0,1.0,9940.0,284
48.879|2.242,0.7090909090909091,0.0,1.0,8910.0,297
48.851|2.347,0.7134917175239756,0.0,1.0,9176.0,296
48.844|2.379,0.7169117647058824,0.0,1.0,19856.0,292
48.835|2.376,0.7176174223955794,0.0,1.0,12306.0,293
48.838|2.382,0.7184634946128622,0.0,1.0,14943.0,293
48.85|2.352,0.721856243595374,0.0,1.0,6831.0,297
48.827|2.261,0.7231838127742565,0.0,1.0,8204.0,293
48.856|2.356,0.7244514106583072,0.0,1.0,12760.0,290
48.849|2.282,0.7302926168905551,0.0,1.0,9603.0,291
48.853|2.293,0.738831615120275,0.0,1.0,3492.0,291
48.824|2.261,0.7396587030716724,0.0,1.0,7325.0,293
48.821|2.256,0.7412604042806182,0.0,1.0,8410.0,290
48.825|2.389,0.750704852351981,0.0,1.0,13478.0,293
48.85|2.353,0.7523344947735191,0.0,1.0,7175.0,287
48.821|2.379,0.7543859649122807,0.0,1.0,5472.0,288
48.809|2.46,0.757546408393866,0.0,1.0,6195.0,295
48.825|2.265,0.7591104260706815,0.0,1.0,9083.0,293
48.84|2.379,0.7592066498316499,0.0,1.0,19008.0,288
48.829|2.225,0.762104506232023,0.0,1.0,8344.0,298
48.835|2.448,0.7684931506849315,0.0,1.0,10220.0,292
48.834|2.387,0.7700784064420428,0.0,1.0,18876.0,286
48.84|2.383,0.7701477832512316,0.0,1.0,10150.0,290
48.825|2.395,0.7808415032679739,0.0,1.0,4896.0,288
48.835|2.386,0.7822975517890772,0.0,1.0,10620.0,295
48.792|2.395,0.7955326460481099,0.0,1.0,8148.0,291
48.92|2.298,0.7970890410958904,0.0,1.0,5840.0,292
48.843|2.283,0.80092316855271,0.0,1.0,6716.0,292
48.767|2.414,0.8037795831861533,0.0,1.0,5662.0,298
48.819|2.397,0.807327141382869,0.0,1.0,9690.0,285
48.827|2.272,0.8151129943502825,0.0,1.0,7080.0,295
48.821|2.251,0.8448872449588355,0.0,1.0,8381.0,289
48.934|2.306,0.8571661636348805,0.0,1.0,12259.0,299
48.848|2.342,,1.0,1.0,0.0,156
