station_id,mae_model,mae_baseline,rmse_model,rmse_baseline,coverage_pred_pct,n,lift_vs_baseline
10003,,0.0,,0.0,0.0,386.0,
10004,5.322385204679747,0.0,7.286022036634871,0.0,99.48586118251927,389.0,
10005,,0.0,,0.0,0.0,387.0,
10006,3.983096566891374,0.0,5.323953386924075,0.0,99.73753280839895,381.0,
10008,2.115163600912325,0.0,2.7667980479501773,0.0,99.49238578680203,394.0,
10009,2.456935670778001,0.0,3.275776566458419,0.0,99.74160206718346,387.0,
1001,3.009435395950452,0.0,4.0932293662224,0.0,99.74619289340102,394.0,
10010,3.7182937968206597,0.0,4.9603911941031456,0.0,99.48849104859335,391.0,
10011,2.477637484035367,0.0,3.388464617558122,0.0,99.74226804123711,388.0,
10012,2.555524488593624,0.0,3.4473491450658464,0.0,99.48849104859335,391.0,
10013,4.695059936956967,0.0,6.7953364422757225,0.0,99.47506561679789,381.0,
10014,4.734606508168044,0.0,6.453556236747633,0.0,99.46808510638297,376.0,
10015,3.0343574719236597,0.0,3.939750841751504,0.0,99.47089947089947,378.0,
10016,,0.0,,0.0,0.0,392.0,
10017,2.0900244267749675,0.0,2.7247317631519645,0.0,99.74424552429667,391.0,
10018,2.822780252081639,0.0,3.769677554826803,0.0,99.48320413436691,387.0,
10019,3.928628872435265,0.0,5.529015362612551,0.0,99.4949494949495,396.0,
1002,,0.0,,0.0,0.0,384.0,
10020,1.8288997788324686,0.0,2.232239982837978,0.0,99.74160206718346,387.0,
10021,1.879625524612805,0.0,2.379025751565773,0.0,99.74683544303798,395.0,
10023,,0.0,,0.0,0.0,389.0,
10025,,0.0,,0.0,0.0,391.0,
10026,2.8499816430141087,0.0,3.7458108045456875,0.0,99.74093264248705,386.0,
10027,2.6674881474508285,0.0,3.8640655507631094,0.0,99.48717948717949,390.0,
10029,,0.0,,0.0,0.0,392.0,
1003,5.013069817721299,0.0,6.811119817485911,0.0,99.47368421052632,380.0,
10031,3.7561385046252456,0.0,5.038508448787445,0.0,99.47916666666666,384.0,
10032,2.503824849134746,0.0,3.4889543434896657,0.0,99.74619289340102,394.0,
10033,2.4959388532599194,0.0,3.40313367520434,0.0,99.48320413436691,387.0,
10034,2.1703794073729914,0.0,2.9732627108237577,0.0,99.48586118251927,389.0,
10036,,0.0,,0.0,0.0,389.0,
10037,2.121624378500329,0.0,3.151438406196275,0.0,99.74226804123711,388.0,
10039,,0.0,,0.0,0.0,383.0,
10041,1.753945157874483,0.0,2.394749683537105,0.0,99.73890339425587,383.0,
10042,3.976434358858902,0.0,5.96326599638404,0.0,99.74093264248705,386.0,
1006,4.1259956429488485,0.0,5.524082982231724,0.0,99.74160206718346,387.0,
1007,2.535807289676503,0.0,3.2323309243842377,0.0,99.74358974358975,390.0,
1008,4.087935110888126,0.0,5.710239707717557,0.0,99.48979591836735,392.0,
10105,3.1145287370707058,0.0,4.053680776232896,0.0,100.0,381.0,
10107,3.262761179790045,0.0,4.878614297579696,0.0,99.49238578680203,394.0,
10110,2.1517661242712918,0.0,2.790790368710223,0.0,99.48849104859335,391.0,
10113,3.308558824466932,0.0,4.620737580779226,0.0,99.48717948717949,390.0,
10114,,0.0,,0.0,0.0,390.0,
10115,2.4005778100878823,0.0,3.327538853905336,0.0,99.74619289340102,394.0,
1012,3.0334011210726364,0.0,4.117441085612908,0.0,99.74160206718346,387.0,
1013,4.387910224179991,0.0,6.707441161728359,0.0,99.74424552429667,391.0,
1014,,0.0,,0.0,0.0,384.0,
1015,,0.0,,0.0,0.0,396.0,
10151,4.460816664390309,0.0,6.067361011285383,0.0,99.74554707379136,393.0,
1016,3.198009118605312,0.0,4.798910160547575,0.0,99.48186528497409,386.0,
10161,2.7819575156482124,0.0,3.9497367376958747,0.0,99.75062344139651,401.0,
10162,2.0567337743690155,0.0,2.7178816785400683,0.0,99.73753280839895,381.0,
10163,,0.0,,0.0,0.0,382.0,
10164,2.838496235609941,0.0,3.9618724441437503,0.0,99.48320413436691,387.0,
10165,3.987550900934977,0.0,5.701379959054661,0.0,100.0,392.0,
10166,1.5229255080138844,0.0,2.070588500215563,0.0,99.74619289340102,394.0,
1017,2.571239178611571,0.0,3.480972174738953,0.0,99.49238578680203,394.0,
1018,,0.0,,0.0,0.0,384.0,
1020,4.184690982188689,0.0,6.242261087033326,0.0,100.0,382.0,
10201,2.7929283935842384,0.0,3.765216117723168,0.0,99.74093264248705,386.0,
10202,3.390080846305563,0.0,4.542857302832065,0.0,99.74293059125964,389.0,
10206,2.8575433917629494,0.0,4.0295135793144174,0.0,99.73958333333334,384.0,
10207,0.7401848006682484,0.0,0.8368118206789373,0.0,100.0,161.0,
1021,3.0965206678202333,0.0,3.9949636673787468,0.0,99.73474801061008,377.0,
1022,,0.0,,0.0,0.0,389.0,
1023,3.9349478052629716,0.0,5.901108636990786,0.0,99.48717948717949,390.0,
1024,3.110807585169412,0.0,4.34119001630331,0.0,99.4949494949495,396.0,
1025,2.4114223555326273,0.0,3.2925831036065096,0.0,99.74424552429667,391.0,
1026,3.052889232592034,0.0,4.847296592673479,0.0,99.73684210526315,380.0,
11001,5.719041368918578,0.0,7.746517416624107,0.0,99.49109414758269,393.0,
11002,2.922389752402594,0.0,3.922410230242207,0.0,99.49109414758269,393.0,
11003,,0.0,,0.0,0.0,380.0,
11004,4.73688205737514,0.0,6.294249326784607,0.0,99.74293059125964,389.0,
11006,,0.0,,0.0,0.0,391.0,
11007,4.410053502394622,0.0,6.083447368459742,0.0,99.74160206718346,387.0,
11009,3.2823644603020785,0.0,4.319031189235473,0.0,99.48453608247422,388.0,
11010,2.994967672562776,0.0,3.9889474867293786,0.0,99.74424552429667,391.0,
11011,3.091426653764769,0.0,4.363630993218956,0.0,99.48586118251927,389.0,
11012,,0.0,,0.0,0.0,386.0,
11014,4.392311187379064,0.0,6.116255258392391,0.0,99.47780678851174,383.0,
11016,2.54711201906648,0.0,3.5378101206927433,0.0,99.73821989528795,382.0,
11017,2.759801826879451,0.0,3.8515014569088373,0.0,99.73684210526315,380.0,
11018,,0.0,,0.0,0.0,388.0,
11019,3.7051517934337213,0.0,5.110208805404613,0.0,99.47643979057592,382.0,
1102,4.1995243359623355,0.0,5.961780365509103,0.0,99.73890339425587,383.0,
11020,5.257448306188237,0.0,7.543375014762686,0.0,99.48051948051948,385.0,
11021,,0.0,,0.0,0.0,378.0,
11022,2.1728710252485883,0.0,2.72820438043776,0.0,99.73958333333334,384.0,
11023,4.30863975441962,0.0,6.527426754086861,0.0,99.73958333333334,384.0,
11024,5.416319417806814,0.0,7.628547417391976,0.0,99.48320413436691,387.0,
11025,4.990263074003538,0.0,6.452468347900089,0.0,99.74424552429667,391.0,
11026,4.730215112604097,0.0,6.3991793186332,0.0,100.0,382.0,
11027,3.5834676401206913,0.0,4.9741222511145,0.0,99.47643979057592,382.0,
11028,,0.0,,0.0,0.0,389.0,
11029,4.623845602860937,0.0,6.241283800436064,0.0,99.73958333333334,384.0,
11030,3.35419935854082,0.0,4.468652939787525,0.0,99.46949602122017,377.0,
11031,3.729969186984727,0.0,4.944558098394102,0.0,99.74619289340102,394.0,
11032,,0.0,,0.0,0.0,388.0,
11033,3.96394600906536,0.0,5.1041950381699115,0.0,99.49367088607595,395.0,
11034,3.9698222954465474,0.0,5.56283090372547,0.0,99.74160206718346,387.0,
11035,,0.0,,0.0,0.0,387.0,
11036,4.933858489141257,0.0,7.059410073906276,0.0,99.47643979057592,382.0,
11037,,0.0,,0.0,0.0,386.0,
11038,3.5650771853690744,0.0,5.370170803857969,0.0,99.74489795918367,392.0,
11039,3.1472255237077635,0.0,4.486426008465157,0.0,99.73684210526315,380.0,
11040,3.6209902856155343,0.0,5.256121819934561,0.0,99.74683544303798,395.0,
11041,,0.0,,0.0,0.0,390.0,
11042,4.435197732992951,0.0,6.328002652387302,0.0,99.74554707379136,393.0,
11043,,0.0,,0.0,0.0,392.0,
11044,2.1348440434482243,0.0,2.829505810694773,0.0,99.73045822102425,371.0,
11046,,0.0,,0.0,0.0,388.0,
11047,4.451433278326687,0.0,5.781987229483469,0.0,99.74293059125964,389.0,
11048,,0.0,,0.0,0.0,386.0,
11101,4.838320743728418,0.0,6.82193459660314,0.0,99.47643979057592,382.0,
11102,4.111704004416,0.0,5.879145130043125,0.0,99.48320413436691,387.0,
11103,,0.0,,0.0,0.0,392.0,
11104,,0.0,,0.0,0.0,387.0,
11105,2.7238008155453817,0.0,3.6992635572781567,0.0,100.0,383.0,
11107,4.0722812944385876,0.0,5.361668802892527,0.0,99.73958333333334,384.0,
11109,,0.0,,0.0,0.0,395.0,
11110,,0.0,,0.0,0.0,386.0,
11111,2.56749669737011,0.0,3.477938755616716,0.0,99.48717948717949,390.0,
11112,3.194492339857223,0.0,4.21494270846615,0.0,99.48453608247422,388.0,
11113,3.334847891314014,0.0,4.832051348189966,0.0,99.74093264248705,386.0,
11114,3.6804850769444024,0.0,4.7873332664371535,0.0,99.74025974025975,385.0,
11115,2.870602911876719,0.0,3.9445507064288656,0.0,99.74226804123711,388.0,
1116,3.1636045786012543,0.0,4.781306294887076,0.0,99.74747474747475,396.0,
1117,3.981139288762833,0.0,5.297337218687232,0.0,99.74025974025975,385.0,
1119,3.9362935770087204,0.0,5.151005908078722,0.0,100.0,376.0,
1120,4.25516226803128,0.0,5.874686743115297,0.0,99.48320413436691,387.0,
11201,,0.0,,0.0,0.0,393.0,
12001,4.7351727973403595,0.0,6.5651458634829165,0.0,99.74619289340102,394.0,
12002,2.717549736752843,0.0,3.698613823369021,0.0,99.73958333333334,384.0,
12005,4.709427678473757,0.0,6.505111431497128,0.0,100.0,391.0,
12006,,0.0,,0.0,0.0,383.0,
12007,,0.0,,0.0,0.0,383.0,
12008,3.966845782017574,0.0,5.866445746963953,0.0,99.73544973544973,378.0,
12009,2.3875769779396245,0.0,3.09639608050969,0.0,99.74874371859298,398.0,
1201,,0.0,,0.0,0.0,390.0,
12010,,0.0,,0.0,0.0,384.0,
12011,4.028981465478545,0.0,5.529376330528597,0.0,99.47643979057592,382.0,
12013,2.370581186995019,0.0,3.0526403176207157,0.0,99.48849104859335,391.0,
12015,2.087370142221724,0.0,2.6677069356404113,0.0,99.48979591836735,392.0,
12016,,0.0,,0.0,0.0,396.0,
12017,,0.0,,0.0,0.0,394.0,
12018,2.7410863805364545,0.0,3.6946258581931835,0.0,99.47089947089947,378.0,
12019,,0.0,,0.0,0.0,392.0,
12020,2.941592864150146,0.0,4.017272936216104,0.0,99.73958333333334,384.0,
12022,,0.0,,0.0,0.0,385.0,
12024,,0.0,,0.0,0.0,388.0,
12026,3.9249460756061882,0.0,5.557744495650388,0.0,99.74619289340102,394.0,
12027,2.4315844192639826,0.0,3.1985218443685057,0.0,99.74619289340102,394.0,
12028,3.0893692651157583,0.0,4.145051582473276,0.0,99.74358974358975,390.0,
12031,4.243774578823006,0.0,6.040484259962575,0.0,99.49748743718592,398.0,
12032,,0.0,,0.0,0.0,390.0,
12033,4.630149090071236,0.0,6.6906910896767515,0.0,99.48051948051948,385.0,
12034,4.76212482354924,0.0,7.194141578371043,0.0,99.49367088607595,395.0,
12035,4.154763471429156,0.0,5.928642080442906,0.0,99.48586118251927,389.0,
12036,2.9351686079465202,0.0,3.9960889308887735,0.0,99.74489795918367,392.0,
12037,2.268970291366977,0.0,2.9768188451553383,0.0,99.74226804123711,388.0,
12038,3.688560246308257,0.0,5.122211953412224,0.0,100.0,395.0,
12039,4.438570751655054,0.0,6.494944480173752,0.0,98.9769820971867,391.0,
12040,3.941881366052385,0.0,5.96397479461791,0.0,99.73684210526315,380.0,
12041,,0.0,,0.0,0.0,391.0,
12043,4.300095775708474,0.0,5.938822247534609,0.0,99.48453608247422,388.0,
12101,3.1377133021098635,0.0,4.099866623282183,0.0,99.74293059125964,389.0,
12102,3.9042827352200855,0.0,5.248042722530938,0.0,99.47506561679789,381.0,
12105,,0.0,,0.0,0.0,389.0,
12106,4.192096796596934,0.0,7.095173621532657,0.0,99.74358974358975,390.0,
12107,2.3075317164654923,0.0,3.133958366337753,0.0,99.48453608247422,388.0,
12108,,0.0,,0.0,0.0,386.0,
12109,3.593896526149062,0.0,5.183702774837183,0.0,99.74358974358975,390.0,
12111,,0.0,,0.0,0.0,394.0,
12113,,0.0,,0.0,0.0,392.0,
12114,2.3291346889430637,0.0,3.2316241728431687,0.0,99.47780678851174,383.0,
12115,,0.0,,0.0,0.0,394.0,
12119,3.1388363342732664,0.0,4.983185646898923,0.0,99.74093264248705,386.0,
12120,,0.0,,0.0,0.0,382.0,
12122,3.4480933795830855,0.0,4.717583335201894,0.0,99.74025974025975,385.0,
12123,5.0754168357632885,0.0,6.867935365530058,0.0,99.48586118251927,389.0,
12125,5.435304236955766,0.0,7.4244470551634825,0.0,99.74489795918367,392.0,
12126,,0.0,,0.0,0.0,388.0,
12127,,0.0,,0.0,0.0,392.0,
12128,1.6290464792330985,0.0,2.4505644997614846,0.0,99.48979591836735,392.0,
12129,,0.0,,0.0,0.0,397.0,
12150,3.1945342215520123,0.0,4.392818884192201,0.0,99.48320413436691,387.0,
12151,7.068065911383368,0.0,10.570296645592016,0.0,99.74160206718346,387.0,
12153,4.78499620249891,0.0,8.032504237900254,0.0,99.47643979057592,382.0,
12154,4.253392895484005,0.0,5.902831577816111,0.0,99.48320413436691,387.0,
12155,3.6085113874032504,0.0,4.836466791339887,0.0,99.48717948717949,390.0,
12156,2.643679492148818,0.0,3.4880727482639697,0.0,99.74160206718346,387.0,
12157,4.546521333121995,0.0,6.449684504444763,0.0,99.48979591836735,392.0,
12161,4.345417973098211,0.0,5.983385206639751,0.0,99.47643979057592,382.0,
12163,1.8462089185310036,0.0,2.5134738765359628,0.0,99.74160206718346,387.0,
12164,1.9912304489784032,0.0,3.165577972059858,0.0,99.5049504950495,404.0,
12165,2.655916645405488,0.0,3.809243765876091,0.0,99.74489795918367,392.0,
12166,,0.0,,0.0,0.0,399.0,
12201,4.9415776858438125,0.0,6.786995389046068,0.0,99.46808510638297,376.0,
12202,4.222288720839478,0.0,5.864346505146666,0.0,99.49622166246851,397.0,
12203,3.900859952434166,0.0,5.9358275789488655,0.0,99.48320413436691,387.0,
12204,3.9441170536665378,0.0,5.089958869167248,0.0,99.48586118251927,389.0,
12505,4.223858669436919,0.0,5.904227897511289,0.0,81.48148148148148,27.0,
13001,2.9051632882050753,0.0,3.703411265826283,0.0,99.73890339425587,383.0,
13002,3.187441130406055,0.0,4.263514546829756,0.0,99.48717948717949,390.0,
13005,4.375630233953218,0.0,5.764324166019632,0.0,99.73753280839895,381.0,
13006,3.5799926020812354,0.0,4.672666494506706,0.0,99.48717948717949,390.0,
13007,,0.0,,0.0,0.0,392.0,
13008,5.466040663534732,0.0,7.3626029732134395,0.0,99.74424552429667,391.0,
13009,2.5906319471482178,0.0,3.626933352520196,0.0,99.74093264248705,386.0,
13010,5.00823612000339,0.0,6.742266597974193,0.0,99.47643979057592,382.0,
13011,2.0011553249546146,0.0,2.5591017671589684,0.0,99.48717948717949,390.0,
13013,3.2896600431379337,0.0,4.261820543668919,0.0,99.4949494949495,396.0,
13015,4.140040911113192,0.0,5.7628807754255345,0.0,99.48186528497409,386.0,
13016,4.40625933229376,0.0,6.830489424743366,0.0,99.47506561679789,381.0,
13017,,0.0,,0.0,0.0,384.0,
13018,3.23316585599156,0.0,4.4044080230467175,0.0,99.48717948717949,390.0,
13019,3.9972297905016303,0.0,5.799644552883474,0.0,99.73821989528795,382.0,
13020,,0.0,,0.0,0.0,394.0,
13022,,0.0,,0.0,0.0,391.0,
13023,3.2647715437248674,0.0,4.573118968623281,0.0,99.48051948051948,385.0,
13024,4.0824810948426755,0.0,5.719985437269829,0.0,99.48186528497409,386.0,
13026,2.4304963594189504,0.0,3.380605515461547,0.0,99.48051948051948,385.0,
13027,1.808214029449513,0.0,2.3876372690931005,0.0,99.75,400.0,
13028,,0.0,,0.0,0.0,379.0,
13030,,0.0,,0.0,0.0,391.0,
13032,3.019131752269333,0.0,4.066962974933222,0.0,99.47089947089947,378.0,
13033,1.9761863231599228,0.0,2.554814428438283,0.0,99.48586118251927,389.0,
13035,2.2635770596132723,0.0,3.129611151158617,0.0,99.48186528497409,386.0,
13036,3.460936472131642,0.0,4.69854652135497,0.0,99.73821989528795,382.0,
13037,2.4044578102644394,0.0,3.1274549640107634,0.0,99.74554707379136,393.0,
13039,1.589225205777294,0.0,2.0474975684826253,0.0,99.49109414758269,393.0,
13041,4.7572058228011525,0.0,6.739480395790454,0.0,99.74093264248705,386.0,
13043,,0.0,,0.0,0.0,384.0,
13044,3.3945118036153246,0.0,4.648461624954936,0.0,99.74160206718346,387.0,
13045,3.555461977450988,0.0,4.805357952405573,0.0,99.74358974358975,390.0,
13046,3.65025829454576,0.0,4.95432062929395,0.0,99.74226804123711,388.0,
13047,3.3673703902640546,0.0,4.646043837933686,0.0,99.47916666666666,384.0,
13048,,0.0,,0.0,0.0,391.0,
13049,2.588505379838753,0.0,4.086549624619633,0.0,99.49109414758269,393.0,
13050,,0.0,,0.0,0.0,386.0,
13051,3.4877001603707622,0.0,5.688721708012886,0.0,99.48453608247422,388.0,
13052,4.271188444085378,0.0,6.293433155026638,0.0,99.48586118251927,389.0,
13053,3.3981587103677104,0.0,4.573924644794527,0.0,99.74874371859298,398.0,
13054,5.15618834067454,0.0,7.731010714909332,0.0,99.73262032085562,374.0,
13055,5.966853767198562,0.0,9.978945113803782,0.0,100.0,395.0,
13101,2.9665671094375505,0.0,4.2682165342484515,0.0,99.48717948717949,390.0,
13102,,0.0,,0.0,0.0,393.0,
13103,3.9270620986764184,0.0,5.594544247408249,0.0,99.74226804123711,388.0,
13104,3.1144274170577306,0.0,4.389731388398458,0.0,99.75062344139651,401.0,
13106,2.8352400461619225,0.0,4.037198716181193,0.0,99.48051948051948,385.0,
13109,2.3835821506968498,0.0,3.1882148230473812,0.0,99.73821989528795,382.0,
13110,1.5497796748120258,0.0,2.0043857494374513,0.0,99.48586118251927,389.0,
13113,2.84328841175908,0.0,3.7699678289556533,0.0,99.49367088607595,395.0,
13114,1.7286412656269803,0.0,2.2073466891094595,0.0,99.48586118251927,389.0,
13116,3.5534284980603044,0.0,5.502757359321303,0.0,99.47506561679789,381.0,
13117,4.205374976294788,0.0,5.889589114657808,0.0,99.74160206718346,387.0,
13118,3.245473019212401,0.0,4.6174017419719435,0.0,99.74937343358395,399.0,
13120,1.8721006559875306,0.0,2.533533808810525,0.0,99.48453608247422,388.0,
13121,,0.0,,0.0,0.0,390.0,
13123,,0.0,,0.0,0.0,386.0,
13125,4.414694657340833,0.0,6.061547344574602,0.0,99.73821989528795,382.0,
13126,1.947104251532261,0.0,2.551453808864941,0.0,99.74160206718346,387.0,
13128,,0.0,,0.0,0.0,378.0,
13202,,0.0,,0.0,0.0,387.0,
13203,2.415141847628502,0.0,3.562151521472623,0.0,99.48186528497409,386.0,
13204,4.489313435637969,0.0,6.37588343200358,0.0,99.48186528497409,386.0,
13205,,0.0,,0.0,0.0,382.0,
13515,3.2500228858513913,0.0,4.147418831490783,0.0,99.74874371859298,398.0,
13516,2.2826572940103853,0.0,3.0762725773138393,0.0,99.48979591836735,392.0,
14001,3.8524530466486846,0.0,5.173559077703257,0.0,99.74226804123711,388.0,
14002,4.57084600776118,0.0,6.580229074086278,0.0,99.48979591836735,392.0,
14003,3.819208301556431,0.0,5.614100277568384,0.0,99.73614775725594,379.0,
14004,2.5370392403393955,0.0,3.4290084783444046,0.0,99.73821989528795,382.0,
14005,3.704166818308721,0.0,5.074052744298271,0.0,99.74226804123711,388.0,
14006,,0.0,,0.0,0.0,390.0,
14007,,0.0,,0.0,0.0,388.0,
14008,2.394264475222002,0.0,3.3836743370272715,0.0,99.48320413436691,387.0,
14009,,0.0,,0.0,0.0,386.0,
14010,3.9201122946338915,0.0,5.7773566469445266,0.0,99.49109414758269,393.0,
14011,3.2205986942925406,0.0,4.4868741495191236,0.0,99.74093264248705,386.0,
14012,2.5839555219773085,0.0,3.5148334372766294,0.0,99.74093264248705,386.0,
14013,2.79399119819827,0.0,3.8861158952615225,0.0,99.75,400.0,
14014,,0.0,,0.0,0.0,396.0,
14016,3.7199490819729304,0.0,5.712885100482332,0.0,99.48586118251927,389.0,
14018,4.731265885920566,0.0,7.032565247785276,0.0,99.73958333333334,384.0,
14019,2.400003616955982,0.0,3.2873191992045974,0.0,99.48320413436691,387.0,
14020,4.02957099639938,0.0,5.597058779914966,0.0,99.48717948717949,390.0,
14021,,0.0,,0.0,0.0,376.0,
14022,,0.0,,0.0,0.0,387.0,
14023,2.376312513268278,0.0,3.073754908593187,0.0,99.49622166246851,397.0,
14025,,0.0,,0.0,0.0,392.0,
14026,2.7291406151255835,0.0,3.7324196560855336,0.0,99.48586118251927,389.0,
14027,,0.0,,0.0,0.0,385.0,
14030,,0.0,,0.0,0.0,393.0,
14031,2.381558669768365,0.0,3.2433988534950737,0.0,99.74489795918367,392.0,
14032,,0.0,,0.0,0.0,392.0,
14034,,0.0,,0.0,0.0,393.0,
14035,,0.0,,0.0,0.0,381.0,
14036,3.4464924046421466,0.0,5.134293772831168,0.0,99.74226804123711,388.0,
14101,4.149190191600413,0.0,5.752605642076396,0.0,99.4949494949495,396.0,
14103,2.210490533549001,0.0,2.8445288794941397,0.0,99.48051948051948,385.0,
14104,1.8260401583231267,0.0,2.4564878795104423,0.0,99.48051948051948,385.0,
14106,2.161449254095004,0.0,3.0824850908998647,0.0,100.0,391.0,
14108,2.070726049635441,0.0,3.01603702014195,0.0,99.51100244498777,409.0,
14110,,0.0,,0.0,0.0,397.0,
14111,,0.0,,0.0,0.0,384.0,
14112,2.065152435648642,0.0,2.7814311622347225,0.0,99.75,400.0,
14113,2.76883215908041,0.0,4.262382390086683,0.0,99.48586118251927,389.0,
14116,1.4837365269624467,0.0,2.0106075273616555,0.0,99.74683544303798,395.0,
14122,1.3251724219271528,0.0,1.6837310096484077,0.0,99.4949494949495,396.0,
14124,2.226905520605047,0.0,3.089759825138005,0.0,99.73958333333334,384.0,
14125,2.5470798041288556,0.0,3.3490215804396146,0.0,99.49109414758269,393.0,
14127,,0.0,,0.0,0.0,386.0,
14128,,0.0,,0.0,0.0,394.0,
14130,2.686055610117841,0.0,3.8990179712123783,0.0,99.73753280839895,381.0,
14131,,0.0,,0.0,0.0,382.0,
14132,2.3942894985118857,0.0,3.2304506597318388,0.0,99.73684210526315,380.0,
14133,2.90135314406117,0.0,3.9263891943767173,0.0,99.74293059125964,389.0,
14135,3.7733170111459122,0.0,5.359148780006401,0.0,99.73821989528795,382.0,
14136,2.8348095094732826,0.0,4.26591757270902,0.0,99.48849104859335,391.0,
14137,3.0199889104085353,0.0,4.046130386482425,0.0,99.48320413436691,387.0,
14138,,0.0,,0.0,0.0,388.0,
14139,2.3616399861899953,0.0,3.2306202474274675,0.0,99.74358974358975,390.0,
14201,2.307935781295531,0.0,2.9712633505819968,0.0,99.74293059125964,389.0,
15001,,0.0,,0.0,0.0,388.0,
15002,,0.0,,0.0,0.0,391.0,
15003,7.202751699232294,0.0,10.132079362423811,0.0,99.48717948717949,390.0,
15004,2.129067747857569,0.0,2.8799635974989775,0.0,99.73958333333334,384.0,
15005,3.8815249354783288,0.0,5.47792151378286,0.0,99.73544973544973,378.0,
15006,3.2310710653829315,0.0,4.406749076714227,0.0,99.74226804123711,388.0,
15008,4.594906957680183,0.0,6.082358560378374,0.0,99.48979591836735,392.0,
15009,4.556390745969881,0.0,6.833018813814892,0.0,99.47643979057592,382.0,
15010,,0.0,,0.0,0.0,389.0,
15011,3.9283247886418056,0.0,5.864091997566178,0.0,100.0,383.0,
15012,5.345332208481222,0.0,8.170844650645098,0.0,99.73753280839895,381.0,
15013,,0.0,,0.0,0.0,377.0,
15014,3.6763465152511374,0.0,5.032313604385883,0.0,99.74424552429667,391.0,
15017,2.7285481268532235,0.0,3.7310277422323277,0.0,99.73958333333334,384.0,
15018,,0.0,,0.0,0.0,391.0,
15019,3.2060928672831785,0.0,4.7566813296974235,0.0,99.74293059125964,389.0,
15020,4.030401094030486,0.0,5.817982932314864,0.0,99.73544973544973,378.0,
15021,3.9167158441802017,0.0,5.30269021133438,0.0,100.0,381.0,
15022,4.032910346062548,0.0,5.631255841033102,0.0,99.73262032085562,374.0,
15023,4.002253406884131,0.0,5.456180229259376,0.0,99.74025974025975,385.0,
15024,2.77438775114221,0.0,3.5937135464842207,0.0,99.48320413436691,387.0,
15025,4.340230792541329,0.0,5.828031419178913,0.0,99.4949494949495,396.0,
15026,4.336210921010916,0.0,5.750794420837103,0.0,99.47506561679789,381.0,
15027,,0.0,,0.0,0.0,391.0,
15028,4.258338989111029,0.0,5.767072976453451,0.0,99.48979591836735,392.0,
15029,,0.0,,0.0,0.0,383.0,
15030,4.805900657898565,0.0,6.55250713598224,0.0,99.74293059125964,389.0,
15031,,0.0,,0.0,0.0,386.0,
15032,3.9425922193153164,0.0,5.1085850021289625,0.0,99.74747474747475,396.0,
15033,3.085165187462833,0.0,4.055763377951372,0.0,99.48186528497409,386.0,
15034,3.933742524976277,0.0,5.428987005928397,0.0,100.0,380.0,
15035,,0.0,,0.0,0.0,388.0,
15038,,0.0,,0.0,0.0,382.0,
15039,2.0417427178057745,0.0,2.7345232964952775,0.0,99.48849104859335,391.0,
15040,3.4335718969206326,0.0,4.96105309408475,0.0,99.73890339425587,383.0,
15041,3.1543493710529713,0.0,4.529083711518377,0.0,99.73890339425587,383.0,
15042,2.2103148405637003,0.0,3.282471844621665,0.0,99.74619289340102,394.0,
15043,1.551549545789001,0.0,1.9758244103179128,0.0,99.74293059125964,389.0,
15044,2.303258819055746,0.0,3.25430608393761,0.0,99.74619289340102,394.0,
15045,,0.0,,0.0,0.0,394.0,
15046,2.854657708478618,0.0,4.001545763990524,0.0,99.74554707379136,393.0,
15047,2.7280756094766234,0.0,4.100162896642657,0.0,99.5049504950495,404.0,
15050,,0.0,,0.0,0.0,394.0,
15052,5.130411592648656,0.0,7.361788955713536,0.0,99.49238578680203,394.0,
15053,,0.0,,0.0,0.0,381.0,
15054,2.8716137055833717,0.0,3.789139069012475,0.0,99.47643979057592,382.0,
15055,4.636740032290779,0.0,6.5846728492877915,0.0,99.48186528497409,386.0,
15056,3.709530679489877,0.0,6.110422770962636,0.0,99.48320413436691,387.0,
15057,3.6965580160859792,0.0,6.193403124133647,0.0,100.0,387.0,
15058,4.66414587043916,0.0,7.57812409375754,0.0,99.47368421052632,380.0,
15059,0.8210116317732583,0.0,1.157298938892964,0.0,100.0,161.0,
15060,2.6994447810803863,0.0,3.5972244758043552,0.0,99.47506561679789,381.0,
15061,2.8622857149954095,0.0,3.842238370272814,0.0,99.74358974358975,390.0,
15062,3.895742660530951,0.0,5.471698438703663,0.0,99.47916666666666,384.0,
15063,2.4717806955613066,0.0,3.497877775457726,0.0,99.49367088607595,395.0,
15064,3.901331171396153,0.0,5.212427032146877,0.0,99.73753280839895,381.0,
15067,1.6391114948049006,0.0,2.0753106152093435,0.0,99.49109414758269,393.0,
15068,2.243231728807621,0.0,3.0106419022956605,0.0,99.49622166246851,397.0,
15069,4.404892573360851,0.0,5.76036287496028,0.0,99.74358974358975,390.0,
15070,3.487377941131809,0.0,4.890929599412392,0.0,99.74424552429667,391.0,
15071,2.8650256664840965,0.0,3.977022046560958,0.0,99.73684210526315,380.0,
15072,3.4973747735188727,0.0,4.522576754028718,0.0,99.74293059125964,389.0,
15103,3.0911306278054513,0.0,4.559692441326426,0.0,99.48051948051948,385.0,
15104,3.6063220545273578,0.0,6.084534645308658,0.0,99.74358974358975,390.0,
15105,2.7999618766400176,0.0,3.7422641579783336,0.0,99.47916666666666,384.0,
15106,3.370369388488401,0.0,4.494694702279332,0.0,100.0,385.0,
15107,2.931371219118404,0.0,4.027300634805435,0.0,99.74619289340102,394.0,
15108,,0.0,,0.0,0.0,392.0,
15109,,0.0,,0.0,0.0,390.0,
15110,,0.0,,0.0,0.0,383.0,
15111,3.2045057811390443,0.0,4.330108468277978,0.0,99.74293059125964,389.0,
15112,1.8766113793940746,0.0,2.429762883079995,0.0,99.49367088607595,395.0,
15113,1.9564041017556522,0.0,2.768588589889213,0.0,99.48453608247422,388.0,
15114,1.9761711929711372,0.0,2.5194369852654463,0.0,99.74489795918367,392.0,
15120,3.228637786537863,0.0,4.8665633465720886,0.0,99.74025974025975,385.0,
15122,3.735311510749327,0.0,5.220298923809408,0.0,99.47229551451187,379.0,
15123,3.5010034192850257,0.0,4.749017346618435,0.0,99.49367088607595,395.0,
15125,5.989578059542595,0.0,9.06308013180685,0.0,99.74424552429667,391.0,
15127,4.390842436416191,0.0,5.582088640655189,0.0,99.74093264248705,386.0,
15128,4.171457397955416,0.0,5.582569980801114,0.0,99.74293059125964,389.0,
15129,,0.0,,0.0,0.0,388.0,
15131,3.5962942129581266,0.0,5.101545119880777,0.0,99.74358974358975,390.0,
15132,2.2942759309416227,0.0,3.0211365786515736,0.0,99.48051948051948,385.0,
15133,3.6937316086485033,0.0,5.1677402601234075,0.0,99.74160206718346,387.0,
15201,2.2604640067964477,0.0,3.084852631284469,0.0,99.74358974358975,390.0,
15202,2.1161898228948024,0.0,2.698384252595389,0.0,99.74683544303798,395.0,
15203,3.1123070330232854,0.0,4.125147335325071,0.0,99.48586118251927,389.0,
15204,2.5005462070773548,0.0,3.591409886714747,0.0,99.48586118251927,389.0,
15311,2.2544192451145637,0.0,3.9735609689000286,0.0,99.48979591836735,392.0,
16002,2.9119395106841783,0.0,4.125738106500021,0.0,100.0,381.0,
16003,2.1407934140951728,0.0,2.7700334709059105,0.0,99.49874686716792,399.0,
16005,2.2313113307288046,0.0,3.0432770470668253,0.0,99.48320413436691,387.0,
16006,2.435483253199345,0.0,3.5291919421529325,0.0,99.47916666666666,384.0,
16007,1.617171521047679,0.0,1.9883054810365524,0.0,99.74619289340102,394.0,
16008,,0.0,,0.0,0.0,383.0,
16009,2.004122057340698,0.0,2.6588571292497933,0.0,99.49622166246851,397.0,
16010,2.151423588242161,0.0,2.9921360840861126,0.0,99.74619289340102,394.0,
16011,3.6920490396086785,0.0,5.502551592634397,0.0,99.48717948717949,390.0,
16012,4.194596835753794,0.0,7.057718369883371,0.0,99.48586118251927,389.0,
16013,2.7314588046566937,0.0,3.723867864698672,0.0,99.48586118251927,389.0,
16014,,0.0,,0.0,0.0,390.0,
16015,2.0166312045477914,0.0,2.8727786666239647,0.0,99.4949494949495,396.0,
16017,1.665808453159231,0.0,2.1621551407084443,0.0,99.74358974358975,390.0,
16018,,0.0,,0.0,0.0,394.0,
16019,3.5402248130249996,0.0,5.588166378875761,0.0,99.74747474747475,396.0,
16020,2.996501188176707,0.0,4.126369873004476,0.0,99.48849104859335,391.0,
16021,2.325876199367305,0.0,3.3242791464152615,0.0,99.74489795918367,392.0,
16022,,0.0,,0.0,0.0,384.0,
16023,3.011183068519955,0.0,4.054638364044574,0.0,99.73958333333334,384.0,
16024,3.139613052483454,0.0,4.028522141951905,0.0,99.74424552429667,391.0,
16025,3.563992421890294,0.0,4.991728435884884,0.0,99.74489795918367,392.0,
16026,2.133720080052329,0.0,2.7641101807343804,0.0,99.74424552429667,391.0,
16027,3.392191343526298,0.0,4.656540023532113,0.0,99.74093264248705,386.0,
16029,3.6679692662239,0.0,4.899291455010329,0.0,99.48051948051948,385.0,
16031,2.37464310811167,0.0,3.1161959993250714,0.0,99.73958333333334,384.0,
16032,2.978996379450044,0.0,3.923153031985255,0.0,99.74424552429667,391.0,
16033,,0.0,,0.0,0.0,381.0,
16034,3.1207783127238145,0.0,4.503532736806129,0.0,99.73821989528795,382.0,
16036,5.478325612317811,0.0,7.7258980437675655,0.0,99.74747474747475,396.0,
16039,,0.0,,0.0,0.0,389.0,
16040,,0.0,,0.0,0.0,387.0,
16041,3.473752528927881,0.0,5.420386523510237,0.0,99.48051948051948,385.0,
16042,3.470207468509427,0.0,4.744293650334307,0.0,99.74489795918367,392.0,
16043,1.700968676550177,0.0,2.1916156712096075,0.0,99.48849104859335,391.0,
16044,3.103060584941082,0.0,4.508195249182169,0.0,99.74025974025975,385.0,
16101,2.930788191782419,0.0,4.0439037117800165,0.0,99.74747474747475,396.0,
16102,1.9615465921346802,0.0,2.650297081040211,0.0,99.74489795918367,392.0,
16103,2.3119526265267636,0.0,3.162402526834497,0.0,99.48849104859335,391.0,
16104,2.7765466684591797,0.0,4.039428341969491,0.0,99.50124688279301,401.0,
16105,2.1753412225781377,0.0,3.140012654488365,0.0,99.74747474747475,396.0,
16107,2.846250348796131,0.0,4.076935665882235,0.0,99.74293059125964,389.0,
16108,3.305136856679835,0.0,4.777401883269287,0.0,99.49109414758269,393.0,
16110,2.3109221173794716,0.0,3.5215257895833916,0.0,99.5049504950495,404.0,
16111,2.583651479980436,0.0,3.757151848547912,0.0,99.74293059125964,389.0,
16112,,0.0,,0.0,0.0,388.0,
16115,,0.0,,0.0,0.0,391.0,
16116,2.982711177011642,0.0,4.041948527202907,0.0,100.0,380.0,
16118,2.490185839101691,0.0,3.693830627600525,0.0,99.49622166246851,397.0,
16121,,0.0,,0.0,0.0,391.0,
16122,,0.0,,0.0,0.0,395.0,
16123,2.593898031536712,0.0,3.7119746658850183,0.0,99.49238578680203,394.0,
16124,3.3486944062424038,0.0,4.737441155345078,0.0,99.49238578680203,394.0,
16129,2.308894648754458,0.0,3.232444685522051,0.0,99.74937343358395,399.0,
16136,3.500883983675862,0.0,4.65354163368819,0.0,99.74160206718346,387.0,
16138,2.328818885147008,0.0,2.9620192876632507,0.0,99.50617283950616,405.0,
16139,2.5459520619094884,0.0,3.5343414946543494,0.0,99.48717948717949,390.0,
16140,2.281903055380675,0.0,3.0971021269633017,0.0,99.49748743718592,398.0,
16201,5.256420928033583,0.0,9.11784982294503,0.0,99.49874686716792,399.0,
16202,,0.0,,0.0,0.0,161.0,
17001,4.092375180030419,0.0,6.1547753413776665,0.0,99.47643979057592,382.0,
17003,2.9009040315149677,0.0,3.850669522523498,0.0,99.74293059125964,389.0,
17004,3.6246220994076928,0.0,4.891785616207952,0.0,99.74489795918367,392.0,
17005,3.488965821010949,0.0,4.88103582425721,0.0,99.48717948717949,390.0,
17006,3.768298076840423,0.0,5.28472462631974,0.0,99.47643979057592,382.0,
17007,3.6330825659995867,0.0,5.7923812390149285,0.0,99.74093264248705,386.0,
17008,2.648127371777789,0.0,3.4568659895950358,0.0,99.74811083123426,397.0,
17010,3.6678898540892435,0.0,5.127159729438072,0.0,99.73890339425587,383.0,
17011,3.899691508253203,0.0,5.84869424940754,0.0,99.49109414758269,393.0,
17013,,0.0,,0.0,0.0,379.0,
17015,2.4732832452374587,0.0,3.299676314635467,0.0,99.47916666666666,384.0,
17016,,0.0,,0.0,0.0,393.0,
17017,2.8703942617683698,0.0,4.053330788557931,0.0,99.48453608247422,388.0,
17018,2.444499250037397,0.0,3.4075066008869177,0.0,99.74424552429667,391.0,
17019,2.381718741141286,0.0,3.3517390119621813,0.0,99.73958333333334,384.0,
17020,,0.0,,0.0,0.0,384.0,
17021,3.041220070935802,0.0,4.8128663402731515,0.0,99.49622166246851,397.0,
17022,2.791830168624775,0.0,4.114378164517441,0.0,99.50124688279301,401.0,
17023,3.1641055445927138,0.0,4.243189692319696,0.0,99.47780678851174,383.0,
17024,2.417278695031596,0.0,3.1986804496729015,0.0,99.74424552429667,391.0,
17025,,0.0,,0.0,0.0,397.0,
17026,,0.0,,0.0,0.0,399.0,
17027,3.077872952277647,0.0,4.645879288611499,0.0,99.47229551451187,379.0,
17028,2.4710337684595065,0.0,3.263828128665248,0.0,99.74811083123426,397.0,
17029,,0.0,,0.0,0.0,393.0,
17030,2.2427132265463747,0.0,2.9681324681656567,0.0,99.74489795918367,392.0,
17032,2.867626070211913,0.0,4.663623459265943,0.0,99.4949494949495,396.0,
17033,3.0878830840872067,0.0,4.101413152804125,0.0,99.48979591836735,392.0,
17036,,0.0,,0.0,0.0,394.0,
17037,2.7738171582965583,0.0,3.5872332699546674,0.0,99.74489795918367,392.0,
17038,4.3041429139772385,0.0,6.249687837164261,0.0,99.48051948051948,385.0,
17039,2.339080418808427,0.0,3.225994522691344,0.0,99.49874686716792,399.0,
17040,3.264206968766958,0.0,4.568714939483481,0.0,99.74424552429667,391.0,
17041,3.495873683514391,0.0,4.789324944588279,0.0,99.48717948717949,390.0,
17043,3.5047085622161984,0.0,4.724890712877277,0.0,99.74619289340102,394.0,
17044,2.8339871449031,0.0,4.444246450424664,0.0,99.74811083123426,397.0,
17045,3.463752772312724,0.0,4.839180664514837,0.0,99.74424552429667,391.0,
17046,,0.0,,0.0,0.0,399.0,
17047,2.9593930203803547,0.0,4.309979045861868,0.0,99.49622166246851,397.0,
17048,,0.0,,0.0,0.0,404.0,
17050,2.466628753567913,0.0,3.532988147519401,0.0,99.49238578680203,394.0,
17102,2.891003254316869,0.0,3.782333441699987,0.0,99.49109414758269,393.0,
17104,1.7447086232231102,0.0,2.247562651180989,0.0,99.48051948051948,385.0,
17105,3.366329573647736,0.0,4.812653877571421,0.0,99.47916666666666,384.0,
17106,3.8629821422931703,0.0,5.087027389684892,0.0,99.74093264248705,386.0,
17107,,0.0,,0.0,0.0,380.0,
17108,3.364278071828252,0.0,4.804429032133359,0.0,99.73544973544973,378.0,
17110,3.155163457031842,0.0,4.305442160029952,0.0,99.73544973544973,378.0,
17111,2.269023713223264,0.0,3.239131660965555,0.0,99.74424552429667,391.0,
17116,,0.0,,0.0,0.0,382.0,
17117,2.5273600529804727,0.0,3.4944385538636027,0.0,100.0,389.0,
17119,2.5305858462194943,0.0,3.395400038991563,0.0,100.0,386.0,
17121,2.7988949136562558,0.0,3.8204360002405258,0.0,99.74226804123711,388.0,
17122,2.3100620386076116,0.0,3.081942232101255,0.0,99.48717948717949,390.0,
17123,2.0604668853124672,0.0,2.623492594757666,0.0,99.47643979057592,382.0,
17124,2.4980755512633763,0.0,3.53982253344587,0.0,99.47089947089947,378.0,
17125,2.6549701052479424,0.0,3.7824220824333445,0.0,100.0,383.0,
17126,,0.0,,0.0,0.0,395.0,
17127,2.950166642739929,0.0,3.8340335211350958,0.0,99.74874371859298,398.0,
17201,3.924661838813877,0.0,5.352013986631785,0.0,99.48717948717949,390.0,
17202,2.168876973466462,0.0,2.9672612915382,0.0,99.74424552429667,391.0,
17203,2.650815770145986,0.0,3.3960775598290285,0.0,99.74093264248705,386.0,
17204,,0.0,,0.0,0.0,384.0,
18003,3.814111493023701,0.0,5.4304901757617445,0.0,99.73958333333334,384.0,
18004,1.4713699642117306,0.0,1.8330414110060265,0.0,99.48453608247422,388.0,
18005,1.7634948770367074,0.0,2.3332088159754143,0.0,99.48849104859335,391.0,
18006,,0.0,,0.0,0.0,386.0,
18007,2.3108069937760214,0.0,3.08301674198398,0.0,100.0,377.0,
18008,,0.0,,0.0,0.0,394.0,
18009,,0.0,,0.0,0.0,387.0,
18010,3.9647184243041314,0.0,5.74094414419587,0.0,99.74160206718346,387.0,
18011,4.205606730156209,0.0,5.835905494724198,0.0,99.48586118251927,389.0,
18012,2.9125423925696388,0.0,4.181435844416666,0.0,99.74683544303798,395.0,
18014,2.0568293534114828,0.0,2.676720729920448,0.0,99.48979591836735,392.0,
18015,3.4647602760058627,0.0,5.246991058236189,0.0,99.47780678851174,383.0,
18016,,0.0,,0.0,0.0,382.0,
18017,2.872135339985884,0.0,4.031888286350593,0.0,99.47916666666666,384.0,
18018,,0.0,,0.0,0.0,393.0,
18019,3.9765028684156953,0.0,6.151781253059451,0.0,99.74424552429667,391.0,
18020,1.989723653096266,0.0,2.5523202973270993,0.0,99.48320413436691,387.0,
18021,2.649854893983786,0.0,3.9251007729809184,0.0,99.74554707379136,393.0,
18022,2.6207911056605937,0.0,3.467263333286904,0.0,100.0,377.0,
18023,2.291542854529865,0.0,3.114317740102603,0.0,99.48717948717949,390.0,
18024,2.206211078677552,0.0,2.8231004294756743,0.0,99.48979591836735,392.0,
18025,2.976576680425522,0.0,4.341936183734233,0.0,99.74937343358395,399.0,
18026,,0.0,,0.0,0.0,384.0,
18028,2.843073612869853,0.0,3.9939793795022274,0.0,99.73821989528795,382.0,
18029,3.183317113800508,0.0,4.290232258312017,0.0,99.74093264248705,386.0,
18030,2.7515119061255913,0.0,3.7628693854663164,0.0,99.48186528497409,386.0,
18032,4.566184327228241,0.0,6.835882333193658,0.0,99.73753280839895,381.0,
18033,,0.0,,0.0,0.0,394.0,
18034,1.887794219611147,0.0,2.541163227489342,0.0,99.74358974358975,390.0,
18035,2.4455440629891876,0.0,3.4249466862743447,0.0,99.48051948051948,385.0,
18039,2.1672425549363994,0.0,2.9220068512411634,0.0,99.5,400.0,
18041,,0.0,,0.0,0.0,381.0,
18042,2.363515309420787,0.0,3.1998074861828463,0.0,99.48979591836735,392.0,
18043,2.4671676132206426,0.0,3.3841245334615007,0.0,99.48186528497409,386.0,
18044,,0.0,,0.0,0.0,386.0,
18045,2.19283378930458,0.0,2.938322053229976,0.0,99.74811083123426,397.0,
18046,2.9334707574558117,0.0,4.3107086670428885,0.0,99.73890339425587,383.0,
18049,3.9202218050146636,0.0,5.173542245790557,0.0,99.48453608247422,388.0,
18101,2.359300365373589,0.0,3.1815377601411767,0.0,100.0,378.0,
18107,1.6220119777983153,0.0,2.2217302460512864,0.0,99.50248756218906,402.0,
18109,4.087355907290358,0.0,6.038211454930953,0.0,99.49238578680203,394.0,
18110,,0.0,,0.0,0.0,396.0,
18111,2.276057694862143,0.0,3.1089804030043244,0.0,99.49622166246851,397.0,
18112,,0.0,,0.0,0.0,394.0,
18113,2.07291808335358,0.0,3.1615797512244814,0.0,99.74358974358975,390.0,
18114,1.8586799571110832,0.0,2.691711271738857,0.0,99.74554707379136,393.0,
18134,2.263286283265072,0.0,3.3987798571885492,0.0,99.48051948051948,385.0,
18135,1.6731517590471943,0.0,2.285618721994051,0.0,99.74554707379136,393.0,
18137,2.0081150136985446,0.0,2.579045476278365,0.0,99.74358974358975,390.0,
18138,,0.0,,0.0,0.0,393.0,
18139,1.9517299980790774,0.0,2.5808911403984838,0.0,99.75062344139651,401.0,
18140,2.95211905140889,0.0,3.859270575463485,0.0,99.47780678851174,383.0,
18141,2.422552440299752,0.0,3.136854843037252,0.0,99.47506561679789,381.0,
18142,,0.0,,0.0,0.0,384.0,
18201,2.537189997560106,0.0,3.5297982840109308,0.0,99.49238578680203,394.0,
18202,2.935964921316188,0.0,4.24255773844654,0.0,99.48051948051948,385.0,
18204,2.362558039253844,0.0,3.4669633634136825,0.0,99.50248756218906,402.0,
18205,3.706294285499514,0.0,5.053266377332175,0.0,99.47643979057592,382.0,
18206,2.6432229037346495,0.0,3.6419440140614636,0.0,99.47506561679789,381.0,
19001,3.2733372557861116,0.0,4.324243054731005,0.0,99.48186528497409,386.0,
19002,3.447279500607623,0.0,4.829568649867737,0.0,99.48320413436691,387.0,
19003,3.199143180762786,0.0,4.775527144022678,0.0,99.74811083123426,397.0,
19005,2.6048069431982723,0.0,3.4590909385774316,0.0,99.73958333333334,384.0,
19007,3.2684331337222194,0.0,4.344040812744892,0.0,99.49238578680203,394.0,
19008,2.7722319575813783,0.0,3.77322896521329,0.0,99.74424552429667,391.0,
19009,3.165620599030227,0.0,4.539826023620766,0.0,99.74226804123711,388.0,
19010,2.683490189191639,0.0,3.481948284377982,0.0,99.73821989528795,382.0,
19012,2.142379546448106,0.0,3.0615098035452086,0.0,99.73753280839895,381.0,
19013,,0.0,,0.0,0.0,396.0,
19014,,0.0,,0.0,0.0,382.0,
19015,2.667506337493006,0.0,3.6624173676248164,0.0,99.49748743718592,398.0,
19016,,0.0,,0.0,0.0,393.0,
19018,4.197743133135664,0.0,5.6071045602254985,0.0,99.47506561679789,381.0,
19019,,0.0,,0.0,0.0,393.0,
19021,2.1283273376198184,0.0,2.892744221320232,0.0,99.48453608247422,388.0,
19022,,0.0,,0.0,0.0,383.0,
19023,1.823052179742997,0.0,2.388838016700147,0.0,99.73958333333334,384.0,
19024,,0.0,,0.0,0.0,388.0,
19025,2.521225539207957,0.0,3.5580364377952223,0.0,99.74489795918367,392.0,
19026,,0.0,,0.0,0.0,390.0,
19029,,0.0,,0.0,0.0,392.0,
19030,2.899949959347319,0.0,4.083518350996157,0.0,99.49238578680203,394.0,
19031,2.554295787533734,0.0,3.4928352105973177,0.0,99.48453608247422,388.0,
19032,4.72985282856854,0.0,6.922278811179031,0.0,99.74160206718346,387.0,
19033,,0.0,,0.0,0.0,394.0,
19036,,0.0,,0.0,0.0,390.0,
19037,2.2925975392423776,0.0,3.2318322874979977,0.0,99.74424552429667,391.0,
19038,2.1004721208428925,0.0,3.1507490624859176,0.0,99.74937343358395,399.0,
19039,1.5275313479248824,0.0,2.1338465382773526,0.0,99.48320413436691,387.0,
19040,,0.0,,0.0,0.0,387.0,
19041,3.629357963405531,0.0,5.768657319212118,0.0,99.74554707379136,393.0,
19043,3.5063359748116487,0.0,4.950419124710634,0.0,99.48586118251927,389.0,
19044,3.3640204769279394,0.0,4.801117319337011,0.0,99.49109414758269,393.0,
19045,4.113331098622046,0.0,5.931987139271494,0.0,99.74619289340102,394.0,
19046,2.4771574530889744,0.0,3.404629699221048,0.0,99.74424552429667,391.0,
19101,2.251231579601151,0.0,3.251914493639054,0.0,99.49367088607595,395.0,
19103,1.7514417500458563,0.0,2.378300919932402,0.0,99.73614775725594,379.0,
19105,,0.0,,0.0,0.0,404.0,
19108,2.677622084787033,0.0,3.6003826796993925,0.0,99.73544973544973,378.0,
19109,,0.0,,0.0,0.0,385.0,
19110,3.07968995751512,0.0,4.3985992256936415,0.0,99.49238578680203,394.0,
19111,2.5790654081607216,0.0,3.246916956568155,0.0,99.73614775725594,379.0,
19113,2.5803766540941915,0.0,3.7211080751693557,0.0,99.48979591836735,392.0,
19114,,0.0,,0.0,0.0,392.0,
19115,,0.0,,0.0,0.0,393.0,
19117,2.7765704886949023,0.0,3.735290314281543,0.0,99.73684210526315,380.0,
19120,2.409374745560035,0.0,3.7149623656596553,0.0,99.74358974358975,390.0,
19121,,0.0,,0.0,0.0,395.0,
19123,2.5309127076746094,0.0,3.4779703010307035,0.0,99.74424552429667,391.0,
19124,2.159494172917671,0.0,3.0852596869818814,0.0,99.49748743718592,398.0,
19125,3.3123899387425553,0.0,4.477344061244574,0.0,99.74424552429667,391.0,
19127,1.8465454092209557,0.0,2.46377992861885,0.0,99.74554707379136,393.0,
19128,2.4598967493774433,0.0,3.2830550244111727,0.0,99.73614775725594,379.0,
19130,2.216585508703088,0.0,3.041505957343199,0.0,99.47916666666666,384.0,
19201,1.8958952757949503,0.0,2.499540327517921,0.0,99.48186528497409,386.0,
19202,3.0532117482543546,0.0,4.128747342154202,0.0,99.74554707379136,393.0,
19203,2.407155202036679,0.0,3.4258500651595094,0.0,99.48717948717949,390.0,
19204,,0.0,,0.0,0.0,382.0,
19205,2.4563609850677075,0.0,3.389120940851864,0.0,99.74683544303798,395.0,
19210,0.7292344373530398,0.0,0.8508031063621823,0.0,100.0,161.0,
20001,4.423722305189669,0.0,6.072765482125391,0.0,99.74025974025975,385.0,
20003,2.749808026878559,0.0,3.745972938794448,0.0,99.74025974025975,385.0,
20004,1.5503140563287021,0.0,2.0299271778184163,0.0,99.75062344139651,401.0,
20005,,0.0,,0.0,0.0,385.0,
20006,,0.0,,0.0,0.0,388.0,
20007,4.067847583661391,0.0,5.759028577627767,0.0,99.71830985915493,355.0,
20008,2.6989087311156013,0.0,3.690818012647971,0.0,99.74160206718346,387.0,
20009,1.9857551373622737,0.0,2.59535323237518,0.0,99.74619289340102,394.0,
2001,3.627341670576835,0.0,4.915372652890707,0.0,99.47916666666666,384.0,
20010,2.860073047743747,0.0,4.269916961723746,0.0,99.74554707379136,393.0,
20011,,0.0,,0.0,0.0,387.0,
20012,1.9758268610201384,0.0,2.6959293725606326,0.0,100.0,388.0,
20013,3.817147567404296,0.0,5.437885487909855,0.0,99.74025974025975,385.0,
20014,2.959934597826934,0.0,3.827233237130275,0.0,100.0,377.0,
20016,2.8108630492405022,0.0,3.644169687294374,0.0,99.48979591836735,392.0,
20017,2.3645149827963077,0.0,3.180446958382961,0.0,99.74226804123711,388.0,
20019,2.723880701718699,0.0,3.9418974692069217,0.0,99.49622166246851,397.0,
2002,,0.0,,0.0,0.0,384.0,
20020,2.4379385234810247,0.0,3.7142868999874143,0.0,99.74358974358975,390.0,
20021,2.009075006496539,0.0,2.6259155756326553,0.0,99.46380697050938,373.0,
20022,2.765130708398823,0.0,4.211365247799893,0.0,99.74554707379136,393.0,
20023,1.7890058019958688,0.0,2.3386063871901266,0.0,99.50248756218906,402.0,
20024,2.1180171006704764,0.0,2.7301751477636307,0.0,99.74358974358975,390.0,
20027,,0.0,,0.0,0.0,387.0,
20029,2.1852637830599915,0.0,3.6897768677446416,0.0,99.73821989528795,382.0,
2003,4.001293481529621,0.0,5.305334292782516,0.0,99.73753280839895,381.0,
20030,3.6022633133493507,0.0,4.871606548316377,0.0,99.74683544303798,395.0,
20032,1.8675241699283214,0.0,2.40281178630551,0.0,100.0,387.0,
20033,3.083624231038516,0.0,4.279703964167029,0.0,99.74683544303798,395.0,
20034,2.5966776049910223,0.0,3.4654516666212443,0.0,99.48586118251927,389.0,
20035,2.2866499097500426,0.0,3.360307322923104,0.0,99.74811083123426,397.0,
20036,2.04737520037123,0.0,2.592363044370246,0.0,99.49367088607595,395.0,
20037,2.3523179308995577,0.0,3.149691871320085,0.0,99.74424552429667,391.0,
20039,3.5977970506106733,0.0,5.223538288667202,0.0,99.74424552429667,391.0,
2004,2.057698366807195,0.0,2.648521114660804,0.0,99.74619289340102,394.0,
20040,,0.0,,0.0,0.0,386.0,
20042,2.816344395939581,0.0,4.131741984596274,0.0,99.47780678851174,383.0,
20043,2.7703401657351243,0.0,3.752831531770595,0.0,99.74358974358975,390.0,
20044,2.0477669849021987,0.0,2.6911259861808583,0.0,99.49622166246851,397.0,
20045,2.509615177713126,0.0,4.230459751923993,0.0,99.73890339425587,383.0,
20047,4.810545456073544,0.0,7.507598699669758,0.0,99.47506561679789,381.0,
20048,2.6760926829920515,0.0,3.6345719274426442,0.0,99.48849104859335,391.0,
2005,2.2107500161538023,0.0,2.891480718729273,0.0,99.74293059125964,389.0,
2006,2.8542908324315075,0.0,4.42420125218424,0.0,99.74683544303798,395.0,
2008,3.146537390728938,0.0,4.839610977978736,0.0,99.48717948717949,390.0,
2009,4.474533004350857,0.0,6.974129583564312,0.0,99.48849104859335,391.0,
2010,3.7794729401317873,0.0,5.632986332206758,0.0,99.74160206718346,387.0,
20103,,0.0,,0.0,0.0,390.0,
20104,1.618853228398687,0.0,2.408647836872061,0.0,99.49109414758269,393.0,
20105,,0.0,,0.0,0.0,389.0,
20106,2.4909202892753233,0.0,3.4296289166624874,0.0,99.74093264248705,386.0,
20108,1.686731809196567,0.0,2.4352449437439545,0.0,99.74811083123426,397.0,
20110,1.6551832308694268,0.0,2.5426000610080837,0.0,99.74025974025975,385.0,
20111,1.8385770678035918,0.0,2.482431232021067,0.0,99.74424552429667,391.0,
20113,2.248748995556956,0.0,3.021679268163469,0.0,99.49238578680203,394.0,
20115,1.830488332260227,0.0,2.85665228758134,0.0,99.74025974025975,385.0,
20116,2.6597883939169047,0.0,3.7986783801909785,0.0,99.48186528497409,386.0,
20117,,0.0,,0.0,0.0,391.0,
20118,,0.0,,0.0,0.0,400.0,
20119,1.7402109589324954,0.0,2.210414482479315,0.0,99.4949494949495,396.0,
2012,2.2451196888411897,0.0,2.689883722865527,0.0,99.74226804123711,388.0,
20121,2.054383369936397,0.0,2.8336102607601954,0.0,99.74489795918367,392.0,
20122,2.122068019484095,0.0,2.6925378469811236,0.0,99.74747474747475,396.0,
2013,,0.0,,0.0,0.0,399.0,
20131,2.898063075096427,0.0,4.381908906570981,0.0,99.73753280839895,381.0,
20132,,0.0,,0.0,0.0,383.0,
20134,1.6492213964084466,0.0,2.241658708701871,0.0,99.48979591836735,392.0,
20136,2.0594488382657476,0.0,2.8816376115793827,0.0,99.74424552429667,391.0,
20137,1.8767947468532813,0.0,2.562345539095904,0.0,99.47916666666666,384.0,
2014,,0.0,,0.0,0.0,379.0,
20140,1.8480473692705666,0.0,2.4972850976575827,0.0,99.49748743718592,398.0,
20142,1.5211322990891416,0.0,2.049615195052621,0.0,99.49874686716792,399.0,
20143,,0.0,,0.0,0.0,399.0,
2015,4.023331079602832,0.0,6.640846645768038,0.0,99.48186528497409,386.0,
2016,2.3787050353149954,0.0,3.1752224272871525,0.0,99.48453608247422,388.0,
2017,,0.0,,0.0,0.0,402.0,
2020,2.928340819448052,0.0,3.9611598770360987,0.0,99.75062344139651,401.0,
20201,1.9743184381228993,0.0,2.7529446430313564,0.0,99.48453608247422,388.0,
20202,2.376480341869756,0.0,3.533189965163985,0.0,99.47916666666666,384.0,
20203,1.4627622289149158,0.0,1.9591957971504366,0.0,99.74619289340102,394.0,
2021,5.001995346986458,0.0,8.15370002755176,0.0,99.47780678851174,383.0,
2022,4.047025379110686,0.0,6.067654714386726,0.0,99.74554707379136,393.0,
21001,3.4758716893299755,0.0,4.704477897313673,0.0,99.74293059125964,389.0,
21002,,0.0,,0.0,0.0,388.0,
21003,,0.0,,0.0,0.0,380.0,
21004,3.082905663913554,0.0,4.178172624782476,0.0,99.74683544303798,395.0,
21005,2.7387187336953023,0.0,3.6598115302768313,0.0,99.47916666666666,384.0,
21006,3.596105425945799,0.0,4.850264601534524,0.0,99.74226804123711,388.0,
21007,,0.0,,0.0,0.0,388.0,
21008,3.5971890311687864,0.0,4.996071199823073,0.0,99.48849104859335,391.0,
21009,,0.0,,0.0,0.0,381.0,
2101,,0.0,,0.0,0.0,389.0,
21010,3.012149136000738,0.0,4.079230341161943,0.0,99.48717948717949,390.0,
21011,2.342815291059138,0.0,3.2791005410808305,0.0,99.74424552429667,391.0,
21013,2.6206256275742956,0.0,3.484049553488629,0.0,99.74025974025975,385.0,
21014,2.494553129699536,0.0,3.1200795778457637,0.0,99.49109414758269,393.0,
21015,3.1052905166611424,0.0,4.202411230139271,0.0,99.74293059125964,389.0,
21016,,0.0,,0.0,0.0,393.0,
21017,3.4452090775514517,0.0,4.301261978027574,0.0,99.48320413436691,387.0,
21019,,0.0,,0.0,0.0,395.0,
2102,,0.0,,0.0,0.0,396.0,
21021,4.979187599153553,0.0,9.388582802961327,0.0,99.48586118251927,389.0,
21022,2.9828785784047764,0.0,4.144310811541973,0.0,99.73958333333334,384.0,
21023,2.6686252206445005,0.0,3.613195216180893,0.0,100.0,388.0,
21024,3.578657666969054,0.0,5.010112918563776,0.0,99.48453608247422,388.0,
21026,3.645587967850617,0.0,5.200831561034599,0.0,99.73958333333334,384.0,
21027,,0.0,,0.0,0.0,393.0,
21028,3.595010594666253,0.0,4.653498441219067,0.0,99.74489795918367,392.0,
21029,3.6464859062912076,0.0,5.123683576116258,0.0,99.48051948051948,385.0,
21030,2.491230300813424,0.0,3.366153434076302,0.0,99.74554707379136,393.0,
21031,3.2080426842799823,0.0,4.29692296979477,0.0,99.74293059125964,389.0,
21032,3.8982546497270216,0.0,5.741470522542608,0.0,99.47643979057592,382.0,
21033,2.10697666819637,0.0,2.7206422470693967,0.0,99.48979591836735,392.0,
2108,3.9286215087525695,0.0,6.173345077152415,0.0,99.47916666666666,384.0,
2110,,0.0,,0.0,0.0,390.0,
21104,3.0302160907373232,0.0,4.084877587483851,0.0,99.74683544303798,395.0,
21105,,0.0,,0.0,0.0,381.0,
21107,3.4539956677436123,0.0,4.366190805599143,0.0,99.74293059125964,389.0,
21108,4.866752342414134,0.0,7.104661851560416,0.0,99.74093264248705,386.0,
21109,3.869935062907972,0.0,5.287982880052125,0.0,99.47780678851174,383.0,
2111,3.568864098319278,0.0,5.125529517258398,0.0,99.48051948051948,385.0,
21110,3.7892906673474376,0.0,4.866746910720643,0.0,99.45945945945947,370.0,
21111,4.540248744394729,0.0,6.90135226675553,0.0,99.47780678851174,383.0,
21112,5.009209664647572,0.0,7.156312563545487,0.0,99.74554707379136,393.0,
21114,3.7666346116028344,0.0,5.345144411346982,0.0,99.74226804123711,388.0,
21115,,0.0,,0.0,0.0,396.0,
21118,,0.0,,0.0,0.0,397.0,
21119,2.9101522531029764,0.0,4.011910355541363,0.0,99.48717948717949,390.0,
21120,3.0498778083616043,0.0,4.153489102260006,0.0,99.48320413436691,387.0,
21203,,0.0,,0.0,0.0,389.0,
21204,2.195354306431726,0.0,2.8628934130182273,0.0,99.73753280839895,381.0,
21205,1.7424772385355076,0.0,2.2352938043717945,0.0,99.74093264248705,386.0,
21207,1.9032168176791266,0.0,2.516548586793119,0.0,99.73890339425587,383.0,
21209,2.226321439661022,0.0,3.0198222466796754,0.0,100.0,372.0,
21212,,0.0,,0.0,0.0,389.0,
21213,,0.0,,0.0,0.0,387.0,
21215,2.5962539994656577,0.0,3.4908853373477493,0.0,99.74093264248705,386.0,
21216,,0.0,,0.0,0.0,401.0,
21217,2.3197595128516273,0.0,3.0851368847777927,0.0,99.47643979057592,382.0,
21218,2.025530966279498,0.0,2.660130457810381,0.0,99.73474801061008,377.0,
21219,2.1357394729270287,0.0,2.972705289604803,0.0,99.48586118251927,389.0,
21301,3.604141622574946,0.0,4.804166073968002,0.0,99.48979591836735,392.0,
21302,2.963677823217776,0.0,3.9306347659627767,0.0,99.48320413436691,387.0,
21303,,0.0,,0.0,0.0,397.0,
21305,,0.0,,0.0,0.0,391.0,
21306,,0.0,,0.0,0.0,378.0,
21307,2.897565938988087,0.0,3.7378538869117257,0.0,99.49622166246851,397.0,
21308,4.035635260760212,0.0,7.143950067213317,0.0,99.74747474747475,396.0,
21309,4.428653971688668,0.0,6.047766038713725,0.0,99.48849104859335,391.0,
21310,,0.0,,0.0,0.0,396.0,
21311,,0.0,,0.0,0.0,377.0,
21312,2.0429240781665725,0.0,2.7495501234920736,0.0,99.48979591836735,392.0,
21313,3.210156823541001,0.0,4.623480838019166,0.0,99.48586118251927,389.0,
21314,,0.0,,0.0,0.0,390.0,
21315,,0.0,,0.0,0.0,398.0,
21316,2.201379938611084,0.0,3.0633859276405593,0.0,99.74554707379136,393.0,
21319,2.7069188152167607,0.0,3.9707989337366905,0.0,99.74554707379136,393.0,
21320,3.24839818500821,0.0,5.570999873612457,0.0,99.49367088607595,395.0,
21323,3.2970712728987173,0.0,4.790604547950679,0.0,99.74747474747475,396.0,
21326,1.6650581838373404,0.0,2.212747972735632,0.0,99.51100244498777,409.0,
21327,3.7003844869768514,0.0,5.216075337327832,0.0,99.74554707379136,393.0,
21328,1.5805907152110446,0.0,2.0825832258524044,0.0,99.50617283950616,405.0,
21329,3.1194193624159974,0.0,3.9465149854516244,0.0,99.74093264248705,386.0,
21401,,0.0,,0.0,0.0,386.0,
21402,,0.0,,0.0,0.0,400.0,
21404,2.169655150801073,0.0,2.9399097939338965,0.0,99.48320413436691,387.0,
21501,2.0936172518784475,0.0,2.7234991209062778,0.0,99.48717948717949,390.0,
21502,2.7521837162348164,0.0,3.589063096976972,0.0,99.48453608247422,388.0,
21505,1.476944537911976,0.0,1.9962232311629098,0.0,99.74489795918367,392.0,
21506,1.1576535295186332,0.0,1.5228571760636205,0.0,99.74025974025975,385.0,
21507,1.131640520681928,0.0,1.5668213739583627,0.0,99.74747474747475,396.0,
21508,2.8029825964323627,0.0,3.7124422365407526,0.0,99.49622166246851,397.0,
21509,,0.0,,0.0,0.0,387.0,
21510,,0.0,,0.0,0.0,400.0,
21511,3.1957444429479462,0.0,4.972694729576036,0.0,99.74554707379136,393.0,
21514,1.3806329470295275,0.0,2.2966744766229827,0.0,99.75308641975309,405.0,
21701,2.8264707914526963,0.0,3.8558949557940787,0.0,99.73684210526315,380.0,
21702,2.7733829996626516,0.0,3.7649466614192346,0.0,99.74160206718346,387.0,
21703,2.5571613591294815,0.0,3.376856962867811,0.0,99.48979591836735,392.0,
21704,3.3605142633606944,0.0,4.896264179036012,0.0,99.74093264248705,386.0,
21706,2.4699549687099953,0.0,3.5305730535639457,0.0,99.74424552429667,391.0,
21707,2.4221635774001813,0.0,3.406555455641725,0.0,99.74025974025975,385.0,
21708,2.796989270173425,0.0,4.3934257376499195,0.0,99.74683544303798,395.0,
21951,1.391871242561463,0.0,2.0499540207618816,0.0,99.75,400.0,
21952,2.8162492500545553,0.0,3.90901636890551,0.0,99.74160206718346,387.0,
21953,1.6945499752444333,0.0,2.7865213671157787,0.0,99.49367088607595,395.0,
21954,1.6708725964762485,0.0,2.264814719480405,0.0,99.50124688279301,401.0,
21955,2.0409835971326933,0.0,2.954355554617383,0.0,99.74683544303798,395.0,
22001,2.9670450171823313,0.0,3.862690507734857,0.0,99.74358974358975,390.0,
22002,3.311885468309187,0.0,4.73907757752936,0.0,99.74293059125964,389.0,
22003,,0.0,,0.0,0.0,376.0,
22006,3.6696125054997992,0.0,5.084710178409862,0.0,99.48320413436691,387.0,
22007,,0.0,,0.0,0.0,390.0,
2201,0.7990248701836711,0.0,0.8835189648896904,0.0,100.0,161.0,
22012,2.9975399897813064,0.0,3.8579759326611263,0.0,99.4949494949495,396.0,
22013,4.078797112647874,0.0,5.498305610441935,0.0,99.74093264248705,386.0,
22014,3.191433481160564,0.0,4.32399796878767,0.0,99.74489795918367,392.0,
22015,3.0010965892499066,0.0,4.2450654926493225,0.0,99.73821989528795,382.0,
22016,2.3072002765745188,0.0,3.054590679002599,0.0,99.74489795918367,392.0,
22017,3.467126996339501,0.0,4.695643818913024,0.0,99.74358974358975,390.0,
22018,,0.0,,0.0,0.0,395.0,
22019,0.28113813440439134,0.0,0.3435462860178086,0.0,100.0,161.0,
22101,,0.0,,0.0,0.0,378.0,
22102,1.4198791195016764,0.0,2.1029015696469844,0.0,99.74811083123426,397.0,
22103,1.75708544433733,0.0,2.37105650446726,0.0,99.49748743718592,398.0,
22201,2.465499045858261,0.0,3.6147058334694924,0.0,99.74025974025975,385.0,
22203,1.813872652366668,0.0,2.421655922200075,0.0,100.0,382.0,
22206,1.822075621290659,0.0,2.458833991334053,0.0,99.74489795918367,392.0,
22207,1.4554062838939377,0.0,1.9146016676500917,0.0,99.75247524752476,404.0,
22208,1.3092584150468018,0.0,1.7274321816446911,0.0,99.74554707379136,393.0,
22209,1.6143629099123065,0.0,2.0112932117086584,0.0,99.74554707379136,393.0,
22301,2.534799044411791,0.0,3.4568441386535147,0.0,99.73890339425587,383.0,
22302,3.0906232191278016,0.0,4.380172881654155,0.0,99.74811083123426,397.0,
22303,,0.0,,0.0,0.0,386.0,
22304,1.7640838853678036,0.0,2.7599334230954673,0.0,99.48453608247422,388.0,
22305,,0.0,,0.0,0.0,400.0,
22306,2.16328176189949,0.0,2.9789596767766544,0.0,99.74554707379136,393.0,
22401,2.4394710337187906,0.0,3.2996474057513137,0.0,99.73544973544973,378.0,
22402,2.658763973544637,0.0,3.558041892925854,0.0,99.73890339425587,383.0,
22403,,0.0,,0.0,0.0,391.0,
22404,3.0897903195160903,0.0,4.210496225034173,0.0,99.73821989528795,382.0,
22406,2.039916049097077,0.0,2.648149926005683,0.0,99.74293059125964,389.0,
22408,,0.0,,0.0,0.0,377.0,
22409,2.0586818382994907,0.0,2.7358764806222564,0.0,99.50248756218906,402.0,
22501,1.4769110671113943,0.0,1.97448900393235,0.0,99.74424552429667,391.0,
22502,,0.0,,0.0,0.0,383.0,
22503,,0.0,,0.0,0.0,383.0,
22505,2.40648905885781,0.0,3.2307526726767763,0.0,99.74619289340102,394.0,
22506,2.516179098926557,0.0,3.239190294056469,0.0,99.47506561679789,381.0,
22507,2.1850666402626424,0.0,3.0597174265042026,0.0,99.74489795918367,392.0,
22601,1.3453308105283854,0.0,1.7883865065043951,0.0,99.49748743718592,398.0,
22602,,0.0,,0.0,0.0,392.0,
22603,2.147651162853894,0.0,3.091137687182378,0.0,99.74747474747475,396.0,
22604,1.685967072306434,0.0,2.391118599582751,0.0,99.49622166246851,397.0,
22701,,0.0,,0.0,0.0,395.0,
22703,2.8243799333661594,0.0,3.8684452750546208,0.0,99.74874371859298,398.0,
23001,5.117206409547448,0.0,7.557790218493522,0.0,99.73753280839895,381.0,
23002,5.153994361982939,0.0,8.554755172501844,0.0,99.73544973544973,378.0,
23003,3.3790802620507336,0.0,4.667806786884631,0.0,99.73684210526315,380.0,
23004,3.69406408066715,0.0,4.881176680898074,0.0,99.74160206718346,387.0,
23005,3.590602853178046,0.0,4.621662104110413,0.0,99.74293059125964,389.0,
23006,3.6222116634816452,0.0,4.8510889859189,0.0,99.7340425531915,376.0,
23007,3.280989473851189,0.0,4.257833063505371,0.0,99.48320413436691,387.0,
23008,3.508545846805258,0.0,4.616745846673983,0.0,99.48320413436691,387.0,
23009,,0.0,,0.0,0.0,386.0,
23010,3.0846945657472014,0.0,4.453489939984769,0.0,99.74226804123711,388.0,
23011,3.5114831542091354,0.0,4.6382074190004445,0.0,99.47643979057592,382.0,
23041,,0.0,,0.0,0.0,387.0,
23042,,0.0,,0.0,0.0,389.0,
23101,1.7685524606830296,0.0,2.5269624575309635,0.0,99.74358974358975,390.0,
23102,2.7082890106313755,0.0,3.8266745884774336,0.0,99.74293059125964,389.0,
23104,2.465520497188309,0.0,3.6528766440727467,0.0,99.5049504950495,404.0,
23105,1.85498068174066,0.0,2.827720533607885,0.0,99.48320413436691,387.0,
23106,,0.0,,0.0,0.0,399.0,
23107,1.7044452586276089,0.0,2.495709958941325,0.0,99.74619289340102,394.0,
23201,3.1789682993768156,0.0,4.159318570849035,0.0,99.75062344139651,401.0,
23202,,0.0,,0.0,0.0,396.0,
23203,1.5991908846083556,0.0,2.2796513350165,0.0,99.5,400.0,
23204,2.023942869052041,0.0,2.80571020985006,0.0,99.48849104859335,391.0,
23205,,0.0,,0.0,0.0,396.0,
23206,,0.0,,0.0,0.0,394.0,
23301,1.8684207138931477,0.0,2.637843293468533,0.0,99.74811083123426,397.0,
23303,,0.0,,0.0,0.0,399.0,
23304,2.1318867512050685,0.0,2.9371577729248375,0.0,99.49748743718592,398.0,
23403,1.8019147636496726,0.0,2.3961388654467584,0.0,99.74093264248705,386.0,
23701,1.4610986989186723,0.0,1.9476192461940582,0.0,99.74293059125964,389.0,
23702,1.1348826767068936,0.0,1.4524715442740155,0.0,99.49238578680203,394.0,
23703,1.0534260190122395,0.0,1.308820533748754,0.0,99.48320413436691,387.0,
23801,1.187326900707084,0.0,1.5526788594232988,0.0,99.48717948717949,390.0,
23802,,0.0,,0.0,0.0,397.0,
23803,0.9690451800312132,0.0,1.2655929868112334,0.0,99.48979591836735,392.0,
23902,2.997545886843762,0.0,3.9212142609238856,0.0,99.74093264248705,386.0,
23903,2.2241614670410765,0.0,3.1810715191649312,0.0,99.73958333333334,384.0,
24001,3.25026538861875,0.0,4.623179446412697,0.0,99.74424552429667,391.0,
24002,,0.0,,0.0,0.0,383.0,
24005,3.0806501916224045,0.0,4.008181048676688,0.0,100.0,381.0,
24006,2.276754959117861,0.0,3.014267842538064,0.0,99.74226804123711,388.0,
24007,1.834071620686626,0.0,2.4813666270448396,0.0,99.49367088607595,395.0,
24010,3.2101818216696647,0.0,4.2783203404124635,0.0,99.48186528497409,386.0,
24101,,0.0,,0.0,0.0,395.0,
25001,3.2530716201864545,0.0,4.792923097428627,0.0,99.74358974358975,390.0,
25002,,0.0,,0.0,0.0,395.0,
25003,1.7007845024473518,0.0,2.416546109168198,0.0,100.0,389.0,
25004,1.5248889326640036,0.0,2.03928747315369,0.0,99.74554707379136,393.0,
25005,1.676240177850879,0.0,2.198816998453836,0.0,99.48586118251927,389.0,
25006,,0.0,,0.0,0.0,405.0,
25007,1.4423386505594706,0.0,1.8195151825641611,0.0,99.48586118251927,389.0,
25008,1.2656795718129332,0.0,1.7401321656321633,0.0,99.49109414758269,393.0,
25009,1.6128709890251587,0.0,2.152017694279609,0.0,99.74874371859298,398.0,
25010,,0.0,,0.0,0.0,398.0,
26001,3.3854808954230275,0.0,4.411343041436284,0.0,99.74160206718346,387.0,
26002,,0.0,,0.0,0.0,398.0,
26003,2.0426557857111454,0.0,2.7777941698822826,0.0,99.74424552429667,391.0,
26004,2.435216468763873,0.0,3.238163717854661,0.0,99.49622166246851,397.0,
26005,3.599099180298756,0.0,4.878648878335222,0.0,99.48717948717949,390.0,
26006,3.359183570232738,0.0,4.529987612193668,0.0,99.73190348525469,373.0,
26007,,0.0,,0.0,0.0,390.0,
26008,3.3239136186528833,0.0,4.483952132461037,0.0,99.74619289340102,394.0,
26009,3.672773858018203,0.0,5.299108512655417,0.0,99.49367088607595,395.0,
26010,,0.0,,0.0,0.0,397.0,
26011,2.609698428759054,0.0,3.62116190250511,0.0,99.5049504950495,404.0,
26012,,0.0,,0.0,0.0,399.0,
26013,2.058054714626944,0.0,2.753402759829593,0.0,99.50124688279301,401.0,
27001,1.3899533847920154,0.0,1.850688792993301,0.0,99.4949494949495,396.0,
27002,2.25241541766179,0.0,3.2264424772779696,0.0,99.48586118251927,389.0,
27004,,0.0,,0.0,0.0,393.0,
27005,,0.0,,0.0,0.0,393.0,
27006,,0.0,,0.0,0.0,392.0,
27008,1.7947381150035717,0.0,2.4947104560203863,0.0,99.48586118251927,389.0,
28001,3.0754963436557348,0.0,4.1052817235828325,0.0,99.74937343358395,399.0,
28002,0.5866663874429818,0.0,0.6847102426607962,0.0,100.0,161.0,
28005,,0.0,,0.0,0.0,400.0,
30002,1.8785618161114102,0.0,2.5508436519824764,0.0,99.5,400.0,
30003,1.6641205165414192,0.0,2.527141357763606,0.0,99.48717948717949,390.0,
30004,2.4707586971560325,0.0,3.570585282023864,0.0,99.74160206718346,387.0,
30005,3.324186895670546,0.0,4.870773601659307,0.0,99.49874686716792,399.0,
3001,4.3048842037795145,0.0,5.5680957109446565,0.0,99.73958333333334,384.0,
3002,,0.0,,0.0,0.0,380.0,
3003,,0.0,,0.0,0.0,382.0,
3004,2.7421234427344507,0.0,3.477655486968029,0.0,99.47643979057592,382.0,
3005,3.5427820618238433,0.0,4.957995079382838,0.0,99.47643979057592,382.0,
3006,3.805325815219147,0.0,5.169239807140959,0.0,99.48453608247422,388.0,
3007,3.4917170494465055,0.0,4.957741452446045,0.0,99.74554707379136,393.0,
3008,,0.0,,0.0,0.0,389.0,
3009,2.5995146588878044,0.0,3.5457104236080332,0.0,99.74226804123711,388.0,
3010,,0.0,,0.0,0.0,392.0,
3011,,0.0,,0.0,0.0,386.0,
3012,,0.0,,0.0,0.0,384.0,
31001,,0.0,,0.0,0.0,390.0,
31003,3.090452827111983,0.0,3.9423525808572397,0.0,99.73684210526315,380.0,
31005,2.256279595302336,0.0,2.9868232286786816,0.0,99.48586118251927,389.0,
31007,2.9307294026393413,0.0,3.8671470062428113,0.0,99.48320413436691,387.0,
31009,1.9882801883598924,0.0,2.722137383956173,0.0,99.48320413436691,387.0,
3101,3.908683438972032,0.0,5.436335664835317,0.0,99.74226804123711,388.0,
31010,2.6891782794966033,0.0,3.736531214649582,0.0,99.74424552429667,391.0,
31012,2.663339445365825,0.0,3.7343426336088745,0.0,99.48979591836735,392.0,
31013,2.0700872534093255,0.0,2.5870034744836685,0.0,99.74358974358975,390.0,
31016,2.497783819969012,0.0,3.3647296121723618,0.0,99.74358974358975,390.0,
31017,2.0196292391061172,0.0,2.699305168155232,0.0,99.48586118251927,389.0,
31018,3.328005701673038,0.0,4.403595986668749,0.0,99.47643979057592,382.0,
31019,2.277515774087946,0.0,2.945502823641248,0.0,99.73821989528795,382.0,
3102,,0.0,,0.0,0.0,388.0,
31020,2.652284412538767,0.0,3.59252910783036,0.0,99.74358974358975,390.0,
31021,,0.0,,0.0,0.0,395.0,
31022,,0.0,,0.0,0.0,391.0,
31023,2.1487608993992007,0.0,2.8494152337169942,0.0,99.48586118251927,389.0,
31024,2.1578151295317265,0.0,3.0154819845372716,0.0,99.75,400.0,
31025,2.1839153022006057,0.0,2.9029162196851503,0.0,99.48979591836735,392.0,
31026,1.7877215046881672,0.0,2.344195066119558,0.0,99.74554707379136,393.0,
31028,,0.0,,0.0,0.0,392.0,
31101,0.9039974317817694,0.0,1.1269256479088776,0.0,99.50617283950616,405.0,
31102,1.39330949480712,0.0,1.7866708642617608,0.0,99.74293059125964,389.0,
31103,1.6075773724962594,0.0,2.1444689247821005,0.0,99.50124688279301,401.0,
31104,1.8439221416216904,0.0,2.4549943325864763,0.0,99.47916666666666,384.0,
31105,1.4076934885224766,0.0,1.9119927271884019,0.0,100.0,388.0,
31201,,0.0,,0.0,0.0,383.0,
31202,1.5861748130245499,0.0,2.2801398445456686,0.0,99.48051948051948,385.0,
31203,,0.0,,0.0,0.0,161.0,
31301,2.223121869623211,0.0,3.1649475586278357,0.0,99.74937343358395,399.0,
31303,1.5917969866929926,0.0,2.2852045250161965,0.0,99.74811083123426,397.0,
31701,2.589996591121798,0.0,3.627897325406849,0.0,100.0,377.0,
31702,1.5227197322841637,0.0,2.27261980649255,0.0,99.74874371859298,398.0,
31703,2.1441645087271897,0.0,2.8393810433771987,0.0,99.74489795918367,392.0,
31704,1.9784302068406143,0.0,2.603900217803107,0.0,99.48586118251927,389.0,
31705,2.6969717928885224,0.0,3.756708623113003,0.0,99.48320413436691,387.0,
31706,2.298610837406311,0.0,3.060221251407723,0.0,99.74489795918367,392.0,
31707,2.3016861924543077,0.0,3.02905783502665,0.0,99.74811083123426,397.0,
31708,2.147450410283787,0.0,2.8598944977729914,0.0,99.48586118251927,389.0,
31709,2.260636769986391,0.0,3.0394422034356054,0.0,99.74093264248705,386.0,
32001,2.766956092930772,0.0,3.7543824316569503,0.0,99.48586118251927,389.0,
32003,2.846528803146492,0.0,3.724503177190485,0.0,99.4949494949495,396.0,
32004,3.9229425537569815,0.0,5.789301522548901,0.0,99.47780678851174,383.0,
3201,,0.0,,0.0,0.0,394.0,
32010,4.0095551557471225,0.0,5.949927864157515,0.0,99.74554707379136,393.0,
32011,3.884499133668443,0.0,5.727419638893041,0.0,99.74424552429667,391.0,
32012,3.7780465269895243,0.0,6.034228254452382,0.0,99.47780678851174,383.0,
32013,,0.0,,0.0,0.0,386.0,
32014,,0.0,,0.0,0.0,384.0,
32015,2.6652622312913525,0.0,3.413799513678922,0.0,99.74226804123711,388.0,
32016,2.7164079631226996,0.0,3.8557419500532375,0.0,99.48979591836735,392.0,
32017,2.2286512033069275,0.0,3.0527522819522925,0.0,99.74874371859298,398.0,
32018,,0.0,,0.0,0.0,381.0,
32019,2.3815210135170353,0.0,3.0937258149977707,0.0,99.48320413436691,387.0,
32020,1.7706678962005904,0.0,2.261453459504052,0.0,99.49238578680203,394.0,
32021,,0.0,,0.0,0.0,392.0,
32022,1.5773546421303328,0.0,2.125062274620204,0.0,99.20634920634922,252.0,
32023,,0.0,,0.0,0.0,389.0,
32024,2.760532544114404,0.0,3.6413774258868132,0.0,99.74619289340102,394.0,
32026,,0.0,,0.0,0.0,403.0,
32301,1.3185418613409212,0.0,1.685678693329461,0.0,99.74874371859298,398.0,
32302,1.2451112558315656,0.0,1.580205092403356,0.0,99.75,400.0,
32304,1.7966043495900121,0.0,2.872833428263086,0.0,97.54385964912281,285.0,
32305,1.9397516167852231,0.0,2.6143078684251226,0.0,99.74683544303798,395.0,
32306,,0.0,,0.0,0.0,382.0,
32308,0.27908950640432884,0.0,0.327428411854014,0.0,100.0,161.0,
32601,2.583614019456511,0.0,3.7877419332221813,0.0,99.74226804123711,388.0,
32603,2.088194992466305,0.0,3.1771848306984674,0.0,99.49622166246851,397.0,
32604,,0.0,,0.0,0.0,380.0,
32605,1.4721951576512777,0.0,1.9604218377139082,0.0,99.74619289340102,394.0,
33001,2.80606373058818,0.0,4.38872838594085,0.0,99.74025974025975,385.0,
33003,3.370293186355599,0.0,4.6779533100288155,0.0,99.49109414758269,393.0,
33005,3.0310933821874957,0.0,4.001297266939909,0.0,99.73821989528795,382.0,
33006,2.0660392724883394,0.0,2.693362506493178,0.0,99.74226804123711,388.0,
33009,3.1114345954533147,0.0,4.1231782335098535,0.0,99.74160206718346,387.0,
33012,3.2184650379645987,0.0,4.282671978918763,0.0,99.74747474747475,396.0,
33014,2.69559840510691,0.0,3.645166574654119,0.0,99.74554707379136,393.0,
33015,2.514737341027088,0.0,3.432150831380826,0.0,99.74025974025975,385.0,
33016,2.1890108471241834,0.0,2.8908584455209865,0.0,99.73958333333334,384.0,
33017,3.3629369113373038,0.0,4.514897480064891,0.0,99.48849104859335,391.0,
33018,,0.0,,0.0,0.0,391.0,
33019,4.639489487012418,0.0,8.845801082144657,0.0,99.48586118251927,389.0,
33020,3.4802084111377725,0.0,4.960286360402003,0.0,99.48186528497409,386.0,
33102,2.3326964840482547,0.0,3.121181244307035,0.0,99.48979591836735,392.0,
33103,1.8656927027079584,0.0,2.5187204025605516,0.0,99.74424552429667,391.0,
34002,2.6891038112134544,0.0,3.5962954768282493,0.0,99.47229551451187,379.0,
34005,2.822978123834266,0.0,4.245556601646904,0.0,99.5,400.0,
34008,3.0478195253247646,0.0,3.981800818893139,0.0,99.74683544303798,395.0,
34009,,0.0,,0.0,0.0,392.0,
34010,4.1642709139891485,0.0,5.339488294247047,0.0,99.74226804123711,388.0,
34011,2.849840676569615,0.0,3.843247022476463,0.0,99.49622166246851,397.0,
34012,2.3459956510161795,0.0,3.2500637704420114,0.0,99.74811083123426,397.0,
34013,3.7629728270371543,0.0,4.827246727799015,0.0,99.74619289340102,394.0,
34014,,0.0,,0.0,0.0,378.0,
35001,2.7527620781640865,0.0,3.723290924082308,0.0,99.48186528497409,386.0,
35002,,0.0,,0.0,0.0,389.0,
35003,3.0619458996514624,0.0,3.9547334733914545,0.0,99.49109414758269,393.0,
35004,3.8434621906766653,0.0,5.32346668102419,0.0,99.48453608247422,388.0,
35005,,0.0,,0.0,0.0,391.0,
35006,,0.0,,0.0,0.0,380.0,
35007,1.9849739960881254,0.0,2.6161616789959377,0.0,99.48453608247422,388.0,
35008,2.0157576079768993,0.0,2.6486079264143485,0.0,99.47368421052632,380.0,
35009,2.8142797369881074,0.0,3.7184033967299532,0.0,99.74093264248705,386.0,
35012,,0.0,,0.0,0.0,387.0,
35013,,0.0,,0.0,0.0,389.0,
35014,1.6893513394428865,0.0,2.18403364737446,0.0,99.48586118251927,389.0,
35015,,0.0,,0.0,0.0,391.0,
35017,2.2380704002494474,0.0,3.05764825996962,0.0,99.48979591836735,392.0,
35018,2.1013061228402603,0.0,2.838205230532541,0.0,99.74747474747475,396.0,
35019,,0.0,,0.0,0.0,392.0,
35020,,0.0,,0.0,0.0,389.0,
35021,2.385843155017137,0.0,3.2157902375181293,0.0,99.74683544303798,395.0,
40001,1.8869287200582068,0.0,2.7618686894541487,0.0,99.50248756218906,402.0,
40002,1.0026618248173238,0.0,1.2795551467281938,0.0,99.48453608247422,388.0,
40003,1.0653215512019603,0.0,1.4048643356508932,0.0,99.48186528497409,386.0,
40004,1.1524370338946217,0.0,1.5473511055847828,0.0,99.48051948051948,385.0,
40005,1.1824909490125473,0.0,1.704131225365805,0.0,99.73890339425587,383.0,
40006,,0.0,,0.0,0.0,398.0,
40007,1.1934314359274933,0.0,1.8215363329213696,0.0,99.49367088607595,395.0,
40008,1.5764159574947716,0.0,2.1372979222409243,0.0,99.48586118251927,389.0,
40009,1.1804393008237044,0.0,1.951319219869233,0.0,99.74811083123426,397.0,
4001,3.5953839581534197,0.0,5.004555487541146,0.0,99.74424552429667,391.0,
40010,,0.0,,0.0,0.0,391.0,
40011,1.1349727685158117,0.0,1.508766942688386,0.0,99.75308641975309,405.0,
40012,0.8452073934397035,0.0,1.0538041870029815,0.0,99.49109414758269,393.0,
40013,,0.0,,0.0,0.0,393.0,
40014,,0.0,,0.0,0.0,394.0,
40015,1.197716130787066,0.0,1.8794734733903962,0.0,99.47916666666666,384.0,
40016,,0.0,,0.0,0.0,404.0,
4002,3.2984962139707377,0.0,4.425356519183622,0.0,99.47229551451187,379.0,
4003,2.511845757468778,0.0,3.298907642537857,0.0,99.49748743718592,398.0,
4006,3.652018992196927,0.0,5.2181655285654305,0.0,99.49748743718592,398.0,
4007,4.223235503400529,0.0,5.777614074920377,0.0,99.48186528497409,386.0,
4009,3.42899519278356,0.0,4.496110163357358,0.0,99.47506561679789,381.0,
4010,3.7766289660277863,0.0,5.045266258947286,0.0,99.48186528497409,386.0,
4011,3.7266555120703573,0.0,4.942207754652782,0.0,99.74025974025975,385.0,
4012,,0.0,,0.0,0.0,378.0,
4013,3.4133614900342097,0.0,4.689926910465249,0.0,99.48186528497409,386.0,
4014,3.4848023300810556,0.0,4.733228585262945,0.0,99.73753280839895,381.0,
4015,4.021993497150583,0.0,5.866112508217583,0.0,99.73753280839895,381.0,
4016,,0.0,,0.0,0.0,378.0,
4017,1.9861200132217003,0.0,2.611515919006139,0.0,99.73958333333334,384.0,
4018,3.9955513010029526,0.0,5.319039205722708,0.0,99.48453608247422,388.0,
4019,3.8042299166847355,0.0,5.18109823178792,0.0,99.49367088607595,395.0,
4020,,0.0,,0.0,0.0,379.0,
4021,3.767287383949847,0.0,4.954265983453653,0.0,99.74093264248705,386.0,
4101,3.424655578459466,0.0,4.5935166845324265,0.0,99.73684210526315,380.0,
4103,,0.0,,0.0,0.0,384.0,
4104,2.0778809708769788,0.0,2.751068098524868,0.0,99.48051948051948,385.0,
4107,2.517657156510163,0.0,3.3362851058510654,0.0,99.74424552429667,391.0,
4108,,0.0,,0.0,0.0,380.0,
4109,2.385603763747956,0.0,3.099612314525903,0.0,99.48849104859335,391.0,
4110,,0.0,,0.0,0.0,392.0,
41101,2.1530434860605276,0.0,2.960475307951729,0.0,99.49109414758269,393.0,
41102,,0.0,,0.0,0.0,395.0,
41103,,0.0,,0.0,0.0,381.0,
41202,2.890722703772749,0.0,3.9473428255219507,0.0,99.47643979057592,382.0,
41203,,0.0,,0.0,0.0,390.0,
41204,,0.0,,0.0,0.0,390.0,
41205,1.480386078105319,0.0,1.9493018317211028,0.0,99.47916666666666,384.0,
41206,1.3838086276003212,0.0,1.754779520819772,0.0,99.74424552429667,391.0,
41207,2.0957777459214295,0.0,2.8765355920530267,0.0,99.73958333333334,384.0,
41208,1.784245306203907,0.0,2.3937946370004277,0.0,99.47229551451187,379.0,
41209,1.1871524090826868,0.0,1.484038653103143,0.0,99.74554707379136,393.0,
41210,1.4199607790913449,0.0,2.111295693962134,0.0,99.50248756218906,402.0,
41211,1.6480958414247076,0.0,2.4425407989595462,0.0,99.74683544303798,395.0,
41212,2.642175422548682,0.0,3.448571072045168,0.0,99.74811083123426,397.0,
41301,2.9754156796499838,0.0,4.053370760895543,0.0,99.47780678851174,383.0,
41302,2.0259256652314988,0.0,2.680251333307692,0.0,99.48186528497409,386.0,
41303,,0.0,,0.0,0.0,399.0,
41304,,0.0,,0.0,0.0,394.0,
41401,2.870627943335241,0.0,3.957036153328475,0.0,99.50248756218906,402.0,
41402,2.4472088228434328,0.0,3.305213903826637,0.0,99.74554707379136,393.0,
41403,2.175314975419636,0.0,2.8272602187386244,0.0,99.49748743718592,398.0,
41404,1.9543244339260264,0.0,2.7421627189316977,0.0,99.48849104859335,391.0,
41405,1.7016561373551489,0.0,2.53070025894843,0.0,99.73890339425587,383.0,
41601,3.2379659438861,0.0,4.326802694968655,0.0,99.73958333333334,384.0,
41602,2.8570014740848544,0.0,4.028521552753147,0.0,99.47780678851174,383.0,
41604,3.2491011372802636,0.0,4.9890915127405435,0.0,99.49367088607595,395.0,
41605,,0.0,,0.0,0.0,392.0,
41606,2.417856604451286,0.0,3.266401609319922,0.0,99.48717948717949,390.0,
42003,3.076076412908289,0.0,4.076872310987349,0.0,99.74160206718346,387.0,
42004,3.759839904032298,0.0,4.7962757863568894,0.0,99.47643979057592,382.0,
4201,0.7230250510591685,0.0,1.8328319218507767,0.0,100.0,178.0,
42010,3.980416935790284,0.0,5.34387602010345,0.0,99.74358974358975,390.0,
42011,5.196255394247197,0.0,6.817682116589748,0.0,99.48186528497409,386.0,
42014,,0.0,,0.0,0.0,390.0,
42015,,0.0,,0.0,0.0,398.0,
42016,2.5951199850760513,0.0,3.4710543456188927,0.0,99.74937343358395,399.0,
42018,2.4806325404760523,0.0,3.745199418368922,0.0,99.49238578680203,394.0,
42019,3.155378615366813,0.0,4.347282904821771,0.0,99.74811083123426,397.0,
42021,,0.0,,0.0,0.0,378.0,
42022,3.650954303336173,0.0,5.170673498417719,0.0,99.74226804123711,388.0,
42024,3.2195969577845176,0.0,4.305362269099618,0.0,99.73958333333334,384.0,
42026,2.25039287200573,0.0,2.947284358618699,0.0,99.47368421052632,380.0,
42027,2.240550486688105,0.0,2.961627092784692,0.0,99.48586118251927,389.0,
42028,3.1234351409055208,0.0,4.414228888327449,0.0,99.48453608247422,388.0,
42029,2.5448041864729776,0.0,3.3812522629640522,0.0,99.49622166246851,397.0,
42030,3.4951961685316597,0.0,4.858116064736791,0.0,99.74093264248705,386.0,
42205,3.8959612594909103,0.0,5.610395610582365,0.0,100.0,387.0,
42208,,0.0,,0.0,0.0,395.0,
42209,2.1456323102302304,0.0,2.7862639909441107,0.0,99.48320413436691,387.0,
42210,2.2961931325661524,0.0,2.99914680957093,0.0,99.74424552429667,391.0,
42211,,0.0,,0.0,0.0,386.0,
42301,2.4772645237743394,0.0,3.25490375783925,0.0,99.75124378109453,402.0,
42302,,0.0,,0.0,0.0,390.0,
42303,1.8051351992859077,0.0,2.320659139112469,0.0,99.48717948717949,390.0,
42304,1.8500191575903004,0.0,2.7119936750304294,0.0,99.50372208436724,403.0,
42305,1.2940857332058162,0.0,1.6946929658697052,0.0,99.75062344139651,401.0,
42501,2.80191480029163,0.0,4.002976278988486,0.0,100.0,384.0,
42503,2.9261006233415983,0.0,3.9372416169615096,0.0,99.48849104859335,391.0,
42504,2.225644447623883,0.0,3.0893119393975947,0.0,99.48979591836735,392.0,
42505,2.5831367751506,0.0,3.5974862478618888,0.0,99.74293059125964,389.0,
42701,,0.0,,0.0,0.0,387.0,
42703,2.3633206120894954,0.0,3.084719267045673,0.0,99.74619289340102,394.0,
42704,1.854198402041524,0.0,2.4090827881951644,0.0,99.46949602122017,377.0,
42706,2.4074118805486484,0.0,3.158089000891416,0.0,99.48717948717949,390.0,
42707,1.73598801053563,0.0,2.2621321649515114,0.0,99.74358974358975,390.0,
43001,2.500995019455946,0.0,3.3787341887325235,0.0,99.73684210526315,380.0,
43002,3.271136736345019,0.0,4.490918501811075,0.0,99.5,400.0,
43003,3.2683525686784076,0.0,4.40740939628811,0.0,99.74358974358975,390.0,
43004,3.1898833073552395,0.0,4.343439706630048,0.0,99.73544973544973,378.0,
43005,6.960748176972577,0.0,10.194868374973904,0.0,99.48586118251927,389.0,
43006,2.7222434771792354,0.0,3.7292045227446358,0.0,99.48186528497409,386.0,
43007,3.737720618616039,0.0,5.292280459718056,0.0,99.73821989528795,382.0,
43008,2.948752193571022,0.0,3.789876897238926,0.0,99.48979591836735,392.0,
43009,4.627301175393538,0.0,6.47737963280686,0.0,99.48979591836735,392.0,
43010,0.6094586434749125,0.0,0.7256492239307402,0.0,100.0,161.0,
43402,2.360552790489725,0.0,3.3213920603193645,0.0,99.49367088607595,395.0,
43403,2.708215934693008,0.0,3.6126843174487573,0.0,99.74293059125964,389.0,
44001,,0.0,,0.0,0.0,381.0,
44002,3.3166099153222417,0.0,4.5858735287422805,0.0,99.49367088607595,395.0,
44003,,0.0,,0.0,0.0,383.0,
44004,2.587662563836436,0.0,3.467524545566929,0.0,99.48586118251927,389.0,
44005,2.1163792340766854,0.0,2.7715289912745824,0.0,99.73958333333334,384.0,
44006,3.3043368178807,0.0,4.429272580105179,0.0,99.47643979057592,382.0,
44007,1.5089334316053575,0.0,2.4657980007283262,0.0,99.74619289340102,394.0,
44008,1.877612895901363,0.0,2.6806225026454897,0.0,99.74811083123426,397.0,
44010,1.6721582914710527,0.0,2.611182625080609,0.0,99.5049504950495,404.0,
44011,1.6723271033262255,0.0,2.565481159122469,0.0,99.48979591836735,392.0,
44012,1.2429681425193009,0.0,1.6792640038302198,0.0,99.49109414758269,393.0,
44013,1.9071390764257714,0.0,2.9714826402892522,0.0,99.74160206718346,387.0,
44014,1.9975728608320076,0.0,3.1705731907344092,0.0,99.5,400.0,
44015,,0.0,,0.0,0.0,404.0,
44016,1.529580840962677,0.0,2.1399357702976953,0.0,99.74489795918367,392.0,
44017,1.7481841755083216,0.0,2.306385712611722,0.0,99.50372208436724,403.0,
44018,0.9121072213275506,0.0,1.1693206682554789,0.0,100.0,161.0,
44101,3.5668302758129733,0.0,5.09175883024816,0.0,100.0,391.0,
44102,,0.0,,0.0,0.0,388.0,
44103,1.975746620434387,0.0,2.6265253133050463,0.0,99.49367088607595,395.0,
45001,1.636464529873107,0.0,2.4100789490947854,0.0,99.49874686716792,399.0,
45002,1.96727615797533,0.0,2.6545516741271027,0.0,99.74424552429667,391.0,
45003,0.7627519503395588,0.0,0.9238041866738341,0.0,99.50248756218906,402.0,
45004,,0.0,,0.0,0.0,399.0,
45005,2.0854954012906615,0.0,3.0815728622787115,0.0,99.74683544303798,395.0,
45504,0.27908950640432884,0.0,0.327428411854014,0.0,100.0,161.0,
46001,1.7579875082037961,0.0,2.343771714066606,0.0,99.74489795918367,392.0,
46002,1.9769516087277454,0.0,2.6642622657364723,0.0,99.74489795918367,392.0,
47001,3.403727260242139,0.0,4.436408665024434,0.0,99.74424552429667,391.0,
47002,,0.0,,0.0,0.0,384.0,
47004,2.192930163092668,0.0,2.943725973995953,0.0,99.49367088607595,395.0,
47005,3.9203861537396367,0.0,5.45709031161956,0.0,99.48051948051948,385.0,
47007,1.5941206798062197,0.0,2.598244225873883,0.0,99.49109414758269,393.0,
47008,,0.0,,0.0,0.0,396.0,
48001,1.9742864616263527,0.0,2.4210251282704975,0.0,99.48979591836735,392.0,
48002,2.3445574013941717,0.0,3.0479137864027566,0.0,100.0,380.0,
48003,1.5938426023349372,0.0,2.538134582668791,0.0,99.50124688279301,401.0,
48004,1.7993080791561789,0.0,2.7188800407158538,0.0,99.74554707379136,393.0,
48005,1.9533402733751823,0.0,3.0012621207277124,0.0,99.74160206718346,387.0,
48006,1.971803037265465,0.0,2.974531257907437,0.0,99.74358974358975,390.0,
48008,1.8746852975791868,0.0,2.706136709572058,0.0,99.74874371859298,398.0,
48009,,0.0,,0.0,0.0,389.0,
48010,,0.0,,0.0,0.0,390.0,
48011,1.2274610503362977,0.0,1.5655664470319839,0.0,99.74874371859298,398.0,
48012,2.213304658774206,0.0,3.371404801678881,0.0,99.4949494949495,396.0,
5001,4.553825905106563,0.0,6.5695101370121165,0.0,99.48979591836735,392.0,
5002,4.301763908482807,0.0,6.24559935259741,0.0,99.48849104859335,391.0,
5003,4.097811275396144,0.0,6.221785647558106,0.0,99.49748743718592,398.0,
5004,3.008056658611486,0.0,4.0789726482408355,0.0,99.74160206718346,387.0,
5005,4.131850313024899,0.0,6.034542689764743,0.0,99.74811083123426,397.0,
5007,4.299360762162078,0.0,6.172297190484721,0.0,99.49367088607595,395.0,
5012,,0.0,,0.0,0.0,384.0,
5014,,0.0,,0.0,0.0,383.0,
5015,,0.0,,0.0,0.0,390.0,
5016,,0.0,,0.0,0.0,397.0,
5018,,0.0,,0.0,0.0,392.0,
5019,3.1643801748683704,0.0,4.119070892827953,0.0,99.74160206718346,387.0,
5020,5.729114671822741,0.0,8.408968837119623,0.0,99.74358974358975,390.0,
5021,,0.0,,0.0,0.0,392.0,
5022,3.2436866826608566,0.0,4.3427179820131085,0.0,99.74747474747475,396.0,
5024,2.2354980016524983,0.0,2.876471522809341,0.0,100.0,391.0,
5026,5.151749292898655,0.0,6.901292292542208,0.0,99.49367088607595,395.0,
5027,4.3676768224429985,0.0,6.040728552094446,0.0,99.73262032085562,374.0,
5028,3.664809596912841,0.0,5.084289863439378,0.0,99.74226804123711,388.0,
5030,,0.0,,0.0,0.0,384.0,
5031,5.429260492744711,0.0,8.157568949688526,0.0,99.49109414758269,393.0,
5032,6.231227682380424,0.0,8.84183380105959,0.0,99.49109414758269,393.0,
5033,3.621816533207532,0.0,4.825924534107134,0.0,99.73684210526315,380.0,
5034,5.48213869972397,0.0,7.737971466734979,0.0,99.74160206718346,387.0,
51001,2.2650625700157185,0.0,3.2748077536279876,0.0,99.50124688279301,401.0,
51002,1.2102974691131039,0.0,1.6988388763277795,0.0,100.0,387.0,
51003,1.1049981071330328,0.0,1.405906486088777,0.0,99.47916666666666,384.0,
51004,1.3969447269352353,0.0,2.2242979834535905,0.0,99.74747474747475,396.0,
51005,1.0561793843818015,0.0,1.4581194584962718,0.0,99.48453608247422,388.0,
51007,,0.0,,0.0,0.0,397.0,
51008,1.884708558585416,0.0,3.1009431131257768,0.0,99.50124688279301,401.0,
5105,2.6004163453892417,0.0,3.373369807813234,0.0,99.74554707379136,393.0,
5106,0.3190467594227255,0.0,0.37253346330471226,0.0,100.0,161.0,
5107,3.4186432498433272,0.0,4.383305293080194,0.0,99.74747474747475,396.0,
5110,2.7541904761547302,0.0,3.643913336305328,0.0,99.74747474747475,396.0,
5115,,0.0,,0.0,0.0,394.0,
5116,5.498419225174771,0.0,8.01120970386451,0.0,99.74554707379136,393.0,
5119,4.464034313337124,0.0,7.846154189124203,0.0,99.74424552429667,391.0,
5121,5.000048131902901,0.0,6.825486497156473,0.0,99.74424552429667,391.0,
5122,3.27264312910118,0.0,4.965796474402072,0.0,99.74025974025975,385.0,
5123,3.944527603627478,0.0,5.475057418980809,0.0,99.49238578680203,394.0,
5124,3.087090506122728,0.0,4.773267066646966,0.0,99.73890339425587,383.0,
5201,2.9580886136539943,0.0,3.936413655653763,0.0,99.48320413436691,387.0,
5202,2.807144682355556,0.0,3.8710333870199047,0.0,99.47368421052632,380.0,
6001,2.540295378204924,0.0,3.362701631060442,0.0,99.47916666666666,384.0,
6002,3.3737491564913173,0.0,4.790953209075818,0.0,99.74489795918367,392.0,
6003,,0.0,,0.0,0.0,388.0,
6004,,0.0,,0.0,0.0,382.0,
6005,5.109733713089847,0.0,7.281086836654839,0.0,99.74293059125964,389.0,
6006,3.002339205832487,0.0,4.197367748606035,0.0,99.74226804123711,388.0,
6007,3.389300826663519,0.0,4.812584235766783,0.0,99.73958333333334,384.0,
6008,,0.0,,0.0,0.0,385.0,
6009,4.347783360164859,0.0,6.1417855538005695,0.0,99.48849104859335,391.0,
6010,2.7614790917085275,0.0,3.570157446565701,0.0,99.74025974025975,385.0,
6012,,0.0,,0.0,0.0,386.0,
6013,4.192683164496427,0.0,5.700319170035687,0.0,99.74554707379136,393.0,
6014,3.2741420396030376,0.0,4.453778273089991,0.0,99.73890339425587,383.0,
6015,6.238119974230023,0.0,8.354126828014419,0.0,99.74226804123711,388.0,
6016,2.3326029968131214,0.0,3.1417828184513077,0.0,99.74874371859298,398.0,
6017,4.086413857347241,0.0,5.870575139655463,0.0,99.74811083123426,397.0,
6018,2.4151373183727225,0.0,3.428113369192861,0.0,99.47916666666666,384.0,
6020,,0.0,,0.0,0.0,387.0,
6021,,0.0,,0.0,0.0,402.0,
6022,3.862101188450806,0.0,5.063150399042851,0.0,99.74160206718346,387.0,
6025,3.0586909841123755,0.0,4.475458991132642,0.0,99.73958333333334,384.0,
6026,5.461219050617044,0.0,7.6768690212404165,0.0,99.74358974358975,390.0,
6027,3.650999984611744,0.0,4.878049900990588,0.0,99.47780678851174,383.0,
6028,,0.0,,0.0,0.0,384.0,
6029,,0.0,,0.0,0.0,389.0,
6030,,0.0,,0.0,0.0,390.0,
6031,,0.0,,0.0,0.0,379.0,
6032,3.7184175046450343,0.0,4.9475536078869915,0.0,99.74554707379136,393.0,
6103,,0.0,,0.0,0.0,379.0,
6104,4.4097953301057515,0.0,6.6440904354323145,0.0,99.74619289340102,394.0,
6107,2.968155175556167,0.0,4.23844732904086,0.0,99.74683544303798,395.0,
6108,1.9558015942768654,0.0,2.5316264488952616,0.0,99.74747474747475,396.0,
6201,2.8965910399214327,0.0,4.035526500737324,0.0,99.48320413436691,387.0,
7002,3.9552420565206377,0.0,5.27242036571256,0.0,99.74619289340102,394.0,
7003,6.631399509250418,0.0,9.913047999103105,0.0,99.75124378109453,402.0,
7004,2.505713462101532,0.0,3.5229172703948928,0.0,99.49109414758269,393.0,
7005,5.757027594303026,0.0,8.71151138888479,0.0,99.74025974025975,385.0,
7006,4.342333688050952,0.0,6.492640680129279,0.0,99.48186528497409,386.0,
7007,,0.0,,0.0,0.0,385.0,
7008,2.255472568878791,0.0,3.11036967882845,0.0,99.74358974358975,390.0,
7009,7.044994466132373,0.0,10.504522348189065,0.0,99.73821989528795,382.0,
7010,5.681939521890143,0.0,8.53802142529145,0.0,99.48320413436691,387.0,
7012,3.2673966753232264,0.0,5.0420225184729475,0.0,99.48453608247422,388.0,
7013,3.7110728827711217,0.0,5.1088763931835555,0.0,99.73958333333334,384.0,
7014,,0.0,,0.0,0.0,385.0,
7015,4.259016512713927,0.0,6.489225978010274,0.0,99.48979591836735,392.0,
7016,,0.0,,0.0,0.0,382.0,
7017,,0.0,,0.0,0.0,384.0,
7018,2.737709442090256,0.0,3.687028529798269,0.0,99.48979591836735,392.0,
7020,,0.0,,0.0,0.0,390.0,
7021,4.454781437946204,0.0,5.999616170994014,0.0,99.47916666666666,384.0,
7023,7.118554460117622,0.0,9.682023170744246,0.0,99.48186528497409,386.0,
7024,4.3136647673536395,0.0,5.659201740184508,0.0,99.49367088607595,395.0,
7025,4.127406942180147,0.0,5.5603464153205335,0.0,99.47229551451187,379.0,
7026,2.796201259480357,0.0,3.8548369405275085,0.0,99.74358974358975,390.0,
7101,,0.0,,0.0,0.0,389.0,
7102,4.8910606626587585,0.0,8.120032014741305,0.0,99.74293059125964,389.0,
7109,,0.0,,0.0,0.0,393.0,
7111,1.8462479284492084,0.0,2.5014520810919354,0.0,99.48717948717949,390.0,
7201,2.32760112776102,0.0,3.494427308375416,0.0,99.49109414758269,393.0,
7202,2.590887471021366,0.0,3.630600265393124,0.0,99.49367088607595,395.0,
8001,5.754194486346396,0.0,8.287594406443336,0.0,99.74683544303798,395.0,
8002,,0.0,,0.0,0.0,387.0,
8003,4.0401216738467225,0.0,6.470973812370715,0.0,99.74683544303798,395.0,
8004,,0.0,,0.0,0.0,381.0,
8007,3.3881131963194546,0.0,4.876660531187484,0.0,100.0,381.0,
8008,3.007798055000778,0.0,4.538154949011037,0.0,99.47643979057592,382.0,
8009,3.5321702568052182,0.0,5.070407445563526,0.0,99.50248756218906,402.0,
8010,1.8226536175356296,0.0,2.34309031847545,0.0,99.74424552429667,391.0,
8011,,0.0,,0.0,0.0,386.0,
8012,,0.0,,0.0,0.0,384.0,
8015,5.753913888204994,0.0,9.050723887810513,0.0,99.73958333333334,384.0,
8016,3.0754901872880835,0.0,4.761220038756622,0.0,99.74811083123426,397.0,
8017,4.562608573239237,0.0,7.115341600562033,0.0,99.73684210526315,380.0,
8018,4.74640810161611,0.0,7.927577164035611,0.0,99.74489795918367,392.0,
8019,1.9826676473762308,0.0,2.4371526000136834,0.0,99.74554707379136,393.0,
8020,3.427231922781434,0.0,4.924457518075098,0.0,99.74226804123711,388.0,
8025,4.0951913728903735,0.0,6.621310086117174,0.0,99.74619289340102,394.0,
8026,,0.0,,0.0,0.0,396.0,
8027,,0.0,,0.0,0.0,321.0,
8028,4.466105734717383,0.0,7.062606377721833,0.0,99.73753280839895,381.0,
8029,,0.0,,0.0,0.0,387.0,
8031,5.605997370926464,0.0,9.547436843690154,0.0,99.74683544303798,395.0,
8033,5.22368869759939,0.0,8.534100677872255,0.0,99.74424552429667,391.0,
8034,,0.0,,0.0,0.0,385.0,
8035,4.263432311238473,0.0,7.294134467250508,0.0,99.48453608247422,388.0,
8036,5.044330757142915,0.0,7.983913410690022,0.0,99.73890339425587,383.0,
8037,3.791512233388104,0.0,5.535290748637606,0.0,99.73333333333333,375.0,
8038,,0.0,,0.0,0.0,388.0,
8039,2.442629188322438,0.0,3.2617093973637856,0.0,99.47916666666666,384.0,
8040,3.5465274771986928,0.0,5.295165339527389,0.0,99.74747474747475,396.0,
8044,3.2242452489916906,0.0,4.710732246522587,0.0,99.74619289340102,394.0,
8045,5.097465734475752,0.0,7.667484329108631,0.0,99.48320413436691,387.0,
8046,3.9516968628859908,0.0,5.782803109878425,0.0,100.0,384.0,
8048,,0.0,,0.0,0.0,393.0,
8049,2.761936181103847,0.0,4.359351747336796,0.0,99.74424552429667,391.0,
8050,5.002066061804812,0.0,7.827928492538327,0.0,99.75429975429975,407.0,
8051,1.8810545229137594,0.0,2.6778204863222594,0.0,99.74226804123711,388.0,
8052,3.2388443161664693,0.0,4.994828329935921,0.0,99.48051948051948,385.0,
8053,2.868518003541203,0.0,4.241501330638115,0.0,99.50617283950616,405.0,
8054,3.524289312852698,0.0,5.395198125307048,0.0,99.74358974358975,390.0,
8055,2.3121048624258145,0.0,2.9993049016652984,0.0,99.74093264248705,386.0,
8056,2.6028464550341353,0.0,3.345731452061751,0.0,99.48849104859335,391.0,
8057,2.620612070548114,0.0,3.6778857476449986,0.0,99.48320413436691,387.0,
8102,3.944614579479635,0.0,6.743231349875095,0.0,99.48586118251927,389.0,
8103,4.0720550181231285,0.0,7.104832089646695,0.0,99.49748743718592,398.0,
8105,3.3457208167817845,0.0,5.578043896255303,0.0,99.49109414758269,393.0,
8110,2.910438262954629,0.0,4.02398070711804,0.0,99.48320413436691,387.0,
8116,0.6094586434749125,0.0,0.7256492239307402,0.0,100.0,161.0,
8117,4.997183347777523,0.0,7.623094770502124,0.0,99.74293059125964,389.0,
8201,2.3469692100924946,0.0,3.2753120869978223,0.0,100.0,393.0,
8202,2.0008446593093585,0.0,2.6528250872580026,0.0,99.48849104859335,391.0,
8203,3.879037827809439,0.0,6.329008012762838,0.0,99.48717948717949,390.0,
8549,3.1698961889962494,0.0,4.8187173513729045,0.0,99.74683544303798,395.0,
9001,2.3652728172806126,0.0,3.054564775203881,0.0,99.49622166246851,397.0,
9002,2.0042341516382085,0.0,2.5368134542778695,0.0,99.74424552429667,391.0,
9004,1.7386890400274373,0.0,2.3299439500675443,0.0,99.74683544303798,395.0,
9005,,0.0,,0.0,0.0,398.0,
9006,,0.0,,0.0,0.0,392.0,
9007,2.1367813129733855,0.0,2.8530243573430285,0.0,99.48849104859335,391.0,
9008,1.7515584951879386,0.0,2.309167961764364,0.0,99.74937343358395,399.0,
9009,1.9706866491512023,0.0,2.6303085581801646,0.0,99.74025974025975,385.0,
9010,2.5340380715186246,0.0,3.3341657110472425,0.0,99.73684210526315,380.0,
9011,3.369805780532839,0.0,4.473311797168841,0.0,99.48453608247422,388.0,
9012,,0.0,,0.0,0.0,393.0,
9013,2.962554771233084,0.0,4.426788066980643,0.0,99.47916666666666,384.0,
9014,,0.0,,0.0,0.0,392.0,
9015,,0.0,,0.0,0.0,388.0,
9016,2.4707092986856307,0.0,3.3396986578949375,0.0,99.4949494949495,396.0,
9017,3.056838880831397,0.0,4.13562195180554,0.0,99.74424552429667,391.0,
9019,2.1110842006812254,0.0,2.7991862153748803,0.0,99.74747474747475,396.0,
9020,2.032552176449928,0.0,2.6209131231727167,0.0,99.50124688279301,401.0,
9021,,0.0,,0.0,0.0,402.0,
9022,,0.0,,0.0,0.0,393.0,
9023,3.972727335641554,0.0,6.66199891709464,0.0,99.49109414758269,393.0,
9024,5.348301132394536,0.0,8.6065229067578,0.0,99.74293059125964,389.0,
9025,5.193587614460398,0.0,8.564456774861323,0.0,99.47643979057592,382.0,
9026,2.308111015424348,0.0,2.9442360164487025,0.0,99.74293059125964,389.0,
9027,2.9142599155286795,0.0,4.09279736267517,0.0,99.73821989528795,382.0,
9028,,0.0,,0.0,0.0,386.0,
9029,,0.0,,0.0,0.0,397.0,
9031,3.4898289379904925,0.0,4.997701801649508,0.0,99.74160206718346,387.0,
9032,3.8663745025039704,0.0,5.737725672603724,0.0,99.74811083123426,397.0,
9034,3.2870493500644686,0.0,4.331005340957254,0.0,99.73958333333334,384.0,
9035,,0.0,,0.0,0.0,391.0,
9036,,0.0,,0.0,0.0,401.0,
9037,2.4396367658111644,0.0,3.3296324148589473,0.0,99.73474801061008,377.0,
9038,2.925487459948589,0.0,4.107959698070992,0.0,99.49874686716792,399.0,
9039,3.5428598053545124,0.0,5.0231419186753135,0.0,99.74160206718346,387.0,
9101,2.813865902656827,0.0,3.605328652846308,0.0,99.48979591836735,392.0,
9102,,0.0,,0.0,0.0,389.0,
9104,3.223681789272164,0.0,4.709723239420235,0.0,99.48186528497409,386.0,
9106,3.6592756582020822,0.0,5.2222729726296,0.0,99.74874371859298,398.0,
9111,2.52327164344898,0.0,4.000897445232165,0.0,99.48051948051948,385.0,
9113,3.691855835851849,0.0,5.003416071021204,0.0,99.48717948717949,390.0,
9114,2.2153109903160644,0.0,2.8956545036247325,0.0,99.74424552429667,391.0,
9115,1.9099180748639817,0.0,2.6419204843728705,0.0,99.49238578680203,394.0,
9116,,0.0,,0.0,0.0,391.0,
9117,2.6385123257029264,0.0,3.499836407688137,0.0,99.73958333333334,384.0,
9118,2.7972970710526415,0.0,4.02240447506738,0.0,99.48453608247422,388.0,
92001,,0.0,,0.0,0.0,383.0,
92002,,0.0,,0.0,0.0,407.0,
92003,2.1049215048894006,0.0,2.972951314483212,0.0,99.74747474747475,396.0,
92004,0.46950454038217143,0.0,0.5927006444626354,0.0,100.0,161.0,
92005,2.625646647793427,0.0,3.751249274060304,0.0,99.74160206718346,387.0,
92006,,0.0,,0.0,0.0,391.0,
92007,2.426275013036413,0.0,3.524128062532773,0.0,99.75062344139651,401.0,
92008,1.8576029011130417,0.0,2.726682049825237,0.0,99.74683544303798,395.0,
None,,,,,0.0,1.0,
