station_id,2025-09-13,2025-09-20
10003,1.0416666666666665,19.791666666666664
10004,1.0416666666666665,21.875
10005,1.0416666666666665,19.791666666666664
10006,1.0416666666666665,17.708333333333336
10008,1.0416666666666665,19.791666666666664
10009,1.0416666666666665,17.708333333333336
1001,1.0416666666666665,19.791666666666664
10010,1.0416666666666665,17.708333333333336
10011,1.0416666666666665,19.791666666666664
10012,1.0416666666666665,19.791666666666664
10013,1.0416666666666665,19.791666666666664
10014,1.0416666666666665,18.75
10015,1.0416666666666665,16.666666666666664
10016,1.0416666666666665,18.75
10017,1.0416666666666665,18.75
10018,1.0416666666666665,16.666666666666664
10019,1.0416666666666665,16.666666666666664
1002,1.0416666666666665,17.708333333333336
10020,1.0416666666666665,18.75
10021,1.0416666666666665,18.75
10023,1.0416666666666665,19.791666666666664
10025,1.0416666666666665,17.708333333333336
10026,0.0,18.75
10027,1.0416666666666665,16.666666666666664
10029,1.0416666666666665,18.75
1003,1.0416666666666665,18.75
10031,1.0416666666666665,16.666666666666664
10032,1.0416666666666665,18.75
10033,1.0416666666666665,18.75
10034,1.0416666666666665,16.666666666666664
10036,1.0416666666666665,18.75
10037,1.0416666666666665,18.75
10039,1.0416666666666665,18.75
10041,1.0416666666666665,18.75
10042,1.0416666666666665,17.708333333333336
1006,1.0416666666666665,17.708333333333336
1007,1.0416666666666665,19.791666666666664
1008,1.0416666666666665,18.75
10105,1.0416666666666665,18.75
10107,1.0416666666666665,20.833333333333336
10110,1.0416666666666665,21.875
10113,1.0416666666666665,18.75
10114,1.0416666666666665,17.708333333333336
10115,1.0416666666666665,18.75
1012,1.0416666666666665,17.708333333333336
1013,1.0416666666666665,19.791666666666664
1014,1.0416666666666665,16.666666666666664
1015,1.0416666666666665,17.708333333333336
10151,1.0416666666666665,20.833333333333336
1016,1.0416666666666665,17.708333333333336
10161,1.0416666666666665,17.708333333333336
10162,1.0416666666666665,17.708333333333336
10163,1.0416666666666665,19.791666666666664
10164,1.0416666666666665,19.791666666666664
10165,1.0416666666666665,19.791666666666664
10166,1.0416666666666665,19.791666666666664
1017,1.0416666666666665,19.791666666666664
1018,1.0416666666666665,18.75
1020,1.0416666666666665,18.75
10201,0.0,18.75
10202,1.0416666666666665,17.708333333333336
10206,1.0416666666666665,19.791666666666664
1021,1.0416666666666665,16.666666666666664
1022,1.0416666666666665,18.75
1023,1.0416666666666665,18.75
1024,1.0416666666666665,20.833333333333336
1025,1.0416666666666665,19.791666666666664
1026,1.0416666666666665,19.791666666666664
11001,1.0416666666666665,18.75
11002,1.0416666666666665,19.791666666666664
11003,1.0416666666666665,19.791666666666664
11004,1.0416666666666665,19.791666666666664
11006,1.0416666666666665,18.75
11007,1.0416666666666665,19.791666666666664
11009,1.0416666666666665,19.791666666666664
11010,1.0416666666666665,19.791666666666664
11011,1.0416666666666665,16.666666666666664
11012,1.0416666666666665,18.75
11014,1.0416666666666665,17.708333333333336
11016,1.0416666666666665,19.791666666666664
11017,1.0416666666666665,20.833333333333336
11018,1.0416666666666665,18.75
11019,1.0416666666666665,17.708333333333336
1102,1.0416666666666665,18.75
11020,1.0416666666666665,19.791666666666664
11021,1.0416666666666665,20.833333333333336
11022,1.0416666666666665,16.666666666666664
11023,1.0416666666666665,18.75
11024,1.0416666666666665,18.75
11025,1.0416666666666665,17.708333333333336
11026,1.0416666666666665,18.75
11027,0.0,18.75
11028,1.0416666666666665,18.75
11029,1.0416666666666665,18.75
11030,1.0416666666666665,18.75
11031,1.0416666666666665,18.75
11032,1.0416666666666665,19.791666666666664
11033,1.0416666666666665,19.791666666666664
11034,1.0416666666666665,20.833333333333336
11035,1.0416666666666665,17.708333333333336
11036,1.0416666666666665,19.791666666666664
11037,1.0416666666666665,18.75
11038,0.0,17.708333333333336
11039,1.0416666666666665,18.75
11040,1.0416666666666665,19.791666666666664
11041,1.0416666666666665,18.75
11042,1.0416666666666665,17.708333333333336
11043,1.0416666666666665,19.791666666666664
11044,1.0416666666666665,20.833333333333336
11046,1.0416666666666665,17.708333333333336
11047,1.0416666666666665,17.708333333333336
11048,1.0416666666666665,19.791666666666664
11101,1.0416666666666665,18.75
11102,1.0416666666666665,18.75
11103,1.0416666666666665,21.875
11104,1.0416666666666665,16.666666666666664
11105,1.0416666666666665,19.791666666666664
11107,1.0416666666666665,20.833333333333336
11109,1.0416666666666665,20.833333333333336
11110,1.0416666666666665,18.75
11111,1.0416666666666665,20.833333333333336
11112,1.0416666666666665,17.708333333333336
11113,1.0416666666666665,20.833333333333336
11114,1.0416666666666665,16.666666666666664
11115,1.0416666666666665,17.708333333333336
1116,1.0416666666666665,17.708333333333336
1117,1.0416666666666665,17.708333333333336
1119,1.0416666666666665,18.75
1120,1.0416666666666665,19.791666666666664
11201,1.0416666666666665,16.666666666666664
12001,1.0416666666666665,19.791666666666664
12002,1.0416666666666665,18.75
12005,1.0416666666666665,16.666666666666664
12006,1.0416666666666665,19.791666666666664
12007,1.0416666666666665,19.791666666666664
12008,1.0416666666666665,17.708333333333336
12009,1.0416666666666665,18.75
1201,1.0416666666666665,19.791666666666664
12010,1.0416666666666665,17.708333333333336
12011,1.0416666666666665,18.75
12013,1.0416666666666665,18.75
12015,1.0416666666666665,19.791666666666664
12016,1.0416666666666665,18.75
12017,1.0416666666666665,18.75
12018,1.0416666666666665,16.666666666666664
12019,1.0416666666666665,17.708333333333336
12020,1.0416666666666665,19.791666666666664
12022,1.0416666666666665,18.75
12024,1.0416666666666665,16.666666666666664
12026,1.0416666666666665,16.666666666666664
12027,1.0416666666666665,20.833333333333336
12028,1.0416666666666665,16.666666666666664
12031,1.0416666666666665,18.75
12032,1.0416666666666665,19.791666666666664
12033,1.0416666666666665,17.708333333333336
12034,1.0416666666666665,20.833333333333336
12035,1.0416666666666665,18.75
12036,1.0416666666666665,19.791666666666664
12037,1.0416666666666665,17.708333333333336
12038,1.0416666666666665,16.666666666666664
12039,1.0416666666666665,19.791666666666664
12040,1.0416666666666665,16.666666666666664
12041,1.0416666666666665,19.791666666666664
12043,1.0416666666666665,20.833333333333336
12101,1.0416666666666665,19.791666666666664
12102,1.0416666666666665,16.666666666666664
12105,1.0416666666666665,18.75
12106,1.0416666666666665,18.75
12107,1.0416666666666665,16.666666666666664
12108,1.0416666666666665,18.75
12109,1.0416666666666665,18.75
12111,1.0416666666666665,18.75
12113,1.0416666666666665,16.666666666666664
12114,1.0416666666666665,18.75
12115,1.0416666666666665,19.791666666666664
12119,1.0416666666666665,16.666666666666664
12120,1.0416666666666665,18.75
12122,1.0416666666666665,17.708333333333336
12123,1.0416666666666665,17.708333333333336
12125,1.0416666666666665,17.708333333333336
12126,1.0416666666666665,18.75
12127,1.0416666666666665,17.708333333333336
12128,1.0416666666666665,17.708333333333336
12129,1.0416666666666665,20.833333333333336
12150,1.0416666666666665,21.875
12151,1.0416666666666665,18.75
12153,1.0416666666666665,18.75
12154,1.0416666666666665,17.708333333333336
12155,1.0416666666666665,15.625
12156,1.0416666666666665,18.75
12157,1.0416666666666665,17.708333333333336
12161,1.0416666666666665,19.791666666666664
12163,1.0416666666666665,17.708333333333336
12164,1.0416666666666665,18.75
12165,1.0416666666666665,18.75
12166,1.0416666666666665,18.75
12201,1.0416666666666665,16.666666666666664
12202,1.0416666666666665,16.666666666666664
12203,1.0416666666666665,17.708333333333336
12204,1.0416666666666665,18.75
13001,1.0416666666666665,16.666666666666664
13002,1.0416666666666665,18.75
13005,1.0416666666666665,20.833333333333336
13006,1.0416666666666665,17.708333333333336
13007,1.0416666666666665,16.666666666666664
13008,1.0416666666666665,16.666666666666664
13009,1.0416666666666665,17.708333333333336
13010,1.0416666666666665,18.75
13011,1.0416666666666665,20.833333333333336
13013,1.0416666666666665,18.75
13015,1.0416666666666665,16.666666666666664
13016,1.0416666666666665,19.791666666666664
13017,1.0416666666666665,19.791666666666664
13018,1.0416666666666665,19.791666666666664
13019,1.0416666666666665,17.708333333333336
13020,1.0416666666666665,18.75
13022,1.0416666666666665,17.708333333333336
13023,1.0416666666666665,18.75
13024,1.0416666666666665,15.625
13026,1.0416666666666665,17.708333333333336
13027,1.0416666666666665,19.791666666666664
13028,1.0416666666666665,17.708333333333336
13030,1.0416666666666665,19.791666666666664
13032,1.0416666666666665,20.833333333333336
13033,1.0416666666666665,19.791666666666664
13035,1.0416666666666665,17.708333333333336
13036,1.0416666666666665,18.75
13037,1.0416666666666665,19.791666666666664
13039,1.0416666666666665,20.833333333333336
13041,1.0416666666666665,18.75
13043,1.0416666666666665,20.833333333333336
13044,1.0416666666666665,18.75
13045,1.0416666666666665,19.791666666666664
13046,1.0416666666666665,19.791666666666664
13047,1.0416666666666665,20.833333333333336
13048,1.0416666666666665,18.75
13049,1.0416666666666665,15.625
13050,1.0416666666666665,18.75
13051,1.0416666666666665,15.625
13052,1.0416666666666665,18.75
13053,1.0416666666666665,18.75
13054,1.0416666666666665,19.791666666666664
13055,1.0416666666666665,16.666666666666664
13101,1.0416666666666665,20.833333333333336
13102,1.0416666666666665,15.625
13103,1.0416666666666665,18.75
13104,1.0416666666666665,18.75
13106,1.0416666666666665,16.666666666666664
13109,1.0416666666666665,19.791666666666664
13110,1.0416666666666665,19.791666666666664
13113,1.0416666666666665,17.708333333333336
13114,1.0416666666666665,18.75
13116,1.0416666666666665,17.708333333333336
13117,1.0416666666666665,21.875
13118,1.0416666666666665,18.75
13120,1.0416666666666665,18.75
13121,1.0416666666666665,18.75
13123,1.0416666666666665,17.708333333333336
13125,1.0416666666666665,20.833333333333336
13126,1.0416666666666665,18.75
13128,1.0416666666666665,16.666666666666664
13202,1.0416666666666665,17.708333333333336
13203,0.0,18.75
13204,1.0416666666666665,18.75
13205,1.0416666666666665,18.75
13515,1.0416666666666665,20.833333333333336
13516,1.0416666666666665,18.75
14001,1.0416666666666665,17.708333333333336
14002,1.0416666666666665,19.791666666666664
14003,1.0416666666666665,20.833333333333336
14004,1.0416666666666665,21.875
14005,1.0416666666666665,17.708333333333336
14006,1.0416666666666665,19.791666666666664
14007,1.0416666666666665,17.708333333333336
14008,1.0416666666666665,19.791666666666664
14009,1.0416666666666665,18.75
14010,1.0416666666666665,17.708333333333336
14011,1.0416666666666665,18.75
14012,1.0416666666666665,18.75
14013,1.0416666666666665,19.791666666666664
14014,1.0416666666666665,20.833333333333336
14016,1.0416666666666665,17.708333333333336
14018,1.0416666666666665,19.791666666666664
14019,1.0416666666666665,16.666666666666664
14020,1.0416666666666665,18.75
14021,1.0416666666666665,18.75
14022,1.0416666666666665,19.791666666666664
14023,1.0416666666666665,18.75
14025,1.0416666666666665,18.75
14026,1.0416666666666665,20.833333333333336
14027,1.0416666666666665,16.666666666666664
14030,1.0416666666666665,20.833333333333336
14031,1.0416666666666665,18.75
14032,1.0416666666666665,17.708333333333336
14034,1.0416666666666665,18.75
14035,1.0416666666666665,17.708333333333336
14036,1.0416666666666665,18.75
14101,1.0416666666666665,20.833333333333336
14103,1.0416666666666665,17.708333333333336
14104,1.0416666666666665,18.75
14106,1.0416666666666665,18.75
14108,1.0416666666666665,18.75
14110,1.0416666666666665,19.791666666666664
14111,1.0416666666666665,19.791666666666664
14112,1.0416666666666665,19.791666666666664
14113,1.0416666666666665,19.791666666666664
14116,1.0416666666666665,18.75
14122,1.0416666666666665,19.791666666666664
14124,1.0416666666666665,18.75
14125,1.0416666666666665,18.75
14127,1.0416666666666665,17.708333333333336
14128,1.0416666666666665,20.833333333333336
14130,1.0416666666666665,16.666666666666664
14131,1.0416666666666665,19.791666666666664
14132,1.0416666666666665,18.75
14133,1.0416666666666665,18.75
14135,1.0416666666666665,18.75
14136,1.0416666666666665,20.833333333333336
14137,1.0416666666666665,17.708333333333336
14138,1.0416666666666665,20.833333333333336
14139,1.0416666666666665,18.75
14201,1.0416666666666665,17.708333333333336
15001,1.0416666666666665,18.75
15002,1.0416666666666665,19.791666666666664
15003,1.0416666666666665,17.708333333333336
15004,1.0416666666666665,19.791666666666664
15005,1.0416666666666665,16.666666666666664
15006,1.0416666666666665,19.791666666666664
15008,1.0416666666666665,19.791666666666664
15009,1.0416666666666665,19.791666666666664
15010,1.0416666666666665,19.791666666666664
15011,1.0416666666666665,18.75
15012,1.0416666666666665,18.75
15013,1.0416666666666665,16.666666666666664
15014,1.0416666666666665,16.666666666666664
15017,1.0416666666666665,17.708333333333336
15018,1.0416666666666665,18.75
15019,1.0416666666666665,18.75
15020,1.0416666666666665,18.75
15021,1.0416666666666665,19.791666666666664
15022,1.0416666666666665,19.791666666666664
15023,1.0416666666666665,21.875
15024,1.0416666666666665,19.791666666666664
15025,1.0416666666666665,19.791666666666664
15026,1.0416666666666665,17.708333333333336
15027,1.0416666666666665,16.666666666666664
15028,1.0416666666666665,19.791666666666664
15029,1.0416666666666665,18.75
15030,1.0416666666666665,16.666666666666664
15031,1.0416666666666665,17.708333333333336
15032,1.0416666666666665,18.75
15033,1.0416666666666665,19.791666666666664
15034,1.0416666666666665,18.75
15035,1.0416666666666665,17.708333333333336
15038,1.0416666666666665,16.666666666666664
15039,1.0416666666666665,19.791666666666664
15040,1.0416666666666665,20.833333333333336
15041,1.0416666666666665,17.708333333333336
15042,1.0416666666666665,17.708333333333336
15043,1.0416666666666665,18.75
15044,1.0416666666666665,17.708333333333336
15045,1.0416666666666665,17.708333333333336
15046,1.0416666666666665,19.791666666666664
15047,1.0416666666666665,17.708333333333336
15050,1.0416666666666665,16.666666666666664
15052,1.0416666666666665,17.708333333333336
15053,1.0416666666666665,15.625
15054,1.0416666666666665,19.791666666666664
15055,1.0416666666666665,19.791666666666664
15056,1.0416666666666665,18.75
15057,1.0416666666666665,18.75
15058,1.0416666666666665,18.75
15060,1.0416666666666665,17.708333333333336
15061,1.0416666666666665,18.75
15062,1.0416666666666665,17.708333333333336
15063,1.0416666666666665,16.666666666666664
15064,1.0416666666666665,19.791666666666664
15067,1.0416666666666665,20.833333333333336
15068,1.0416666666666665,20.833333333333336
15069,1.0416666666666665,17.708333333333336
15070,1.0416666666666665,19.791666666666664
15071,1.0416666666666665,16.666666666666664
15072,1.0416666666666665,18.75
15103,1.0416666666666665,18.75
15104,1.0416666666666665,18.75
15105,1.0416666666666665,17.708333333333336
15106,1.0416666666666665,17.708333333333336
15107,1.0416666666666665,19.791666666666664
15108,1.0416666666666665,18.75
15109,1.0416666666666665,17.708333333333336
15110,1.0416666666666665,18.75
15111,1.0416666666666665,18.75
15112,1.0416666666666665,21.875
15113,1.0416666666666665,17.708333333333336
15114,1.0416666666666665,17.708333333333336
15120,1.0416666666666665,17.708333333333336
15122,1.0416666666666665,19.791666666666664
15123,1.0416666666666665,18.75
15125,1.0416666666666665,18.75
15127,1.0416666666666665,19.791666666666664
15128,1.0416666666666665,16.666666666666664
15129,1.0416666666666665,17.708333333333336
15131,1.0416666666666665,18.75
15132,1.0416666666666665,17.708333333333336
15133,1.0416666666666665,19.791666666666664
15201,1.0416666666666665,19.791666666666664
15202,1.0416666666666665,17.708333333333336
15203,1.0416666666666665,17.708333333333336
15204,1.0416666666666665,20.833333333333336
15311,1.0416666666666665,17.708333333333336
16002,1.0416666666666665,19.791666666666664
16003,1.0416666666666665,20.833333333333336
16005,1.0416666666666665,19.791666666666664
16006,1.0416666666666665,14.583333333333334
16007,1.0416666666666665,20.833333333333336
16008,1.0416666666666665,19.791666666666664
16009,1.0416666666666665,19.791666666666664
16010,1.0416666666666665,19.791666666666664
16011,1.0416666666666665,20.833333333333336
16012,1.0416666666666665,17.708333333333336
16013,1.0416666666666665,18.75
16014,1.0416666666666665,20.833333333333336
16015,1.0416666666666665,18.75
16017,1.0416666666666665,18.75
16018,1.0416666666666665,18.75
16019,1.0416666666666665,18.75
16020,1.0416666666666665,20.833333333333336
16021,1.0416666666666665,17.708333333333336
16022,1.0416666666666665,17.708333333333336
16023,1.0416666666666665,19.791666666666664
16024,1.0416666666666665,19.791666666666664
16025,1.0416666666666665,16.666666666666664
16026,1.0416666666666665,18.75
16027,1.0416666666666665,21.875
16029,1.0416666666666665,18.75
16031,1.0416666666666665,18.75
16032,1.0416666666666665,18.75
16033,1.0416666666666665,20.833333333333336
16034,1.0416666666666665,19.791666666666664
16036,1.0416666666666665,16.666666666666664
16039,0.0,18.75
16040,1.0416666666666665,18.75
16041,1.0416666666666665,18.75
16042,1.0416666666666665,17.708333333333336
16043,1.0416666666666665,19.791666666666664
16044,1.0416666666666665,17.708333333333336
16101,1.0416666666666665,18.75
16102,1.0416666666666665,17.708333333333336
16103,1.0416666666666665,17.708333333333336
16104,1.0416666666666665,18.75
16105,1.0416666666666665,18.75
16107,1.0416666666666665,18.75
16108,1.0416666666666665,18.75
16110,1.0416666666666665,20.833333333333336
16111,1.0416666666666665,20.833333333333336
16112,1.0416666666666665,19.791666666666664
16115,1.0416666666666665,19.791666666666664
16116,1.0416666666666665,17.708333333333336
16118,1.0416666666666665,19.791666666666664
16121,1.0416666666666665,18.75
16122,1.0416666666666665,17.708333333333336
16123,1.0416666666666665,17.708333333333336
16124,1.0416666666666665,19.791666666666664
16129,1.0416666666666665,19.791666666666664
16136,1.0416666666666665,18.75
16138,1.0416666666666665,19.791666666666664
16139,1.0416666666666665,16.666666666666664
16140,1.0416666666666665,16.666666666666664
16201,1.0416666666666665,17.708333333333336
17001,1.0416666666666665,19.791666666666664
17003,1.0416666666666665,17.708333333333336
17004,1.0416666666666665,19.791666666666664
17005,1.0416666666666665,16.666666666666664
17006,1.0416666666666665,17.708333333333336
17007,1.0416666666666665,19.791666666666664
17008,1.0416666666666665,21.875
17010,1.0416666666666665,18.75
17011,1.0416666666666665,17.708333333333336
17013,1.0416666666666665,19.791666666666664
17015,1.0416666666666665,18.75
17016,1.0416666666666665,20.833333333333336
17017,1.0416666666666665,18.75
17018,1.0416666666666665,18.75
17019,1.0416666666666665,18.75
17020,1.0416666666666665,18.75
17021,1.0416666666666665,17.708333333333336
17022,1.0416666666666665,18.75
17023,1.0416666666666665,19.791666666666664
17024,1.0416666666666665,18.75
17025,1.0416666666666665,19.791666666666664
17026,1.0416666666666665,20.833333333333336
17027,1.0416666666666665,17.708333333333336
17028,1.0416666666666665,18.75
17029,1.0416666666666665,20.833333333333336
17030,1.0416666666666665,19.791666666666664
17032,1.0416666666666665,19.791666666666664
17033,1.0416666666666665,18.75
17036,1.0416666666666665,20.833333333333336
17037,1.0416666666666665,18.75
17038,1.0416666666666665,18.75
17039,1.0416666666666665,19.791666666666664
17040,1.0416666666666665,18.75
17041,1.0416666666666665,18.75
17043,1.0416666666666665,19.791666666666664
17044,1.0416666666666665,18.75
17045,1.0416666666666665,18.75
17046,1.0416666666666665,17.708333333333336
17047,1.0416666666666665,19.791666666666664
17048,1.0416666666666665,18.75
17050,1.0416666666666665,17.708333333333336
17102,1.0416666666666665,19.791666666666664
17104,1.0416666666666665,18.75
17105,1.0416666666666665,16.666666666666664
17106,1.0416666666666665,18.75
17107,1.0416666666666665,19.791666666666664
17108,1.0416666666666665,18.75
17110,1.0416666666666665,20.833333333333336
17111,1.0416666666666665,18.75
17116,1.0416666666666665,20.833333333333336
17117,1.0416666666666665,16.666666666666664
17119,1.0416666666666665,17.708333333333336
17121,1.0416666666666665,20.833333333333336
17122,1.0416666666666665,17.708333333333336
17123,1.0416666666666665,18.75
17124,1.0416666666666665,17.708333333333336
17125,1.0416666666666665,17.708333333333336
17126,1.0416666666666665,16.666666666666664
17127,1.0416666666666665,17.708333333333336
17201,1.0416666666666665,17.708333333333336
17202,1.0416666666666665,17.708333333333336
17203,1.0416666666666665,18.75
17204,1.0416666666666665,19.791666666666664
18003,1.0416666666666665,19.791666666666664
18004,1.0416666666666665,18.75
18005,1.0416666666666665,19.791666666666664
18006,1.0416666666666665,19.791666666666664
18007,1.0416666666666665,22.916666666666664
18008,1.0416666666666665,20.833333333333336
18009,1.0416666666666665,19.791666666666664
18010,1.0416666666666665,17.708333333333336
18011,1.0416666666666665,20.833333333333336
18012,1.0416666666666665,19.791666666666664
18014,1.0416666666666665,17.708333333333336
18015,0.0,17.708333333333336
18016,1.0416666666666665,17.708333333333336
18017,1.0416666666666665,19.791666666666664
18018,1.0416666666666665,19.791666666666664
18019,1.0416666666666665,19.791666666666664
18020,1.0416666666666665,18.75
18021,1.0416666666666665,17.708333333333336
18022,1.0416666666666665,18.75
18023,1.0416666666666665,16.666666666666664
18024,1.0416666666666665,16.666666666666664
18025,1.0416666666666665,20.833333333333336
18026,0.0,19.791666666666664
18028,1.0416666666666665,18.75
18029,1.0416666666666665,18.75
18030,1.0416666666666665,17.708333333333336
18032,1.0416666666666665,19.791666666666664
18033,1.0416666666666665,16.666666666666664
18034,1.0416666666666665,18.75
18035,1.0416666666666665,20.833333333333336
18039,1.0416666666666665,18.75
18041,1.0416666666666665,18.75
18042,1.0416666666666665,17.708333333333336
18043,1.0416666666666665,18.75
18044,1.0416666666666665,17.708333333333336
18045,1.0416666666666665,17.708333333333336
18046,1.0416666666666665,18.75
18049,1.0416666666666665,17.708333333333336
18101,1.0416666666666665,16.666666666666664
18107,1.0416666666666665,18.75
18109,1.0416666666666665,17.708333333333336
18110,1.0416666666666665,18.75
18111,1.0416666666666665,20.833333333333336
18112,1.0416666666666665,19.791666666666664
18113,1.0416666666666665,16.666666666666664
18114,1.0416666666666665,18.75
18134,0.0,17.708333333333336
18135,1.0416666666666665,15.625
18137,1.0416666666666665,20.833333333333336
18138,1.0416666666666665,18.75
18139,1.0416666666666665,18.75
18140,1.0416666666666665,16.666666666666664
18141,1.0416666666666665,19.791666666666664
18142,1.0416666666666665,19.791666666666664
18201,1.0416666666666665,18.75
18202,1.0416666666666665,19.791666666666664
18204,1.0416666666666665,19.791666666666664
18205,1.0416666666666665,19.791666666666664
18206,1.0416666666666665,15.625
19001,1.0416666666666665,18.75
19002,1.0416666666666665,19.791666666666664
19003,1.0416666666666665,18.75
19005,1.0416666666666665,20.833333333333336
19007,1.0416666666666665,18.75
19008,1.0416666666666665,18.75
19009,1.0416666666666665,17.708333333333336
19010,1.0416666666666665,18.75
19012,1.0416666666666665,18.75
19013,1.0416666666666665,20.833333333333336
19014,1.0416666666666665,16.666666666666664
19015,1.0416666666666665,20.833333333333336
19016,1.0416666666666665,19.791666666666664
19018,1.0416666666666665,17.708333333333336
19019,1.0416666666666665,18.75
19021,1.0416666666666665,18.75
19022,1.0416666666666665,19.791666666666664
19023,1.0416666666666665,17.708333333333336
19024,1.0416666666666665,18.75
19025,1.0416666666666665,19.791666666666664
19026,1.0416666666666665,17.708333333333336
19029,1.0416666666666665,19.791666666666664
19030,1.0416666666666665,18.75
19031,1.0416666666666665,16.666666666666664
19032,1.0416666666666665,17.708333333333336
19033,1.0416666666666665,19.791666666666664
19036,1.0416666666666665,19.791666666666664
19037,1.0416666666666665,18.75
19038,1.0416666666666665,16.666666666666664
19039,1.0416666666666665,19.791666666666664
19040,1.0416666666666665,18.75
19041,1.0416666666666665,16.666666666666664
19043,1.0416666666666665,19.791666666666664
19044,1.0416666666666665,17.708333333333336
19045,1.0416666666666665,19.791666666666664
19046,1.0416666666666665,18.75
19101,1.0416666666666665,19.791666666666664
19103,1.0416666666666665,17.708333333333336
19105,1.0416666666666665,17.708333333333336
19108,1.0416666666666665,18.75
19109,1.0416666666666665,20.833333333333336
19110,1.0416666666666665,19.791666666666664
19111,1.0416666666666665,16.666666666666664
19113,1.0416666666666665,18.75
19114,1.0416666666666665,16.666666666666664
19115,1.0416666666666665,19.791666666666664
19117,1.0416666666666665,17.708333333333336
19120,1.0416666666666665,19.791666666666664
19121,1.0416666666666665,19.791666666666664
19123,1.0416666666666665,17.708333333333336
19124,1.0416666666666665,20.833333333333336
19125,1.0416666666666665,19.791666666666664
19127,1.0416666666666665,18.75
19128,1.0416666666666665,20.833333333333336
19130,1.0416666666666665,17.708333333333336
19201,1.0416666666666665,18.75
19202,1.0416666666666665,18.75
19203,1.0416666666666665,18.75
19204,1.0416666666666665,17.708333333333336
19205,1.0416666666666665,18.75
20001,1.0416666666666665,17.708333333333336
20003,1.0416666666666665,20.833333333333336
20004,1.0416666666666665,18.75
20005,1.0416666666666665,17.708333333333336
20006,1.0416666666666665,17.708333333333336
20007,1.0416666666666665,0.0
20008,1.0416666666666665,17.708333333333336
20009,1.0416666666666665,20.833333333333336
2001,1.0416666666666665,19.791666666666664
20010,1.0416666666666665,18.75
20011,1.0416666666666665,16.666666666666664
20012,1.0416666666666665,18.75
20013,1.0416666666666665,18.75
20014,1.0416666666666665,17.708333333333336
20016,1.0416666666666665,18.75
20017,1.0416666666666665,19.791666666666664
20019,1.0416666666666665,18.75
2002,1.0416666666666665,18.75
20020,1.0416666666666665,19.791666666666664
20021,1.0416666666666665,16.666666666666664
20022,1.0416666666666665,17.708333333333336
20023,1.0416666666666665,19.791666666666664
20024,1.0416666666666665,19.791666666666664
20027,1.0416666666666665,19.791666666666664
20029,1.0416666666666665,16.666666666666664
2003,1.0416666666666665,18.75
20030,1.0416666666666665,18.75
20032,1.0416666666666665,18.75
20033,1.0416666666666665,15.625
20034,1.0416666666666665,18.75
20035,1.0416666666666665,20.833333333333336
20036,1.0416666666666665,19.791666666666664
20037,1.0416666666666665,16.666666666666664
20039,1.0416666666666665,21.875
2004,1.0416666666666665,18.75
20040,1.0416666666666665,20.833333333333336
20042,1.0416666666666665,17.708333333333336
20043,1.0416666666666665,20.833333333333336
20044,1.0416666666666665,17.708333333333336
20045,1.0416666666666665,19.791666666666664
20047,1.0416666666666665,19.791666666666664
20048,1.0416666666666665,17.708333333333336
2005,1.0416666666666665,18.75
2006,1.0416666666666665,17.708333333333336
2008,1.0416666666666665,19.791666666666664
2009,1.0416666666666665,19.791666666666664
2010,1.0416666666666665,18.75
20103,1.0416666666666665,20.833333333333336
20104,1.0416666666666665,17.708333333333336
20105,1.0416666666666665,20.833333333333336
20106,1.0416666666666665,17.708333333333336
20108,1.0416666666666665,18.75
20110,1.0416666666666665,18.75
20111,1.0416666666666665,18.75
20113,1.0416666666666665,17.708333333333336
20115,1.0416666666666665,19.791666666666664
20116,1.0416666666666665,18.75
20117,1.0416666666666665,19.791666666666664
20118,1.0416666666666665,18.75
20119,1.0416666666666665,19.791666666666664
2012,1.0416666666666665,17.708333333333336
20121,1.0416666666666665,19.791666666666664
20122,1.0416666666666665,20.833333333333336
2013,1.0416666666666665,19.791666666666664
20131,1.0416666666666665,18.75
20132,1.0416666666666665,19.791666666666664
20134,1.0416666666666665,18.75
20136,1.0416666666666665,20.833333333333336
20137,1.0416666666666665,18.75
2014,1.0416666666666665,20.833333333333336
20140,1.0416666666666665,18.75
20142,1.0416666666666665,16.666666666666664
20143,1.0416666666666665,18.75
2015,1.0416666666666665,17.708333333333336
2016,1.0416666666666665,19.791666666666664
2017,1.0416666666666665,19.791666666666664
2020,1.0416666666666665,17.708333333333336
20201,1.0416666666666665,18.75
20202,1.0416666666666665,19.791666666666664
20203,1.0416666666666665,20.833333333333336
2021,1.0416666666666665,18.75
2022,1.0416666666666665,18.75
21001,1.0416666666666665,18.75
21002,1.0416666666666665,18.75
21003,1.0416666666666665,18.75
21004,1.0416666666666665,17.708333333333336
21005,1.0416666666666665,18.75
21006,1.0416666666666665,18.75
21007,1.0416666666666665,17.708333333333336
21008,1.0416666666666665,19.791666666666664
21009,1.0416666666666665,17.708333333333336
2101,1.0416666666666665,19.791666666666664
21010,1.0416666666666665,18.75
21011,1.0416666666666665,17.708333333333336
21013,1.0416666666666665,15.625
21014,1.0416666666666665,17.708333333333336
21015,1.0416666666666665,20.833333333333336
21016,1.0416666666666665,17.708333333333336
21017,1.0416666666666665,20.833333333333336
21019,1.0416666666666665,17.708333333333336
2102,1.0416666666666665,16.666666666666664
21021,1.0416666666666665,19.791666666666664
21022,1.0416666666666665,17.708333333333336
21023,1.0416666666666665,18.75
21024,1.0416666666666665,18.75
21026,1.0416666666666665,16.666666666666664
21027,1.0416666666666665,17.708333333333336
21028,1.0416666666666665,17.708333333333336
21029,1.0416666666666665,19.791666666666664
21030,1.0416666666666665,20.833333333333336
21031,1.0416666666666665,17.708333333333336
21032,1.0416666666666665,17.708333333333336
21033,1.0416666666666665,19.791666666666664
2108,1.0416666666666665,17.708333333333336
2110,1.0416666666666665,18.75
21104,1.0416666666666665,18.75
21105,1.0416666666666665,19.791666666666664
21107,1.0416666666666665,17.708333333333336
21108,1.0416666666666665,18.75
21109,1.0416666666666665,18.75
2111,1.0416666666666665,18.75
21110,1.0416666666666665,19.791666666666664
21111,1.0416666666666665,19.791666666666664
21112,1.0416666666666665,18.75
21114,1.0416666666666665,18.75
21115,1.0416666666666665,18.75
21118,1.0416666666666665,20.833333333333336
21119,1.0416666666666665,16.666666666666664
21120,1.0416666666666665,16.666666666666664
21203,1.0416666666666665,19.791666666666664
21204,1.0416666666666665,19.791666666666664
21205,1.0416666666666665,19.791666666666664
21207,1.0416666666666665,17.708333333333336
21209,1.0416666666666665,19.791666666666664
21212,1.0416666666666665,17.708333333333336
21213,1.0416666666666665,17.708333333333336
21215,1.0416666666666665,19.791666666666664
21216,1.0416666666666665,17.708333333333336
21217,1.0416666666666665,17.708333333333336
21218,1.0416666666666665,18.75
21219,1.0416666666666665,18.75
21301,1.0416666666666665,17.708333333333336
21302,1.0416666666666665,17.708333333333336
21303,1.0416666666666665,19.791666666666664
21305,1.0416666666666665,20.833333333333336
21306,1.0416666666666665,18.75
21307,1.0416666666666665,19.791666666666664
21308,1.0416666666666665,17.708333333333336
21309,1.0416666666666665,20.833333333333336
21310,1.0416666666666665,20.833333333333336
21311,1.0416666666666665,19.791666666666664
21312,1.0416666666666665,18.75
21313,1.0416666666666665,19.791666666666664
21314,1.0416666666666665,17.708333333333336
21315,1.0416666666666665,17.708333333333336
21316,1.0416666666666665,19.791666666666664
21319,1.0416666666666665,17.708333333333336
21320,1.0416666666666665,19.791666666666664
21323,1.0416666666666665,17.708333333333336
21326,1.0416666666666665,18.75
21327,1.0416666666666665,19.791666666666664
21328,1.0416666666666665,19.791666666666664
21329,1.0416666666666665,17.708333333333336
21401,1.0416666666666665,18.75
21402,1.0416666666666665,18.75
21404,1.0416666666666665,17.708333333333336
21501,1.0416666666666665,18.75
21502,1.0416666666666665,18.75
21505,1.0416666666666665,17.708333333333336
21506,1.0416666666666665,18.75
21507,1.0416666666666665,18.75
21508,1.0416666666666665,20.833333333333336
21509,1.0416666666666665,17.708333333333336
21510,1.0416666666666665,18.75
21511,1.0416666666666665,17.708333333333336
21514,1.0416666666666665,17.708333333333336
21701,1.0416666666666665,17.708333333333336
21702,1.0416666666666665,17.708333333333336
21703,1.0416666666666665,20.833333333333336
21704,1.0416666666666665,16.666666666666664
21706,1.0416666666666665,18.75
21707,1.0416666666666665,15.625
21708,1.0416666666666665,21.875
21951,1.0416666666666665,20.833333333333336
21952,1.0416666666666665,18.75
21953,1.0416666666666665,17.708333333333336
21954,1.0416666666666665,17.708333333333336
21955,1.0416666666666665,20.833333333333336
22001,0.0,19.791666666666664
22002,1.0416666666666665,18.75
22003,1.0416666666666665,17.708333333333336
22006,1.0416666666666665,20.833333333333336
22007,1.0416666666666665,19.791666666666664
22012,1.0416666666666665,17.708333333333336
22013,1.0416666666666665,20.833333333333336
22014,1.0416666666666665,17.708333333333336
22015,1.0416666666666665,19.791666666666664
22016,1.0416666666666665,19.791666666666664
22017,1.0416666666666665,18.75
22018,1.0416666666666665,17.708333333333336
22101,1.0416666666666665,17.708333333333336
22102,1.0416666666666665,18.75
22103,1.0416666666666665,18.75
22201,1.0416666666666665,18.75
22203,1.0416666666666665,19.791666666666664
22206,1.0416666666666665,19.791666666666664
22207,1.0416666666666665,18.75
22208,1.0416666666666665,17.708333333333336
22209,1.0416666666666665,19.791666666666664
22301,1.0416666666666665,17.708333333333336
22302,1.0416666666666665,18.75
22303,1.0416666666666665,17.708333333333336
22304,1.0416666666666665,19.791666666666664
22305,1.0416666666666665,19.791666666666664
22306,1.0416666666666665,16.666666666666664
22401,1.0416666666666665,18.75
22402,1.0416666666666665,19.791666666666664
22403,1.0416666666666665,17.708333333333336
22404,1.0416666666666665,17.708333333333336
22406,1.0416666666666665,18.75
22408,1.0416666666666665,17.708333333333336
22409,1.0416666666666665,18.75
22501,1.0416666666666665,19.791666666666664
22502,1.0416666666666665,15.625
22503,1.0416666666666665,20.833333333333336
22505,1.0416666666666665,17.708333333333336
22506,1.0416666666666665,18.75
22507,0.0,20.833333333333336
22601,1.0416666666666665,16.666666666666664
22602,1.0416666666666665,18.75
22603,1.0416666666666665,18.75
22604,1.0416666666666665,19.791666666666664
22701,1.0416666666666665,20.833333333333336
22703,1.0416666666666665,17.708333333333336
23001,1.0416666666666665,19.791666666666664
23002,1.0416666666666665,18.75
23003,1.0416666666666665,20.833333333333336
23004,1.0416666666666665,18.75
23005,1.0416666666666665,18.75
23006,1.0416666666666665,18.75
23007,1.0416666666666665,21.875
23008,1.0416666666666665,17.708333333333336
23009,1.0416666666666665,19.791666666666664
23010,1.0416666666666665,17.708333333333336
23011,1.0416666666666665,16.666666666666664
23041,1.0416666666666665,13.541666666666666
23042,1.0416666666666665,17.708333333333336
23101,1.0416666666666665,19.791666666666664
23102,1.0416666666666665,19.791666666666664
23104,1.0416666666666665,17.708333333333336
23105,1.0416666666666665,20.833333333333336
23106,1.0416666666666665,15.625
23107,1.0416666666666665,16.666666666666664
23201,1.0416666666666665,16.666666666666664
23202,1.0416666666666665,19.791666666666664
23203,1.0416666666666665,18.75
23204,1.0416666666666665,17.708333333333336
23205,1.0416666666666665,20.833333333333336
23206,1.0416666666666665,19.791666666666664
23301,1.0416666666666665,18.75
23303,1.0416666666666665,17.708333333333336
23304,1.0416666666666665,20.833333333333336
23403,1.0416666666666665,17.708333333333336
23701,1.0416666666666665,19.791666666666664
23702,1.0416666666666665,17.708333333333336
23703,1.0416666666666665,16.666666666666664
23801,1.0416666666666665,19.791666666666664
23802,1.0416666666666665,19.791666666666664
23803,1.0416666666666665,17.708333333333336
23902,1.0416666666666665,19.791666666666664
23903,1.0416666666666665,19.791666666666664
24001,1.0416666666666665,17.708333333333336
24002,1.0416666666666665,17.708333333333336
24005,1.0416666666666665,19.791666666666664
24006,1.0416666666666665,16.666666666666664
24007,1.0416666666666665,15.625
24010,1.0416666666666665,17.708333333333336
24101,1.0416666666666665,19.791666666666664
25001,1.0416666666666665,18.75
25002,1.0416666666666665,19.791666666666664
25003,1.0416666666666665,19.791666666666664
25004,1.0416666666666665,18.75
25005,1.0416666666666665,17.708333333333336
25006,1.0416666666666665,17.708333333333336
25007,1.0416666666666665,16.666666666666664
25008,1.0416666666666665,19.791666666666664
25009,1.0416666666666665,17.708333333333336
25010,1.0416666666666665,17.708333333333336
26001,1.0416666666666665,20.833333333333336
26002,1.0416666666666665,20.833333333333336
26003,1.0416666666666665,17.708333333333336
26004,1.0416666666666665,17.708333333333336
26005,1.0416666666666665,15.625
26006,1.0416666666666665,15.625
26007,1.0416666666666665,19.791666666666664
26008,1.0416666666666665,16.666666666666664
26009,1.0416666666666665,17.708333333333336
26010,1.0416666666666665,16.666666666666664
26011,1.0416666666666665,19.791666666666664
26012,1.0416666666666665,16.666666666666664
26013,1.0416666666666665,19.791666666666664
27001,1.0416666666666665,19.791666666666664
27002,1.0416666666666665,19.791666666666664
27004,1.0416666666666665,17.708333333333336
27005,1.0416666666666665,19.791666666666664
27006,1.0416666666666665,18.75
27008,1.0416666666666665,15.625
28001,1.0416666666666665,20.833333333333336
28005,1.0416666666666665,16.666666666666664
30002,1.0416666666666665,18.75
30003,1.0416666666666665,18.75
30004,1.0416666666666665,16.666666666666664
30005,1.0416666666666665,16.666666666666664
3001,1.0416666666666665,18.75
3002,1.0416666666666665,14.583333333333334
3003,1.0416666666666665,21.875
3004,1.0416666666666665,18.75
3005,1.0416666666666665,19.791666666666664
3006,1.0416666666666665,19.791666666666664
3007,1.0416666666666665,18.75
3008,1.0416666666666665,18.75
3009,1.0416666666666665,16.666666666666664
3010,1.0416666666666665,19.791666666666664
3011,1.0416666666666665,18.75
3012,1.0416666666666665,16.666666666666664
31001,1.0416666666666665,18.75
31003,1.0416666666666665,18.75
31005,1.0416666666666665,17.708333333333336
31007,1.0416666666666665,18.75
31009,1.0416666666666665,18.75
3101,1.0416666666666665,18.75
31010,1.0416666666666665,19.791666666666664
31012,1.0416666666666665,18.75
31013,1.0416666666666665,19.791666666666664
31016,1.0416666666666665,16.666666666666664
31017,1.0416666666666665,18.75
31018,1.0416666666666665,16.666666666666664
31019,1.0416666666666665,17.708333333333336
3102,1.0416666666666665,19.791666666666664
31020,1.0416666666666665,17.708333333333336
31021,1.0416666666666665,18.75
31022,1.0416666666666665,18.75
31023,1.0416666666666665,20.833333333333336
31024,1.0416666666666665,19.791666666666664
31025,1.0416666666666665,19.791666666666664
31026,1.0416666666666665,19.791666666666664
31028,1.0416666666666665,18.75
31101,1.0416666666666665,20.833333333333336
31102,1.0416666666666665,17.708333333333336
31103,1.0416666666666665,19.791666666666664
31104,1.0416666666666665,17.708333333333336
31105,1.0416666666666665,18.75
31201,1.0416666666666665,15.625
31202,1.0416666666666665,17.708333333333336
31301,1.0416666666666665,19.791666666666664
31303,1.0416666666666665,18.75
31701,1.0416666666666665,18.75
31702,1.0416666666666665,18.75
31703,1.0416666666666665,17.708333333333336
31704,1.0416666666666665,18.75
31705,1.0416666666666665,19.791666666666664
31706,1.0416666666666665,18.75
31707,1.0416666666666665,18.75
31708,1.0416666666666665,20.833333333333336
31709,1.0416666666666665,17.708333333333336
32001,1.0416666666666665,17.708333333333336
32003,1.0416666666666665,19.791666666666664
32004,1.0416666666666665,18.75
3201,1.0416666666666665,18.75
32010,1.0416666666666665,19.791666666666664
32011,1.0416666666666665,18.75
32012,1.0416666666666665,18.75
32013,1.0416666666666665,17.708333333333336
32014,1.0416666666666665,18.75
32015,1.0416666666666665,18.75
32016,1.0416666666666665,17.708333333333336
32017,1.0416666666666665,19.791666666666664
32018,1.0416666666666665,19.791666666666664
32019,1.0416666666666665,18.75
32020,1.0416666666666665,18.75
32021,1.0416666666666665,18.75
32022,1.0416666666666665,18.75
32023,1.0416666666666665,18.75
32024,1.0416666666666665,17.708333333333336
32026,1.0416666666666665,16.666666666666664
32301,1.0416666666666665,19.791666666666664
32302,1.0416666666666665,18.75
32304,1.0416666666666665,18.75
32305,1.0416666666666665,18.75
32306,1.0416666666666665,16.666666666666664
32601,1.0416666666666665,16.666666666666664
32603,1.0416666666666665,18.75
32604,1.0416666666666665,19.791666666666664
32605,1.0416666666666665,17.708333333333336
33001,1.0416666666666665,21.875
33003,1.0416666666666665,17.708333333333336
33005,1.0416666666666665,17.708333333333336
33006,1.0416666666666665,18.75
33009,1.0416666666666665,18.75
33012,1.0416666666666665,17.708333333333336
33014,1.0416666666666665,19.791666666666664
33015,1.0416666666666665,18.75
33016,1.0416666666666665,16.666666666666664
33017,1.0416666666666665,19.791666666666664
33018,1.0416666666666665,17.708333333333336
33019,1.0416666666666665,18.75
33020,1.0416666666666665,17.708333333333336
33102,1.0416666666666665,18.75
33103,1.0416666666666665,18.75
34002,1.0416666666666665,18.75
34005,1.0416666666666665,20.833333333333336
34008,1.0416666666666665,20.833333333333336
34009,1.0416666666666665,18.75
34010,1.0416666666666665,18.75
34011,1.0416666666666665,18.75
34012,1.0416666666666665,17.708333333333336
34013,1.0416666666666665,19.791666666666664
34014,1.0416666666666665,15.625
35001,1.0416666666666665,14.583333333333334
35002,1.0416666666666665,18.75
35003,1.0416666666666665,18.75
35004,1.0416666666666665,19.791666666666664
35005,1.0416666666666665,19.791666666666664
35006,1.0416666666666665,20.833333333333336
35007,1.0416666666666665,16.666666666666664
35008,1.0416666666666665,18.75
35009,1.0416666666666665,17.708333333333336
35012,1.0416666666666665,18.75
35013,1.0416666666666665,19.791666666666664
35014,1.0416666666666665,18.75
35015,1.0416666666666665,18.75
35017,1.0416666666666665,19.791666666666664
35018,1.0416666666666665,19.791666666666664
35019,1.0416666666666665,17.708333333333336
35020,1.0416666666666665,18.75
35021,1.0416666666666665,17.708333333333336
40001,1.0416666666666665,20.833333333333336
40002,1.0416666666666665,17.708333333333336
40003,1.0416666666666665,16.666666666666664
40004,1.0416666666666665,18.75
40005,1.0416666666666665,16.666666666666664
40006,1.0416666666666665,17.708333333333336
40007,1.0416666666666665,17.708333333333336
40008,1.0416666666666665,17.708333333333336
40009,1.0416666666666665,20.833333333333336
4001,1.0416666666666665,20.833333333333336
40010,1.0416666666666665,17.708333333333336
40011,1.0416666666666665,18.75
40012,1.0416666666666665,17.708333333333336
40013,1.0416666666666665,18.75
40014,1.0416666666666665,17.708333333333336
40015,1.0416666666666665,18.75
40016,1.0416666666666665,18.75
4002,1.0416666666666665,17.708333333333336
4003,1.0416666666666665,20.833333333333336
4006,1.0416666666666665,19.791666666666664
4007,1.0416666666666665,17.708333333333336
4009,1.0416666666666665,18.75
4010,1.0416666666666665,15.625
4011,1.0416666666666665,18.75
4012,1.0416666666666665,16.666666666666664
4013,1.0416666666666665,19.791666666666664
4014,1.0416666666666665,17.708333333333336
4015,1.0416666666666665,16.666666666666664
4016,1.0416666666666665,19.791666666666664
4017,1.0416666666666665,17.708333333333336
4018,0.0,17.708333333333336
4019,1.0416666666666665,19.791666666666664
4020,1.0416666666666665,17.708333333333336
4021,1.0416666666666665,21.875
4101,1.0416666666666665,17.708333333333336
4103,1.0416666666666665,16.666666666666664
4104,1.0416666666666665,18.75
4107,1.0416666666666665,20.833333333333336
4108,1.0416666666666665,18.75
4109,1.0416666666666665,20.833333333333336
4110,1.0416666666666665,18.75
41101,1.0416666666666665,15.625
41102,1.0416666666666665,19.791666666666664
41103,1.0416666666666665,16.666666666666664
41202,1.0416666666666665,18.75
41203,1.0416666666666665,18.75
41204,1.0416666666666665,20.833333333333336
41205,1.0416666666666665,18.75
41206,1.0416666666666665,18.75
41207,1.0416666666666665,17.708333333333336
41208,1.0416666666666665,15.625
41209,1.0416666666666665,17.708333333333336
41210,1.0416666666666665,21.875
41211,1.0416666666666665,19.791666666666664
41212,1.0416666666666665,20.833333333333336
41301,1.0416666666666665,16.666666666666664
41302,1.0416666666666665,17.708333333333336
41303,1.0416666666666665,18.75
41304,1.0416666666666665,17.708333333333336
41401,1.0416666666666665,19.791666666666664
41402,1.0416666666666665,19.791666666666664
41403,1.0416666666666665,19.791666666666664
41404,1.0416666666666665,18.75
41405,1.0416666666666665,16.666666666666664
41601,1.0416666666666665,19.791666666666664
41602,1.0416666666666665,19.791666666666664
41604,1.0416666666666665,17.708333333333336
41605,1.0416666666666665,18.75
41606,1.0416666666666665,18.75
42003,1.0416666666666665,18.75
42004,1.0416666666666665,19.791666666666664
4201,0.0,17.708333333333336
42010,1.0416666666666665,19.791666666666664
42011,1.0416666666666665,19.791666666666664
42014,1.0416666666666665,16.666666666666664
42015,1.0416666666666665,19.791666666666664
42016,1.0416666666666665,17.708333333333336
42018,1.0416666666666665,19.791666666666664
42019,1.0416666666666665,18.75
42021,1.0416666666666665,19.791666666666664
42022,1.0416666666666665,20.833333333333336
42024,1.0416666666666665,18.75
42026,1.0416666666666665,16.666666666666664
42027,1.0416666666666665,17.708333333333336
42028,1.0416666666666665,17.708333333333336
42029,1.0416666666666665,18.75
42030,1.0416666666666665,18.75
42205,1.0416666666666665,18.75
42208,1.0416666666666665,16.666666666666664
42209,1.0416666666666665,18.75
42210,1.0416666666666665,21.875
42211,1.0416666666666665,16.666666666666664
42301,1.0416666666666665,19.791666666666664
42302,1.0416666666666665,20.833333333333336
42303,1.0416666666666665,19.791666666666664
42304,1.0416666666666665,20.833333333333336
42305,1.0416666666666665,20.833333333333336
42501,1.0416666666666665,16.666666666666664
42503,1.0416666666666665,17.708333333333336
42504,1.0416666666666665,19.791666666666664
42505,1.0416666666666665,18.75
42701,1.0416666666666665,20.833333333333336
42703,1.0416666666666665,19.791666666666664
42704,0.0,17.708333333333336
42706,1.0416666666666665,19.791666666666664
42707,1.0416666666666665,19.791666666666664
43001,1.0416666666666665,19.791666666666664
43002,1.0416666666666665,18.75
43003,1.0416666666666665,19.791666666666664
43004,1.0416666666666665,18.75
43005,1.0416666666666665,18.75
43006,1.0416666666666665,16.666666666666664
43007,1.0416666666666665,17.708333333333336
43008,1.0416666666666665,18.75
43009,1.0416666666666665,19.791666666666664
43402,1.0416666666666665,18.75
43403,1.0416666666666665,18.75
44001,1.0416666666666665,18.75
44002,1.0416666666666665,20.833333333333336
44003,1.0416666666666665,18.75
44004,1.0416666666666665,18.75
44005,1.0416666666666665,19.791666666666664
44006,1.0416666666666665,17.708333333333336
44007,1.0416666666666665,21.875
44008,1.0416666666666665,18.75
44010,1.0416666666666665,18.75
44011,1.0416666666666665,18.75
44012,1.0416666666666665,17.708333333333336
44013,1.0416666666666665,18.75
44014,1.0416666666666665,19.791666666666664
44015,1.0416666666666665,18.75
44016,1.0416666666666665,15.625
44017,1.0416666666666665,19.791666666666664
44101,1.0416666666666665,17.708333333333336
44102,1.0416666666666665,19.791666666666664
44103,1.0416666666666665,18.75
45001,1.0416666666666665,19.791666666666664
45002,1.0416666666666665,18.75
45003,1.0416666666666665,20.833333333333336
45004,1.0416666666666665,18.75
45005,1.0416666666666665,18.75
46001,1.0416666666666665,19.791666666666664
46002,1.0416666666666665,19.791666666666664
47001,1.0416666666666665,17.708333333333336
47002,1.0416666666666665,18.75
47004,1.0416666666666665,19.791666666666664
47005,1.0416666666666665,20.833333333333336
47007,1.0416666666666665,17.708333333333336
47008,1.0416666666666665,18.75
48001,1.0416666666666665,18.75
48002,1.0416666666666665,18.75
48003,1.0416666666666665,18.75
48004,1.0416666666666665,17.708333333333336
48005,1.0416666666666665,17.708333333333336
48006,1.0416666666666665,16.666666666666664
48008,1.0416666666666665,17.708333333333336
48009,1.0416666666666665,16.666666666666664
48010,1.0416666666666665,17.708333333333336
48011,1.0416666666666665,18.75
48012,1.0416666666666665,17.708333333333336
5001,1.0416666666666665,19.791666666666664
5002,1.0416666666666665,15.625
5003,1.0416666666666665,17.708333333333336
5004,1.0416666666666665,19.791666666666664
5005,1.0416666666666665,17.708333333333336
5007,1.0416666666666665,18.75
5012,1.0416666666666665,18.75
5014,1.0416666666666665,19.791666666666664
5015,1.0416666666666665,16.666666666666664
5016,1.0416666666666665,17.708333333333336
5018,1.0416666666666665,17.708333333333336
5019,1.0416666666666665,17.708333333333336
5020,1.0416666666666665,19.791666666666664
5021,1.0416666666666665,20.833333333333336
5022,1.0416666666666665,18.75
5024,1.0416666666666665,17.708333333333336
5026,1.0416666666666665,18.75
5027,1.0416666666666665,17.708333333333336
5028,1.0416666666666665,18.75
5030,1.0416666666666665,18.75
5031,1.0416666666666665,17.708333333333336
5032,1.0416666666666665,19.791666666666664
5033,1.0416666666666665,17.708333333333336
5034,1.0416666666666665,19.791666666666664
51001,1.0416666666666665,18.75
51002,1.0416666666666665,18.75
51003,1.0416666666666665,19.791666666666664
51004,1.0416666666666665,19.791666666666664
51005,1.0416666666666665,18.75
51007,1.0416666666666665,16.666666666666664
51008,1.0416666666666665,17.708333333333336
5105,1.0416666666666665,16.666666666666664
5107,1.0416666666666665,17.708333333333336
5110,1.0416666666666665,18.75
5115,1.0416666666666665,18.75
5116,1.0416666666666665,18.75
5119,1.0416666666666665,18.75
5121,1.0416666666666665,18.75
5122,1.0416666666666665,18.75
5123,1.0416666666666665,19.791666666666664
5124,1.0416666666666665,18.75
5201,1.0416666666666665,15.625
5202,1.0416666666666665,16.666666666666664
6001,1.0416666666666665,17.708333333333336
6002,1.0416666666666665,17.708333333333336
6003,1.0416666666666665,18.75
6004,1.0416666666666665,17.708333333333336
6005,1.0416666666666665,17.708333333333336
6006,1.0416666666666665,19.791666666666664
6007,1.0416666666666665,18.75
6008,1.0416666666666665,18.75
6009,1.0416666666666665,16.666666666666664
6010,1.0416666666666665,20.833333333333336
6012,1.0416666666666665,16.666666666666664
6013,1.0416666666666665,19.791666666666664
6014,1.0416666666666665,17.708333333333336
6015,1.0416666666666665,17.708333333333336
6016,1.0416666666666665,19.791666666666664
6017,1.0416666666666665,21.875
6018,1.0416666666666665,16.666666666666664
6020,1.0416666666666665,15.625
6021,1.0416666666666665,18.75
6022,1.0416666666666665,19.791666666666664
6025,1.0416666666666665,17.708333333333336
6026,1.0416666666666665,17.708333333333336
6027,1.0416666666666665,17.708333333333336
6028,1.0416666666666665,19.791666666666664
6029,1.0416666666666665,17.708333333333336
6030,1.0416666666666665,19.791666666666664
6031,1.0416666666666665,17.708333333333336
6032,1.0416666666666665,19.791666666666664
6103,1.0416666666666665,18.75
6104,1.0416666666666665,18.75
6107,1.0416666666666665,20.833333333333336
6108,1.0416666666666665,19.791666666666664
6201,1.0416666666666665,18.75
7002,1.0416666666666665,19.791666666666664
7003,1.0416666666666665,18.75
7004,1.0416666666666665,17.708333333333336
7005,1.0416666666666665,17.708333333333336
7006,1.0416666666666665,16.666666666666664
7007,1.0416666666666665,16.666666666666664
7008,1.0416666666666665,19.791666666666664
7009,1.0416666666666665,18.75
7010,1.0416666666666665,19.791666666666664
7012,1.0416666666666665,17.708333333333336
7013,0.0,19.791666666666664
7014,1.0416666666666665,18.75
7015,1.0416666666666665,20.833333333333336
7016,1.0416666666666665,21.875
7017,1.0416666666666665,18.75
7018,1.0416666666666665,19.791666666666664
7020,1.0416666666666665,17.708333333333336
7021,1.0416666666666665,18.75
7023,1.0416666666666665,16.666666666666664
7024,1.0416666666666665,17.708333333333336
7025,1.0416666666666665,18.75
7026,1.0416666666666665,17.708333333333336
7101,1.0416666666666665,18.75
7102,1.0416666666666665,17.708333333333336
7109,1.0416666666666665,16.666666666666664
7111,1.0416666666666665,18.75
7201,1.0416666666666665,16.666666666666664
7202,1.0416666666666665,17.708333333333336
8001,1.0416666666666665,21.875
8002,1.0416666666666665,17.708333333333336
8003,1.0416666666666665,17.708333333333336
8004,1.0416666666666665,16.666666666666664
8007,1.0416666666666665,17.708333333333336
8008,1.0416666666666665,17.708333333333336
8009,1.0416666666666665,18.75
8010,1.0416666666666665,17.708333333333336
8011,1.0416666666666665,20.833333333333336
8012,1.0416666666666665,16.666666666666664
8015,1.0416666666666665,18.75
8016,1.0416666666666665,19.791666666666664
8017,1.0416666666666665,17.708333333333336
8018,0.0,18.75
8019,1.0416666666666665,18.75
8020,1.0416666666666665,21.875
8025,1.0416666666666665,20.833333333333336
8026,1.0416666666666665,18.75
8027,1.0416666666666665,18.75
8028,1.0416666666666665,19.791666666666664
8029,1.0416666666666665,18.75
8031,1.0416666666666665,19.791666666666664
8033,1.0416666666666665,16.666666666666664
8034,1.0416666666666665,19.791666666666664
8035,1.0416666666666665,18.75
8036,1.0416666666666665,19.791666666666664
8037,1.0416666666666665,20.833333333333336
8038,1.0416666666666665,17.708333333333336
8039,1.0416666666666665,15.625
8040,1.0416666666666665,18.75
8044,1.0416666666666665,18.75
8045,1.0416666666666665,19.791666666666664
8046,1.0416666666666665,18.75
8048,1.0416666666666665,19.791666666666664
8049,1.0416666666666665,18.75
8050,1.0416666666666665,18.75
8051,1.0416666666666665,18.75
8052,1.0416666666666665,17.708333333333336
8053,1.0416666666666665,19.791666666666664
8054,1.0416666666666665,18.75
8055,1.0416666666666665,18.75
8056,1.0416666666666665,19.791666666666664
8057,1.0416666666666665,17.708333333333336
8102,1.0416666666666665,19.791666666666664
8103,1.0416666666666665,19.791666666666664
8105,1.0416666666666665,19.791666666666664
8110,1.0416666666666665,18.75
8117,1.0416666666666665,16.666666666666664
8201,1.0416666666666665,17.708333333333336
8202,1.0416666666666665,18.75
8203,1.0416666666666665,17.708333333333336
8549,1.0416666666666665,21.875
9001,1.0416666666666665,20.833333333333336
9002,1.0416666666666665,19.791666666666664
9004,1.0416666666666665,18.75
9005,1.0416666666666665,19.791666666666664
9006,1.0416666666666665,19.791666666666664
9007,1.0416666666666665,19.791666666666664
9008,1.0416666666666665,18.75
9009,1.0416666666666665,16.666666666666664
9010,1.0416666666666665,18.75
9011,1.0416666666666665,19.791666666666664
9012,1.0416666666666665,19.791666666666664
9013,1.0416666666666665,19.791666666666664
9014,1.0416666666666665,19.791666666666664
9015,1.0416666666666665,18.75
9016,1.0416666666666665,19.791666666666664
9017,1.0416666666666665,19.791666666666664
9019,1.0416666666666665,18.75
9020,1.0416666666666665,17.708333333333336
9021,1.0416666666666665,20.833333333333336
9022,1.0416666666666665,19.791666666666664
9023,1.0416666666666665,19.791666666666664
9024,1.0416666666666665,20.833333333333336
9025,1.0416666666666665,15.625
9026,1.0416666666666665,19.791666666666664
9027,1.0416666666666665,20.833333333333336
9028,1.0416666666666665,17.708333333333336
9029,1.0416666666666665,17.708333333333336
9031,1.0416666666666665,17.708333333333336
9032,1.0416666666666665,18.75
9034,1.0416666666666665,18.75
9035,1.0416666666666665,21.875
9036,1.0416666666666665,18.75
9037,1.0416666666666665,18.75
9038,1.0416666666666665,20.833333333333336
9039,1.0416666666666665,19.791666666666664
9101,1.0416666666666665,20.833333333333336
9102,1.0416666666666665,16.666666666666664
9104,1.0416666666666665,18.75
9106,1.0416666666666665,19.791666666666664
9111,1.0416666666666665,18.75
9113,1.0416666666666665,18.75
9114,1.0416666666666665,15.625
9115,1.0416666666666665,17.708333333333336
9116,1.0416666666666665,19.791666666666664
9117,1.0416666666666665,18.75
9118,1.0416666666666665,20.833333333333336
92001,1.0416666666666665,19.791666666666664
92002,1.0416666666666665,18.75
92003,1.0416666666666665,19.791666666666664
92005,1.0416666666666665,18.75
92006,1.0416666666666665,17.708333333333336
92007,1.0416666666666665,18.75
92008,1.0416666666666665,19.791666666666664
