hour_utc,stationcode,name,occ_ratio_hour,bikes_avg,docks_avg,temp_C
2025-09-07 22:00:00,10003,Hauteville - Bonne Nouvelle,0.11764705882352941,2.0,11.0,
2025-09-07 22:00:00,10004,Metz - Faubourg Saint-Denis,0.3333333333333333,16.0,30.0,
2025-09-07 22:00:00,10006,Petites Ecuries - Faubourg Saint-Denis,0.42857142857142855,12.0,14.0,
2025-09-07 22:00:00,10008,Cité Riverin - Château d'Eau,0.8333333333333334,15.0,0.0,
2025-09-07 22:00:00,10009,Mairie du 10ème,0.3684210526315789,7.0,9.0,
2025-09-07 22:00:00,10010,Place Jacques Bonsergent,0.28787878787878785,9.5,17.5,
2025-09-07 22:00:00,10011,Bourse du Travail,0.4117647058823529,7.0,0.0,
2025-09-07 22:00:00,10012,Vinaigriers - Magenta,0.32,8.0,14.0,
2025-09-07 22:00:00,10013,Alibert - Jemmapes,0.43333333333333335,26.0,31.0,
2025-09-07 22:00:00,10014,Marseille - Beaurepaire,0.3090909090909091,17.0,30.0,
2025-09-07 22:00:00,10015,Lucien Sampaix - Récollets,0.08695652173913043,4.0,38.0,
2025-09-07 22:00:00,10017,Gare de l'Est - Fidélité,0.2,3.0,6.0,
2025-09-07 22:00:00,10018,Square Alban Satragne,0.0,0.0,26.0,
2025-09-07 22:00:00,10019,Paradis - Hauteville,0.3225806451612903,10.0,21.0,
2025-09-07 22:00:00,10020,Chabrol - d'Hauteville,0.5454545454545454,6.0,4.0,
2025-09-07 22:00:00,10021,Marché Saint-Quentin,0.13333333333333333,2.0,13.0,
2025-09-07 22:00:00,10025,Jemmapes - Ecluses Saint-Martin,0.3333333333333333,5.0,8.0,
2025-09-07 22:00:00,10026,Gare de l'Est - Chateau Landon,0.15254237288135594,9.0,44.0,
2025-09-07 22:00:00,10027,Dunkerque - Alsace,0.1,2.0,14.0,
2025-09-07 22:00:00,10029,Dunkerque - Rocroy,0.08333333333333333,2.0,18.0,
2025-09-07 22:00:00,1003,Saint-Denis - Rivoli,0.20930232558139536,9.0,32.0,
2025-09-07 22:00:00,10031,Louis Blanc - Aqueduc,0.1891891891891892,7.0,29.0,
2025-09-07 22:00:00,10032,Claude Vellefaux - Hôpital Saint-Louis,0.53125,17.0,14.0,
2025-09-07 22:00:00,10033,Gare du Nord - Saint-Vincent de Paul,0.041666666666666664,1.0,19.0,
2025-09-07 22:00:00,10034,Louis Blanc - La Chapelle,0.23809523809523808,5.0,15.0,
2025-09-07 22:00:00,10036,Aqueduc - Villette,0.1607142857142857,4.5,16.5,
2025-09-07 22:00:00,10037,Quai de Valmy,0.0,0.0,25.0,
2025-09-07 22:00:00,10039,Sambre et Meuse - Villette,0.16,4.0,15.0,
2025-09-07 22:00:00,10041,Gare du Nord - La Chapelle,0.3888888888888889,7.0,11.0,
2025-09-07 22:00:00,10042,Enghien - Faubourg Poissonnière,0.030303030303030304,1.0,31.0,
2025-09-07 22:00:00,1006,Grande Truanderie - Saint-Denis,0.6060606060606061,20.0,9.0,
2025-09-07 22:00:00,1007,Turbigo - Française,0.375,6.0,7.0,
2025-09-07 22:00:00,1008,Les Halles - Saint-Eustache,0.125,4.0,27.0,
2025-09-07 22:00:00,10105,Mazagran - Bonne Nouvelle,0.32,8.0,15.0,
2025-09-07 22:00:00,10110,Louis Blanc - Jemmapes,0.25806451612903225,8.0,17.0,
2025-09-07 22:00:00,10113,Parmentier - Hôpital Saint-Louis,0.23255813953488372,10.0,31.0,
2025-09-07 22:00:00,10114,Granges aux Belles - Hôpital Saint-Louis,0.06666666666666667,4.0,55.0,
2025-09-07 22:00:00,1012,Jean-Jacques Rousseau - Deux Ecus,0.2727272727272727,6.0,13.0,
2025-09-07 22:00:00,1013,Place du Palais Royal,0.19402985074626866,13.0,51.0,
2025-09-07 22:00:00,1014,Rivoli - Musée du Louvre,0.125,3.0,20.0,
2025-09-07 22:00:00,1015,Place André Malraux,0.1891891891891892,7.0,27.0,
2025-09-07 22:00:00,10151,Gare du Nord - Faubourg Saint-Denis,0.17857142857142858,5.0,20.0,
2025-09-07 22:00:00,1016,Thérèse - Opéra,0.36,9.0,15.0,
2025-09-07 22:00:00,10162,Alexandre Parodi - Quai de Valmy,0.20833333333333334,5.0,17.0,
2025-09-07 22:00:00,10163,Gare du Nord - Demarquay,0.03333333333333333,1.0,25.0,
2025-09-07 22:00:00,10164,Claude Vellefaux - Sambre et Meuse,0.20588235294117646,7.0,26.0,
2025-09-07 22:00:00,10165,Gare de l'Est - Place du 11 Novembre 1918,0.025,1.0,38.0,
2025-09-07 22:00:00,10166,Strasbourg - Saint-Denis,0.1875,3.0,11.0,
2025-09-07 22:00:00,1017,Saint-Honoré - 29 juillet,0.3,6.0,12.0,
2025-09-07 22:00:00,1018,Alger - Rivoli,0.3333333333333333,7.0,9.0,
2025-09-07 22:00:00,1020,Cambon - Rivoli,0.25,10.0,22.0,
2025-09-07 22:00:00,10201,Magenta - Chabrol,0.16666666666666666,4.0,11.0,
2025-09-07 22:00:00,10202,Bichat - Grange aux Belles,0.13333333333333333,4.0,24.0,
2025-09-07 22:00:00,10206,René Boulanger - Lancry,0.20588235294117646,7.0,25.0,
2025-09-07 22:00:00,1021,Halles - Bourdonnais,0.3,6.0,12.0,
2025-09-07 22:00:00,1022,Danielle Casanova - Place Vendôme,0.2702702702702703,10.0,26.0,
2025-09-07 22:00:00,1023,Saint-Honoré - Musée du Louvre,0.0,0.0,31.0,
2025-09-07 22:00:00,1024,Coquillière - Louvre,0.38095238095238093,8.0,13.0,
2025-09-07 22:00:00,1025,Oratoire - Rivoli,0.05555555555555555,1.0,17.0,
2025-09-07 22:00:00,1026,Place du Lieutenant Henri Karcher,0.43333333333333335,13.0,13.0,
2025-09-07 22:00:00,11001,Richard Lenoir - Place de la Bastille,0.330188679245283,17.5,31.5,
2025-09-07 22:00:00,11002,Roquette - Thiéré,0.4782608695652174,11.0,10.0,
2025-09-07 22:00:00,11003,Keller - La Roquette,0.9411764705882353,32.0,2.0,
2025-09-07 22:00:00,11004,Charonne - Faubourg Saint-Antoine,0.6764705882352942,23.0,7.0,
2025-09-07 22:00:00,11006,Ledru-Rollin - Place du Père Chaillet,0.8513513513513513,31.5,3.5,
2025-09-07 22:00:00,11007,Jean Macé - Faidherbe,0.6666666666666666,52.0,20.0,
2025-09-07 22:00:00,11009,Boulets - Voltaire,0.42105263157894735,16.0,20.0,
2025-09-07 22:00:00,11010,Boulets - Faubourg Saint-Antoine,0.20930232558139536,9.0,32.0,
2025-09-07 22:00:00,11011,Richard Lenoir - Voltaire,0.44,11.0,13.0,
2025-09-07 22:00:00,11012,Montreuil - Voltaire,0.47058823529411764,16.0,16.0,
2025-09-07 22:00:00,11014,Place de la Nation - Taillebourg,0.0425531914893617,2.0,43.0,
2025-09-07 22:00:00,11016,Philippe-Auguste,0.1875,9.0,37.0,
2025-09-07 22:00:00,11017,Charonne - Bureau,0.3404255319148936,16.0,27.0,
2025-09-07 22:00:00,11018,Saint-Maur - République,0.26,13.0,36.0,
2025-09-07 22:00:00,11019,Charonne - Philippe-Auguste,0.953125,30.5,1.5,
2025-09-07 22:00:00,1102,Française - Etienne Marcel,0.1891891891891892,7.0,29.0,
2025-09-07 22:00:00,11020,Belfort - Voltaire,0.9245283018867925,49.0,4.0,
2025-09-07 22:00:00,11021,Charonne - Pierre Bayle,0.7391304347826086,17.0,5.0,
2025-09-07 22:00:00,11022,Roquette - Auguste Laurent,0.875,14.0,0.0,
2025-09-07 22:00:00,11024,Mairie du 11ème,0.7450980392156863,38.0,11.0,
2025-09-07 22:00:00,11025,Froment - Bréguet,0.37209302325581395,16.0,27.0,
2025-09-07 22:00:00,11026,Chemin Vert - Saint-Maur,0.9555555555555556,43.0,1.0,
2025-09-07 22:00:00,11028,Guillaume Bertrand - République,0.7631578947368421,29.0,8.0,
2025-09-07 22:00:00,11029,Ménilmontant - Oberkampf,0.525,21.0,17.0,
2025-09-07 22:00:00,11030,Oberkampf - République,0.7916666666666666,19.0,2.0,
2025-09-07 22:00:00,11031,Jacquard - Ternaux,0.5641025641025641,22.0,16.0,
2025-09-07 22:00:00,11032,Jean-Pierre Timbaud - Vaucouleurs,0.8297872340425532,39.0,6.0,
2025-09-07 22:00:00,11033,Bréguet - Sabin,0.6666666666666666,22.0,6.0,
2025-09-07 22:00:00,11034,Parmentier - Fontaine au Roi,0.9375,45.0,1.0,
2025-09-07 22:00:00,11035,Parmentier - Abel Rabaud,0.36538461538461536,19.0,27.0,
2025-09-07 22:00:00,11036,Jules Ferry - Faubourg du Temple Paris,0.3793103448275862,22.0,34.0,
2025-09-07 22:00:00,11037,Faubourg Du Temple - Republique,0.10526315789473684,4.0,32.0,
2025-09-07 22:00:00,11038,Temple - Charlot,0.1111111111111111,5.0,39.0,
2025-09-07 22:00:00,11039,Richard Lenoir - Jean-Pierre Timbaud,0.19444444444444445,7.0,26.0,
2025-09-07 22:00:00,11040,Temple - Jean-Pierre Timbaud,0.19444444444444445,7.0,29.0,
2025-09-07 22:00:00,11041,Square Saint-Ambroise,0.813953488372093,35.0,6.0,
2025-09-07 22:00:00,11042,Grand Prieuré - Crussol,0.5102040816326531,25.0,24.0,
2025-09-07 22:00:00,11044,Square du Bataclan,0.8,16.0,1.0,
2025-09-07 22:00:00,11046,Place de la République - Voltaire,0.2631578947368421,5.0,8.0,
2025-09-07 22:00:00,11047,Amelot - Saint-Sébastien,0.6666666666666666,20.0,9.0,
2025-09-07 22:00:00,11048,Place Mireille Havet,1.0,43.0,0.0,
2025-09-07 22:00:00,11101,Charles Delescluze,0.673469387755102,33.0,14.0,
2025-09-07 22:00:00,11102,Alexandre Dumas - Voltaire,0.5540540540540541,41.0,29.0,
2025-09-07 22:00:00,11103,Pelée - Alphonse Baudin,0.6578947368421053,25.0,13.0,
2025-09-07 22:00:00,11105,Parmentier - République,0.22,11.0,15.0,
2025-09-07 22:00:00,11107,Faidherbe - Dahomey,0.6136363636363636,27.0,15.0,
2025-09-07 22:00:00,11109,Pierre Levée - Fontaine Timbaud,0.9130434782608695,21.0,0.0,
2025-09-07 22:00:00,11110,Roquette - Folie Regnault,0.28846153846153844,15.0,36.0,
2025-09-07 22:00:00,11111,Léon Frot - Charonne,0.9473684210526315,18.0,1.0,
2025-09-07 22:00:00,11112,Jules Vallès - Charonne,0.8260869565217391,19.0,2.0,
2025-09-07 22:00:00,11113,Richard Lenoir - Republique,0.3275862068965517,19.0,36.0,
2025-09-07 22:00:00,11114,Ledru-Rollin - Charonne,0.5625,18.0,13.0,
2025-09-07 22:00:00,11115,Montreuil - Gonnet,0.875,21.0,2.0,
2025-09-07 22:00:00,1116,Ventadour - Opéra,0.4444444444444444,12.0,11.0,
2025-09-07 22:00:00,1117,Pont Neuf - Rivoli,0.18518518518518517,5.0,22.0,
2025-09-07 22:00:00,1119,Cossonnerie - Sébastopol,0.20833333333333334,5.0,16.0,
2025-09-07 22:00:00,1120,Lavandieres Sainte Opportune - Rivoli,0.05555555555555555,1.5,23.5,
2025-09-07 22:00:00,11201,Faubourg St-Antoine - Place de la Nation,0.0625,1.0,12.0,
2025-09-07 22:00:00,12001,Bastille - Biscornet,0.3064516129032258,19.0,36.0,
2025-09-07 22:00:00,12002,Lacuée - Lyon,0.3125,5.0,9.0,
2025-09-07 22:00:00,12005,Crozatier - Faubourg Saint-Antoine,0.5714285714285714,24.0,17.0,
2025-09-07 22:00:00,12006,Gare de Lyon - Van Gogh,0.024390243902439025,1.0,40.0,
2025-09-07 22:00:00,12007,Gare de Lyon - Chalon,0.022222222222222223,1.0,44.0,
2025-09-07 22:00:00,12008,Hector Malot - Daumesnil,0.07407407407407407,4.0,46.0,
2025-09-07 22:00:00,12009,Charenton - Diderot,0.16666666666666666,3.0,13.0,
2025-09-07 22:00:00,1201,Perrault - Place du Louvre,0.21428571428571427,6.0,21.0,
2025-09-07 22:00:00,12010,Daumesnil - Picpus,1.0476190476190477,22.0,0.0,
2025-09-07 22:00:00,12013,Montgallet - Reuilly,0.8,12.0,2.0,
2025-09-07 22:00:00,12015,Place de la Nation - Picpus,0.25,9.0,27.0,
2025-09-07 22:00:00,12016,Saint-Mande - Picpus,0.34285714285714286,12.0,22.0,
2025-09-07 22:00:00,12018,Saint-Mandé - Fabre d'Eglantine,0.20588235294117646,7.0,25.0,
2025-09-07 22:00:00,12019,Gare de Reuilly - Picpus,0.6071428571428571,17.0,10.0,
2025-09-07 22:00:00,12020,Cours de Vincennes - Soult,0.26666666666666666,12.0,33.0,
2025-09-07 22:00:00,12022,Sahel - Général Michel Bizot,0.5319148936170213,25.0,21.0,
2025-09-07 22:00:00,12024,Gare de Bercy,0.4857142857142857,17.0,17.0,
2025-09-07 22:00:00,12026,Place Ginette Hamelin,0.3333333333333333,17.0,33.0,
2025-09-07 22:00:00,12027,Montgallet - Charenton,0.9375,15.0,1.0,
2025-09-07 22:00:00,12028,Vivaldi - Antoine-Julien Hénard,0.6296296296296297,17.0,9.0,
2025-09-07 22:00:00,12031,Gabriel Lamé,0.5555555555555556,20.0,16.0,
2025-09-07 22:00:00,12032,Porte Dorée,0.08333333333333333,3.0,31.0,
2025-09-07 22:00:00,12033,François Truffaut - Saint Emilion,0.3484848484848485,23.0,41.0,
2025-09-07 22:00:00,12034,Pirogues de Bercy - Libourne,0.5918367346938775,29.0,19.0,
2025-09-07 22:00:00,12035,Madagascar - Meuniers,0.6595744680851063,31.0,13.0,
2025-09-07 22:00:00,12036,Reuilly - Place Felix Eboue,0.38095238095238093,16.0,23.0,
2025-09-07 22:00:00,12037,Reuilly - Daumesnil,0.3055555555555556,11.0,23.0,
2025-09-07 22:00:00,12038,Picpus - Louis Braille,0.43103448275862066,25.0,31.0,
2025-09-07 22:00:00,12039,Général Michel Bizot - Claude Decaen,0.6578947368421053,25.0,11.0,
2025-09-07 22:00:00,12040,Porte de Charenton,0.029850746268656716,2.0,63.0,
2025-09-07 22:00:00,12041,Bois de Vincennes.,0.35,21.0,36.0,
2025-09-07 22:00:00,12043,Daumesnil - Hébrard,0.6,24.0,16.0,
2025-09-07 22:00:00,12101,Charenton - Prague,0.19230769230769232,5.0,17.0,
2025-09-07 22:00:00,12102,Bercy - Traversiére,0.06666666666666667,2.0,23.0,
2025-09-07 22:00:00,12105,Bercy - Villot,0.09090909090909091,3.0,28.0,
2025-09-07 22:00:00,12106,Gare de Lyon - Roland Barthes,0.0,0.0,67.0,
2025-09-07 22:00:00,12107,Diderot - Pierre Bourdan,0.42857142857142855,9.0,12.0,
2025-09-07 22:00:00,12108,Bercy.,0.07575757575757576,5.0,59.0,
2025-09-07 22:00:00,12109,Mairie du 12ème,0.9333333333333333,28.0,1.0,
2025-09-07 22:00:00,12113,Cardinal Lavigerie,0.782608695652174,36.0,10.0,
2025-09-07 22:00:00,12114,Victor Hugo - Jeanne Jugan,0.4642857142857143,13.0,14.0,
2025-09-07 22:00:00,12115,Porte de Vincennes,0.42424242424242425,14.0,18.0,
2025-09-07 22:00:00,12119,Dom-Pérignon - Gravelle,0.2,10.0,38.0,
2025-09-07 22:00:00,12120,Lac Daumesnil - Saint-Maurice,0.06,3.0,47.0,
2025-09-07 22:00:00,12122,Bois de Vincennes - Polygone,0.058823529411764705,3.0,44.0,
2025-09-07 22:00:00,12123,Château de Vincennes,0.09615384615384616,5.0,45.0,
2025-09-07 22:00:00,12125,Pyramide - Parc Floral,0.22,11.0,35.0,
2025-09-07 22:00:00,12126,Gravelle - Route du Bac,0.47058823529411764,24.0,24.0,
2025-09-07 22:00:00,12129,Bois de Vincennes - Porte Jaune,0.02857142857142857,1.0,33.0,
2025-09-07 22:00:00,12150,Bastille - Quai de la Rapée,0.037037037037037035,1.0,24.0,
2025-09-07 22:00:00,12153,Terroirs de France - Lheureux,0.09090909090909091,5.0,49.0,
2025-09-07 22:00:00,12154,Square Georges Melies,0.275,11.0,28.0,
2025-09-07 22:00:00,12155,Rottembourg - Général Michel Bizot,0.627906976744186,27.0,15.0,
2025-09-07 22:00:00,12156,Niger - Soult,0.2916666666666667,7.0,16.0,
2025-09-07 22:00:00,12157,Fabre d'Eglantine - Place de la Nation,0.014705882352941176,1.0,66.0,
2025-09-07 22:00:00,12161,Diderot - Reuilly,0.2954545454545454,13.0,31.0,
2025-09-07 22:00:00,12163,Hippodrome Paris-Vincennes,0.35714285714285715,15.0,26.0,
2025-09-07 22:00:00,12164,Stade Pershing,0.15384615384615385,4.0,21.0,
2025-09-07 22:00:00,12165,Champs de Manoeuvre - Cartoucherie,0.5428571428571428,19.0,14.0,
2025-09-07 22:00:00,12166,Parc Floral du Bel Air,0.12,3.0,20.0,
2025-09-07 22:00:00,12202,Charenton - Wattignies,0.925,37.0,2.0,
2025-09-07 22:00:00,12203,Nicolaï - Charenton,0.75,33.0,8.0,
2025-09-07 22:00:00,12204,Prague - Théophile Roussel,0.6470588235294118,22.0,7.0,
2025-09-07 22:00:00,13001,Port-Royal - Hôpital du Val-de-Grâce,0.8888888888888888,16.0,0.0,
2025-09-07 22:00:00,13002,Arago - Glacière,0.8518518518518519,23.0,1.0,
2025-09-07 22:00:00,13005,Cordelières - Arago,0.717391304347826,33.0,12.0,
2025-09-07 22:00:00,13006,Duméril - Jeanne d'Arc,0.85,34.0,6.0,
2025-09-07 22:00:00,13008,Place d'Italie - Soeur Rosalie,0.057692307692307696,3.0,45.0,
2025-09-07 22:00:00,13009,Auguste Blanqui - Corvisart,0.038461538461538464,1.0,24.0,
2025-09-07 22:00:00,13010,Place d'Italie - Vincent Auriol,0.5375,21.5,17.5,
2025-09-07 22:00:00,13011,Hôpital - Campo-Formio,0.09090909090909091,1.0,7.0,
2025-09-07 22:00:00,13013,Saint-Marcel - Hôpital,0.9047619047619048,19.0,0.0,
2025-09-07 22:00:00,13015,Chevaleret - Louise Weiss,0.7142857142857143,25.0,8.0,
2025-09-07 22:00:00,13017,Nationale - Vincent Auriol,0.2727272727272727,9.0,24.0,
2025-09-07 22:00:00,13018,Bruant - Vincent Auriol,0.36,9.0,13.0,
2025-09-07 22:00:00,13019,Fernand Braudel - Vincent Auriol,0.4166666666666667,15.0,19.0,
2025-09-07 22:00:00,13020,Paul Klee - Place Augusta Holmes,0.11627906976744186,5.0,37.0,
2025-09-07 22:00:00,13022,Butte aux Cailles - Esperance,0.4166666666666667,15.0,18.0,
2025-09-07 22:00:00,13023,Bobillot - Moulin des Prés,0.14285714285714285,4.0,22.0,
2025-09-07 22:00:00,13024,Bobillot - Tolbiac,0.9696969696969697,32.0,1.0,
2025-09-07 22:00:00,13026,Place Jean Delay,0.37142857142857144,13.0,22.0,
2025-09-07 22:00:00,13027,Mazagran - Pierre de Coubertin,0.8,12.0,3.0,
2025-09-07 22:00:00,13028,Gouthière - Poterne des Peupliers,0.7272727272727273,24.0,8.0,
2025-09-07 22:00:00,13030,Italie - Tolbiac,0.5714285714285714,12.0,7.0,
2025-09-07 22:00:00,13032,Italie - Jardin Joan Miro,0.11538461538461539,3.0,22.0,
2025-09-07 22:00:00,13033,Porte d'Italie,0.23076923076923078,3.0,10.0,
2025-09-07 22:00:00,13035,Choisy - Tolbiac,0.3,6.0,11.0,
2025-09-07 22:00:00,13036,Olympiades,0.2777777777777778,10.0,23.0,
2025-09-07 22:00:00,13037,Ivry - Baudricourt,0.35,7.0,12.0,
2025-09-07 22:00:00,13039,Ivry - Simone Weil,0.4444444444444444,8.0,10.0,
2025-09-07 22:00:00,13041,Porte d'Ivry,0.14,7.0,42.0,
2025-09-07 22:00:00,13043,Dunois - Clisson,0.49019607843137253,25.0,24.0,
2025-09-07 22:00:00,13044,Place Jeanne d'Arc,0.5555555555555556,20.0,15.0,
2025-09-07 22:00:00,13045,Jean Colly - Tolbiac,0.5277777777777778,19.0,9.0,
2025-09-07 22:00:00,13046,Eugène Oudiné - Dessous Des Berges,0.8636363636363636,38.0,6.0,
2025-09-07 22:00:00,13047,Boutroux - Porte de Vitry,0.7551020408163265,37.0,12.0,
2025-09-07 22:00:00,13048,Wurtz - Tolbiac,0.9642857142857143,27.0,0.0,
2025-09-07 22:00:00,13049,Vincent Auriol - Louise Weiss,0.2727272727272727,6.0,16.0,
2025-09-07 22:00:00,13050,Quai Panhard et Levassor,0.3157894736842105,18.0,39.0,
2025-09-07 22:00:00,13052,Leredde - Tolbiac,0.5454545454545454,24.0,18.0,
2025-09-07 22:00:00,13053,Chevaleret - Tolbiac,0.19047619047619047,4.0,16.0,
2025-09-07 22:00:00,13054,Pau Casals - Neuve Tolbiac,0.44871794871794873,35.0,41.0,
2025-09-07 22:00:00,13055,M.- A. Lagroua Weill-Hallé -  F. Dolto,0.6166666666666667,37.0,23.0,
2025-09-07 22:00:00,13101,Croulebarde - Corvisart,0.5882352941176471,20.0,13.0,
2025-09-07 22:00:00,13103,Hôpital Pitié Salpêtrière,0.02,1.0,47.0,
2025-09-07 22:00:00,13104,Gare d'Austerlitz - Quai Saint-Bernard,0.0,0.0,25.0,
2025-09-07 22:00:00,13109,Brillat-Savarin - Küss,0.42857142857142855,9.0,10.0,
2025-09-07 22:00:00,13110,Moulin de la Pointe,0.22727272727272727,5.0,17.0,
2025-09-07 22:00:00,13113,Vistule - Choisy,0.30303030303030304,10.0,23.0,
2025-09-07 22:00:00,13114,Nationale - Marcel Duchamp,0.30434782608695654,7.0,15.0,
2025-09-07 22:00:00,13116,Place du Docteur Yersin,0.04,2.0,48.0,
2025-09-07 22:00:00,13118,Regnault - Patay,0.5238095238095238,33.0,29.0,
2025-09-07 22:00:00,13120,Pierre Joseph Desault,1.0,19.0,0.0,
2025-09-07 22:00:00,13121,Bruneseau - Quai d'Ivry,0.5326086956521738,24.5,19.5,
2025-09-07 22:00:00,13125,Gare d'Austerlitz - Pont Charles de Gaulle,0.05333333333333334,4.0,70.0,
2025-09-07 22:00:00,13126,Place Nationale - Château-des-Rentiers,0.4444444444444444,8.0,9.0,
2025-09-07 22:00:00,13128,Quai de la Gare - Pont de Bercy,0.3,9.0,20.0,
2025-09-07 22:00:00,13202,Place Farhat Hached,0.75,21.0,5.0,
2025-09-07 22:00:00,13203,Square de Choisy - Eastman,0.08333333333333333,2.0,22.0,
2025-09-07 22:00:00,13204,Tolbiac - Boussingault,0.975609756097561,40.0,0.0,
2025-09-07 22:00:00,13205,Choisy - Pointe d'Ivry,0.25,6.0,15.0,
2025-09-07 22:00:00,13515,Auguste Blanqui - Glacière,0.32499999999999996,19.5,39.5,
2025-09-07 22:00:00,13516,Glacière - Soeur Catherine Marie,0.275,11.0,28.0,
2025-09-07 22:00:00,14001,Edgar Quinet - Gaité,0.2222222222222222,6.0,16.0,
2025-09-07 22:00:00,14003,Schoelcher - Raspail,0.62,31.0,17.0,
2025-09-07 22:00:00,14004,Port Royal - Hôpital Cochin,0.4782608695652174,11.0,11.0,
2025-09-07 22:00:00,14005,René Coty - Place Denfert-Rochereau,0.2777777777777778,10.0,25.0,
2025-09-07 22:00:00,14006,Saint-Jacques - Tombe Issoire,0.30434782608695654,7.0,14.0,
2025-09-07 22:00:00,14007,Ferrus - Saint-Jacques,0.20588235294117646,7.0,27.0,
2025-09-07 22:00:00,14008,Mouton Duvernet - Général Leclerc,0.6071428571428571,17.0,9.0,
2025-09-07 22:00:00,14009,Tombe Issoire - René Coty,0.4444444444444444,16.0,19.0,
2025-09-07 22:00:00,14010,Jean Moulin - Place Victor et Hélène Basch,0.14634146341463414,6.0,33.0,
2025-09-07 22:00:00,14011,Place des Droits de l'Enfant,0.6410256410256411,25.0,14.0,
2025-09-07 22:00:00,14012,Sibelle - Alésia,0.2972972972972973,11.0,26.0,
2025-09-07 22:00:00,14016,René Coty - Parc Montsouris,0.36363636363636365,20.0,34.0,
2025-09-07 22:00:00,14018,Porte d'Orléans,0.3333333333333333,16.0,31.0,
2025-09-07 22:00:00,14019,Sarrette - Général Leclerc,0.5909090909090909,13.0,9.0,
2025-09-07 22:00:00,14020,Cimetière de Montrouge,0.3448275862068966,20.0,38.0,
2025-09-07 22:00:00,14021,Place de la Porte de Châtillon,0.2033898305084746,12.0,46.0,
2025-09-07 22:00:00,14022,Didot - Mariniers,0.17142857142857143,6.0,29.0,
2025-09-07 22:00:00,14023,Adolphe Pinard - Victor Hugo,0.2692307692307692,14.0,38.0,
2025-09-07 22:00:00,14025,Jacquier - Didot,0.26666666666666666,8.0,22.0,
2025-09-07 22:00:00,14026,Plantes - Moulin Vert,0.24444444444444444,11.0,33.0,
2025-09-07 22:00:00,14027,Gergovie - Alésia,0.5185185185185185,28.0,24.0,
2025-09-07 22:00:00,14030,Pernety - Raymond Losserand,0.46875,15.0,17.0,
2025-09-07 22:00:00,14031,Didot - Place de Moro-Giafferi,0.6818181818181818,15.0,6.0,
2025-09-07 22:00:00,14032,Mairie du 14ème,0.4375,14.0,15.0,
2025-09-07 22:00:00,14034,Ouest - Château,0.13043478260869565,3.0,18.0,
2025-09-07 22:00:00,14036,Boulard - Daguerre,0.2222222222222222,10.0,33.0,
2025-09-07 22:00:00,14101,Gare Montparnasse - Edgar Quinet,0.06060606060606061,2.0,28.0,
2025-09-07 22:00:00,14103,Maine - Liancourt,0.0,0.0,27.0,
2025-09-07 22:00:00,14106,Marc Sangnier - Porte de Vanves,0.09523809523809523,2.0,19.0,
2025-09-07 22:00:00,14108,Le Brix et Mesmin - Jourdan,0.19047619047619047,4.0,17.0,
2025-09-07 22:00:00,14110,Abbé Carton - Plantes,0.52,13.0,12.0,
2025-09-07 22:00:00,14112,Méchain - Faubourg Saint-Jacques,0.1875,3.0,12.0,
2025-09-07 22:00:00,14113,Santé - Arago,0.7631578947368421,29.0,7.0,
2025-09-07 22:00:00,14116,Romain Rolland,0.44,11.0,14.0,
2025-09-07 22:00:00,14124,David Weill - Parc Montsouris,0.36363636363636365,8.0,14.0,
2025-09-07 22:00:00,14125,Dareau - Broussais,0.47916666666666663,11.5,12.5,
2025-09-07 22:00:00,14127,Odessa - Départ,0.05128205128205128,2.0,35.0,
2025-09-07 22:00:00,14128,Gergovie - Vercingétorix,0.13793103448275862,4.0,25.0,
2025-09-07 22:00:00,14131,Jourdan - Monticelli,0.4,12.0,18.0,
2025-09-07 22:00:00,14132,Bézout - Général Leclerc,0.26666666666666666,8.0,22.0,
2025-09-07 22:00:00,14133,Froidevaux - Boulard,0.5714285714285714,20.0,15.0,
2025-09-07 22:00:00,14135,Jourdan - Cité Universitaire,0.358974358974359,14.0,24.0,
2025-09-07 22:00:00,14136,Auguste Cain - Jean Moulin,0.7,28.0,11.0,
2025-09-07 22:00:00,14137,Maurice d'Ocagne - General Maudhuy,0.3333333333333333,10.0,20.0,
2025-09-07 22:00:00,14138,Porte de Vanves,0.15625,5.0,26.0,
2025-09-07 22:00:00,14201,Decrès - Alésia,0.3333333333333333,10.0,18.0,
2025-09-07 22:00:00,15001,Gare Montparnasse - Arrivée,0.18604651162790697,8.0,34.0,
2025-09-07 22:00:00,15002,Maine - Antoine Bourdelle,0.0,0.0,17.0,
2025-09-07 22:00:00,15003,Gare Montparnasse - Vaugirard,0.0,0.0,65.0,
2025-09-07 22:00:00,15004,Vaugirard - Pasteur,0.0,0.0,20.0,
2025-09-07 22:00:00,15005,Place Jacques et Thérèse Tréfouël,0.09302325581395349,4.0,38.0,
2025-09-07 22:00:00,15006,Cherche-Midi - Hôpital Necker,0.07894736842105263,3.0,34.0,
2025-09-07 22:00:00,15008,Sèvres - Lecourbe,0.22580645161290322,14.0,46.0,
2025-09-07 22:00:00,15009,Suffren - Pérignon,0.43478260869565216,20.0,24.0,
2025-09-07 22:00:00,15010,Square Cambronne,0.3728813559322034,22.0,7.0,
2025-09-07 22:00:00,15011,Cambronne - Villa Croix Nivert,0.8548387096774194,53.0,8.0,
2025-09-07 22:00:00,15012,Cambronne - Mademoiselle,0.6865671641791045,46.0,19.0,
2025-09-07 22:00:00,15013,Volontaires - Lecourbe,0.967741935483871,30.0,1.0,
2025-09-07 22:00:00,15014,Volontaires - Vaugirard,0.6176470588235294,21.0,11.0,
2025-09-07 22:00:00,15017,Place Falguière,0.6956521739130435,16.0,6.0,
2025-09-07 22:00:00,15018,Dutot - Place Alleray,0.30357142857142855,17.0,39.0,
2025-09-07 22:00:00,15019,Paul Barruel - Vaugirard,0.358974358974359,14.0,22.0,
2025-09-07 22:00:00,15020,Mairie du 15ème,0.578125,18.5,10.5,
2025-09-07 22:00:00,15021,Joseph Liouville - Croix Nivert,0.3125,20.0,42.0,
2025-09-07 22:00:00,15022,Emile Zola - Fondary,0.7142857142857143,30.0,11.0,
2025-09-07 22:00:00,15023,La Motte-Picquet - Grenelle,0.5588235294117647,19.0,13.0,
2025-09-07 22:00:00,15024,Suffren - La Motte-Piquet,0.8260869565217391,19.0,4.0,
2025-09-07 22:00:00,15025,Dupleix - du Guesclin,0.44680851063829785,21.0,26.0,
2025-09-07 22:00:00,15027,Duhamel - André Gide,0.1,2.0,18.0,
2025-09-07 22:00:00,15029,Emeriau - Place de Brazzaville,0.7058823529411765,36.0,14.0,
2025-09-07 22:00:00,15030,Emeriau - Beaugrenelle,0.7027027027027027,52.0,15.0,
2025-09-07 22:00:00,15031,Théâtre - Lourmel,0.6226415094339622,33.0,20.0,
2025-09-07 22:00:00,15032,Félix Faure - Lourmel,0.46551724137931033,27.0,28.0,
2025-09-07 22:00:00,15033,Place Violet,0.9,27.0,3.0,
2025-09-07 22:00:00,15034,Lakanal - Commerce,0.660377358490566,35.0,18.0,
2025-09-07 22:00:00,15038,Place Adolphe Cherioux - Vaugirard,0.6190476190476191,39.0,20.0,
2025-09-07 22:00:00,15039,Abbé Groult - Convention,1.0,12.0,0.0,
2025-09-07 22:00:00,15040,Saint-Amand - Labrouste,0.75,27.0,5.0,
2025-09-07 22:00:00,15041,Franquet - Labrouste,0.2972972972972973,11.0,26.0,
2025-09-07 22:00:00,15042,Henry Farman,0.0625,1.0,14.0,
2025-09-07 22:00:00,15043,Brancion - Lefebvre,0.9090909090909091,10.0,1.0,
2025-09-07 22:00:00,15044,Dantzig - Lefebvre,0.030303030303030304,1.0,32.0,
2025-09-07 22:00:00,15045,Porte de la Plaine,0.02857142857142857,1.0,33.0,
2025-09-07 22:00:00,15046,Parc Georges Brassens - Brancion,0.41379310344827586,12.0,17.0,
2025-09-07 22:00:00,15050,Dominique Pado - Croix Nivert,0.8181818181818182,18.0,4.0,
2025-09-07 22:00:00,15052,Convention - Vaugirard,0.75,36.0,11.0,
2025-09-07 22:00:00,15053,Lecourbe - Convention,0.43478260869565216,20.0,26.0,
2025-09-07 22:00:00,15054,Lecourbe - Jean Maridor,1.0,19.0,0.0,
2025-09-07 22:00:00,15055,Vasco de Gama,0.8888888888888888,48.0,3.0,
2025-09-07 22:00:00,15057,Lucien Bossoutrot - Général Martial Vallin,0.38461538461538464,15.0,22.0,
2025-09-07 22:00:00,15058,Place du Moulin de Javel,0.2,9.0,35.0,
2025-09-07 22:00:00,15060,Place de la Montagne du Goulet,0.42857142857142855,9.0,12.0,
2025-09-07 22:00:00,15061,Square Desnouettes,0.7727272727272727,17.0,4.0,
2025-09-07 22:00:00,15062,Convention - Lourmel,0.5,18.0,18.0,
2025-09-07 22:00:00,15063,Convention - Saint-Charles,0.391304347826087,9.0,14.0,
2025-09-07 22:00:00,15064,Javel - André Citroën,0.24444444444444444,11.0,34.0,
2025-09-07 22:00:00,15068,Général Martial Valin - Pont du Garigliano,0.1875,3.0,13.0,
2025-09-07 22:00:00,15069,Félix Faure - Convention,0.8409090909090909,37.0,7.0,
2025-09-07 22:00:00,15070,Balard - Montagne de la Fage,0.8055555555555556,29.0,6.0,
2025-09-07 22:00:00,15071,Suffren - Champ de Mars,0.8695652173913043,20.0,2.0,
2025-09-07 22:00:00,15072,Place Fernand Forest,0.2727272727272727,9.0,22.0,
2025-09-07 22:00:00,15104,Hôpital Européen Georges Pompidou,0.203125,13.0,49.0,
2025-09-07 22:00:00,15105,Fédération - Suffren,0.88,22.0,2.0,
2025-09-07 22:00:00,15106,Grenelle - Violet,0.7142857142857143,25.0,10.0,
2025-09-07 22:00:00,15107,Palais des Sports,0.7727272727272727,17.0,4.0,
2025-09-07 22:00:00,15108,Lourmel - Marie Skobtsov,0.7272727272727273,16.0,6.0,
2025-09-07 22:00:00,15109,Cevennes - Bergers,0.6206896551724138,18.0,9.0,
2025-09-07 22:00:00,15110,Place Robert Guillemard,0.75,18.0,5.0,
2025-09-07 22:00:00,15111,Olivier de Serres - Leriche,0.84,21.0,3.0,
2025-09-07 22:00:00,15112,Vigée-Lebrun - Anselme Payen,0.125,3.0,20.0,
2025-09-07 22:00:00,15113,Arsonval - Falguière,0.16,4.0,19.0,
2025-09-07 22:00:00,15114,Pasteur - Cotentin,0.0,0.0,10.0,
2025-09-07 22:00:00,15123,Commerce - Letellier,0.5681818181818182,25.0,18.0,
2025-09-07 22:00:00,15127,Place Charles Michels,0.6216216216216216,23.0,13.0,
2025-09-07 22:00:00,15128,Cadix - Hameau,0.5945945945945946,22.0,12.0,
2025-09-07 22:00:00,15129,Hôpital Necker,0.35,14.0,23.0,
2025-09-07 22:00:00,15131,Charles Lecocq - Lecourbe,0.5416666666666666,26.0,22.0,
2025-09-07 22:00:00,15132,Bargue -  Dutot,0.7619047619047619,16.0,3.0,
2025-09-07 22:00:00,15133,Saint Lambert - Blomet,0.9259259259259259,25.0,2.0,
2025-09-07 22:00:00,15201,Place Amédée Gordini - Lefebvre,0.18421052631578946,7.0,30.0,
2025-09-07 22:00:00,15202,Bracion - Périphérique,0.1,3.0,27.0,
2025-09-07 22:00:00,15203,Porte de Versailles,0.6071428571428571,17.0,9.0,
2025-09-07 22:00:00,15311,Quai du Président Roosevelt - Pont Aval,0.6,18.0,12.0,
2025-09-07 22:00:00,16002,Pergolèse - Malakoff,0.34210526315789475,13.0,25.0,
2025-09-07 22:00:00,16003,André Maurois - Joseph et Marie Hackin,0.27586206896551724,8.0,22.0,
2025-09-07 22:00:00,16005,Raymond Poincaré - Place Victor Hugo,0.08,2.0,22.0,
2025-09-07 22:00:00,16006,Lauriston - Copernic,0.3157894736842105,6.0,13.0,
2025-09-07 22:00:00,16007,Longchamp - Place d'Iéna,0.5,5.0,5.0,
2025-09-07 22:00:00,16008,Galilée - Kléber,0.21875,7.0,24.0,
2025-09-07 22:00:00,16009,Saint-Didier - Raymond Poincaré,0.29411764705882354,5.0,11.0,
2025-09-07 22:00:00,16010,Belles Feuilles - Place de Mexico,0.2608695652173913,6.0,16.0,
2025-09-07 22:00:00,16011,Victor Hugo - La Pompe,0.21951219512195122,9.0,30.0,
2025-09-07 22:00:00,16012,Flandrin - Longchamp,0.07142857142857142,3.0,39.0,
2025-09-07 22:00:00,16013,Mairie du 16ème,0.7714285714285715,27.0,4.0,
2025-09-07 22:00:00,16014,Eylau - Trocadéro,0.0,0.0,22.0,
2025-09-07 22:00:00,16015,Bassano -  Iéna,0.4666666666666667,7.0,8.0,
2025-09-07 22:00:00,16017,Siam - La Pompe,0.75,12.0,2.0,
2025-09-07 22:00:00,16018,Flandrin - Henri Martin,0.1111111111111111,2.0,15.0,
2025-09-07 22:00:00,16019,Porte de la Muette,0.2222222222222222,8.0,28.0,
2025-09-07 22:00:00,16020,Place de la Porte de Passy,0.4722222222222222,17.0,18.0,
2025-09-07 22:00:00,16022,Jean Bologne - Passy,0.2631578947368421,5.0,14.0,
2025-09-07 22:00:00,16023,Passy - Place du Costa Rica,0.6666666666666666,22.0,7.0,
2025-09-07 22:00:00,16024,Ranelagh - Maison de la Radio,0.8636363636363636,19.0,1.0,
2025-09-07 22:00:00,16025,Jean de la Fontaine - Boulainvilliers,0.27941176470588236,19.0,46.0,
2025-09-07 22:00:00,16026,Ranelagh - Mozart,0.13043478260869565,3.0,19.0,
2025-09-07 22:00:00,16027,Mozart - Jasmin,0.3870967741935484,24.0,37.0,
2025-09-07 22:00:00,16031,Vignes - Boulainvilliers,0.3333333333333333,7.0,13.0,
2025-09-07 22:00:00,16032,Eglise d'Auteuil,0.47619047619047616,10.0,9.0,
2025-09-07 22:00:00,16033,Marché d'Auteuil,0.5,16.0,15.0,
2025-09-07 22:00:00,16034,Porte d'Auteuil,0.5454545454545454,18.0,14.0,
2025-09-07 22:00:00,16036,Porte Molitor,0.38333333333333336,23.0,35.0,
2025-09-07 22:00:00,16040,Exelmans - Michel-Ange,0.5757575757575758,19.0,11.0,
2025-09-07 22:00:00,16041,Versailles - Claude Terrasse,0.34782608695652173,16.0,26.0,
2025-09-07 22:00:00,16042,Murat - Porte de Saint-Cloud,0.42105263157894735,16.0,21.0,
2025-09-07 22:00:00,16044,Porte de Saint Cloud - Parc des Princes,0.59375,19.0,10.0,
2025-09-07 22:00:00,16101,Malakoff - Place de la Porte Maillot,0.17857142857142858,5.0,23.0,
2025-09-07 22:00:00,16102,Pergolèse - Marbeau,0.4074074074074074,11.0,16.0,
2025-09-07 22:00:00,16103,Traktir - Foch,0.3181818181818182,7.0,15.0,
2025-09-07 22:00:00,16104,Paul Valery - Victor Hugo,0.37142857142857144,13.0,22.0,
2025-09-07 22:00:00,16105,Crevaux - Bugeaud,0.4838709677419355,15.0,15.0,
2025-09-07 22:00:00,16107,Benjamin Godard - Victor Hugo,0.6,21.0,12.0,
2025-09-07 22:00:00,16110,Octave Feuillet - Albéric Magnard,0.14285714285714285,3.0,17.0,
2025-09-07 22:00:00,16111,Faustin Hélie - Desbordes-Valmore,0.36363636363636365,12.0,20.0,
2025-09-07 22:00:00,16112,Chernoviz - Raynouard,0.16216216216216217,6.0,31.0,
2025-09-07 22:00:00,16115,Raffet - Montmorency,0.3333333333333333,14.0,27.0,
2025-09-07 22:00:00,16116,George Sand - Jean de La Fontaine,0.7586206896551724,22.0,7.0,
2025-09-07 22:00:00,16118,Michel-Ange - Parent de Rosan,0.6153846153846154,16.0,9.0,
2025-09-07 22:00:00,16121,Jardin d'Acclimatation,0.030303030303030304,1.0,29.0,
2025-09-07 22:00:00,16122,Route de la Muette - Porte de Neuilly,0.08,4.0,45.0,
2025-09-07 22:00:00,16123,Mahatma Gandhi,0.038461538461538464,1.0,23.0,
2025-09-07 22:00:00,16124,Route de Sèvres - Porte de Bagatelle,0.12121212121212122,8.0,54.0,
2025-09-07 22:00:00,16129,Ceinture du Lac Inferieure - Saint-Cloud,0.023809523809523808,1.0,38.0,
2025-09-07 22:00:00,16136,Théophile Gautier - François Millet,1.0,30.0,0.0,
2025-09-07 22:00:00,16138,Saint-Cloud - Hippodrome,0.03333333333333333,1.0,26.0,
2025-09-07 22:00:00,16139,Suresnes - Muette à Neuilly,0.13333333333333333,4.0,24.0,
2025-09-07 22:00:00,16201,Porte Dauphine,0.015384615384615385,1.0,63.0,
2025-09-07 22:00:00,17001,Guy Môquet - Saint-Ouen,0.6226415094339622,33.0,18.0,
2025-09-07 22:00:00,17003,Jacques Kellner - Saint-Ouen,0.5777777777777777,26.0,17.0,
2025-09-07 22:00:00,17004,Legendre - Clichy,0.225,9.0,31.0,
2025-09-07 22:00:00,17005,Brochant - Clichy,0.5283018867924528,28.0,24.0,
2025-09-07 22:00:00,17008,Porte Pouchet-Bessières,0.30434782608695654,7.0,15.0,
2025-09-07 22:00:00,17010,Jonquière - Docteur Paul Brousse,0.35185185185185186,19.0,34.0,
2025-09-07 22:00:00,17011,Fragonard - Porte de Clichy,0.5357142857142857,30.0,24.0,
2025-09-07 22:00:00,17013,Legendre - Dulong,0.43478260869565216,10.0,12.0,
2025-09-07 22:00:00,17015,Place de Lévis,0.10416666666666667,5.0,42.0,
2025-09-07 22:00:00,17016,Brochant - Square des Batignolles,0.16129032258064516,5.0,24.0,
2025-09-07 22:00:00,17017,Gare de Pont-Cardinet,0.23529411764705882,8.0,25.0,
2025-09-07 22:00:00,17019,Phalsbourg - Villiers,0.3684210526315789,7.0,10.0,
2025-09-07 22:00:00,17020,Jouffroy d'Abbans - Malesherbes,0.37037037037037035,10.0,16.0,
2025-09-07 22:00:00,17021,Jouffroy d'Abbans - Villiers,0.20588235294117646,7.0,25.0,
2025-09-07 22:00:00,17022,Pereire - Place de Wagram,0.5869565217391305,27.0,17.0,
2025-09-07 22:00:00,17023,Porte d'Asnières,0.7222222222222222,26.0,8.0,
2025-09-07 22:00:00,17024,Villiers - Batignolles,0.34782608695652173,8.0,15.0,
2025-09-07 22:00:00,17026,Jouffroy d'Abbans - Wagram,0.45,18.0,18.0,
2025-09-07 22:00:00,17028,Reims - Raymond Pitet,0.16216216216216217,6.0,29.0,
2025-09-07 22:00:00,17029,Pierre Demours - Laugier,0.4864864864864865,18.0,18.0,
2025-09-07 22:00:00,17030,Pereire - Rennequin,0.5217391304347826,12.0,8.0,
2025-09-07 22:00:00,17032,Jean Oestreicher - Porte de Champerret,0.14285714285714285,3.0,18.0,
2025-09-07 22:00:00,17033,Carnot - Général Lanrezac,0.6333333333333333,19.0,10.0,
2025-09-07 22:00:00,17036,Place Tristan Bernard,0.7857142857142857,22.0,6.0,
2025-09-07 22:00:00,17037,Bayen - Pereire,0.8181818181818182,18.0,2.0,
2025-09-07 22:00:00,17038,Grande Armée - Brunel,0.5,31.0,30.0,
2025-09-07 22:00:00,17039,Place Saint-Ferdinand,0.23684210526315788,9.0,26.0,
2025-09-07 22:00:00,17040,Pereire - Ternes,0.22916666666666666,11.0,36.0,
2025-09-07 22:00:00,17041,Guersant - Gouvion-Saint-Cyr,0.4444444444444444,16.0,19.0,
2025-09-07 22:00:00,17043,Belidor - Gouvion-Saint-Cyr,0.2564102564102564,10.0,29.0,
2025-09-07 22:00:00,17045,Place des Ternes.,0.30434782608695654,14.0,28.0,
2025-09-07 22:00:00,17102,Alfred Roll - Berthier,0.7142857142857143,20.0,8.0,
2025-09-07 22:00:00,17104,Jardin Marguerite Long,0.18181818181818182,4.0,17.0,
2025-09-07 22:00:00,17105,Place Madeleine Daniélou,0.07142857142857142,3.0,38.0,
2025-09-07 22:00:00,17106,Berthier - Porte de Clichy,0.125,3.0,20.0,
2025-09-07 22:00:00,17107,Berthier - Place Stuart Merril,0.21621621621621623,8.0,29.0,
2025-09-07 22:00:00,17108,Bessières - Porte de Clichy,0.24242424242424243,8.0,25.0,
2025-09-07 22:00:00,17111,Lemercier - Cardinet,0.2916666666666667,7.0,16.0,
2025-09-07 22:00:00,17116,Reims - Porte d'Asnières,0.2692307692307692,7.0,18.0,
2025-09-07 22:00:00,17117,Pereire - Saussure,0.25,8.0,23.0,
2025-09-07 22:00:00,17119,Toqueville - Cardinet,0.45454545454545453,15.0,17.0,
2025-09-07 22:00:00,17121,Square des Epinettes,0.35,7.0,12.0,
2025-09-07 22:00:00,17122,Bridaine - Lamandé,0.5,14.5,12.5,
2025-09-07 22:00:00,17123,Mstislav Rostropovitch - Berthier,0.2222222222222222,4.0,14.0,
2025-09-07 22:00:00,17125,Marie-Georges Picquart - Pereire,0.59375,19.0,12.0,
2025-09-07 22:00:00,17126,Hélène et François Missoffe - Emile Borel,0.4375,14.0,18.0,
2025-09-07 22:00:00,17127,Porte de Clichy - Place des Nations Unies,0.825,33.0,6.0,
2025-09-07 22:00:00,17202,Mariotte - Batignolles,0.7,14.0,5.0,
2025-09-07 22:00:00,17203,Place de la Porte de Champeret,0.07142857142857142,2.0,26.0,
2025-09-07 22:00:00,17204,Paul Bodin - Clichy,0.30303030303030304,10.0,20.0,
2025-09-07 22:00:00,18003,Cimetière de Montmartre,0.18604651162790697,8.0,31.0,
2025-09-07 22:00:00,18004,Place des Abbesses,0.3333333333333333,4.0,6.0,
2025-09-07 22:00:00,18006,Square Louise Michel,0.1388888888888889,5.0,30.0,
2025-09-07 22:00:00,18007,Goutte d'or - Barbès,0.7,14.0,4.0,
2025-09-07 22:00:00,18008,Square Léon,0.2727272727272727,9.0,22.0,
2025-09-07 22:00:00,18009,Jean-François Lépine - Stephenson,0.45454545454545453,10.0,10.0,
2025-09-07 22:00:00,18010,Riquet - Marx Dormoy,0.8611111111111112,31.0,1.0,
2025-09-07 22:00:00,18011,Pajol - Place Herbert,0.6153846153846154,24.0,13.0,
2025-09-07 22:00:00,18012,Stephenson - Doudeauville,0.3888888888888889,14.0,20.0,
2025-09-07 22:00:00,18014,Léon - Doudeauville,0.8461538461538461,11.0,1.0,
2025-09-07 22:00:00,18015,Custine - Ramey,0.3170731707317073,13.0,27.0,
2025-09-07 22:00:00,18016,Francoeur - Caulaincourt,0.4117647058823529,14.0,15.0,
2025-09-07 22:00:00,18017,Caulaincourt - Place Constantin Pecqueur,0.40909090909090906,18.0,23.0,
2025-09-07 22:00:00,18018,Carpeaux - Place Jacques Froment,0.3157894736842105,6.0,10.0,
2025-09-07 22:00:00,18019,Square Raymond Souplex,0.5769230769230769,30.0,21.0,
2025-09-07 22:00:00,18021,Marcadet - Ramey,0.41025641025641024,16.0,21.0,
2025-09-07 22:00:00,18022,Marcadet - Barbès,0.4594594594594595,17.0,12.0,
2025-09-07 22:00:00,18024,Clignancourt - Ordener,0.37142857142857144,13.0,22.0,
2025-09-07 22:00:00,18025,Mairie du 18ème,0.475,19.0,18.0,
2025-09-07 22:00:00,18026,Ruisseau - Ordener,0.8,28.0,2.0,
2025-09-07 22:00:00,18028,Championnet - Vauvenargues,0.48484848484848486,16.0,14.0,
2025-09-07 22:00:00,18029,Emile Blemont - Poteau,0.28205128205128205,11.0,28.0,
2025-09-07 22:00:00,18030,Joseph Dijon - Ornano,0.7567567567567568,28.0,7.0,
2025-09-07 22:00:00,18033,Belliard - Damrémont,0.4117647058823529,14.0,14.0,
2025-09-07 22:00:00,18034,Leibniz - Jean Dollfus,0.28125,9.0,23.0,
2025-09-07 22:00:00,18035,René Binet - Porte de Montmartre,0.35135135135135137,13.0,13.0,
2025-09-07 22:00:00,18039,Jardins d'Eole,0.65,13.0,5.0,
2025-09-07 22:00:00,18041,Rochechouart - Martyrs,0.15,3.0,5.0,
2025-09-07 22:00:00,18042,Place Pigalle,0.5714285714285714,12.0,6.0,
2025-09-07 22:00:00,18043,Clichy - Place Blanche,0.4,8.0,10.0,
2025-09-07 22:00:00,18044,Clichy - Douai,0.0625,2.0,20.0,
2025-09-07 22:00:00,18045,Pierre Ginier - Clichy,0.0625,1.0,8.0,
2025-09-07 22:00:00,18046,Etienne Jodelle - Saint Ouen,0.45454545454545453,15.0,14.0,
2025-09-07 22:00:00,18049,Porte d'Aubervilliers,0.07272727272727272,4.0,48.0,
2025-09-07 22:00:00,18101,Championnet.,0.36363636363636365,8.0,13.0,
2025-09-07 22:00:00,18107,Chartres - La Charbonnière,0.17647058823529413,6.0,27.0,
2025-09-07 22:00:00,18110,Departement - Pajol,0.8947368421052632,17.0,2.0,
2025-09-07 22:00:00,18111,Félix Ziem - Armand Gauthier,0.32,8.0,17.0,
2025-09-07 22:00:00,18112,Arthur Ranc - Hôpital Bichat,0.15384615384615385,4.0,21.0,
2025-09-07 22:00:00,18114,Véron - Lepic,0.34782608695652173,8.0,14.0,
2025-09-07 22:00:00,18134,Ney - Porte de Clignancourt,0.68,17.0,7.0,
2025-09-07 22:00:00,18135,Ney - Porte de Montmartre,0.16666666666666666,4.0,20.0,
2025-09-07 22:00:00,18137,Poissonniers - Nord,0.32142857142857145,9.0,19.0,
2025-09-07 22:00:00,18138,Station Paris Basketball - Ney - Charles Hermite,0.1,2.0,17.0,
2025-09-07 22:00:00,18139,Poissonniers - Championnet,0.42857142857142855,12.0,16.0,
2025-09-07 22:00:00,18140,Porte de Clignancourt - Ney,0.1,4.0,35.0,
2025-09-07 22:00:00,18141,Clignancourt - Sofia,0.7894736842105263,15.0,0.0,
2025-09-07 22:00:00,18142,Jessaint - Marx Dormoy,0.4,12.0,16.0,
2025-09-07 22:00:00,18201,Tristan Tzara -  Tchaïkovski,0.42424242424242425,14.0,17.0,
2025-09-07 22:00:00,18202,Diane Arbus,0.15789473684210525,6.0,32.0,
2025-09-07 22:00:00,18204,Porte de la Chapelle - Boulevard Ney,0.038461538461538464,2.0,47.0,
2025-09-07 22:00:00,18205,Mauroy - Cheminots,0.71875,23.0,8.0,
2025-09-07 22:00:00,18206,Albert Kahn - Duhesme,0.47368421052631576,18.0,19.0,
2025-09-07 22:00:00,19001,Crimée - Ourcq,0.125,7.0,48.0,
2025-09-07 22:00:00,19002,Centquatre,0.3333333333333333,14.0,23.0,
2025-09-07 22:00:00,19005,Flandre - Riquet,0.8571428571428571,18.0,0.0,
2025-09-07 22:00:00,19007,Flandre - Ourcq,0.8,24.0,5.0,
2025-09-07 22:00:00,19008,Flandre - Alphonse Karr,0.2692307692307692,7.0,17.0,
2025-09-07 22:00:00,19009,Cité des Sciences et de l'Industrie,0.06896551724137931,2.0,27.0,
2025-09-07 22:00:00,19010,Emile Reynaud - Porte de la Villette,0.9090909090909091,20.0,0.0,
2025-09-07 22:00:00,19012,Lally-Tollendal - Armand Carrel,0.2857142857142857,8.0,19.0,
2025-09-07 22:00:00,19013,Laumière - Petit,0.23529411764705882,8.0,24.0,
2025-09-07 22:00:00,19014,Lorraine - Jean Jaurès,0.42105263157894735,8.0,8.0,
2025-09-07 22:00:00,19016,Hautpoul - Jean Jaurès,0.125,4.0,27.0,
2025-09-07 22:00:00,19019,Petit - Manin,0.18181818181818182,4.0,15.0,
2025-09-07 22:00:00,19021,Mairie du 19ème,0.037037037037037035,1.0,22.0,
2025-09-07 22:00:00,19022,Marché Secrétan,0.23076923076923078,6.0,18.0,
2025-09-07 22:00:00,19023,Manin - Simon Bolivar,0.11538461538461539,3.0,18.0,
2025-09-07 22:00:00,19024,Botzaris - Parc des Buttes Chaumont,0.15,3.0,17.0,
2025-09-07 22:00:00,19025,Botzaris - Crimée,0.047619047619047616,1.0,16.0,
2025-09-07 22:00:00,19029,Seine - Flandre,0.05263157894736842,1.0,18.0,
2025-09-07 22:00:00,19030,Melun - Jean Jaurès,0.2857142857142857,8.0,18.0,
2025-09-07 22:00:00,19031,Manin - Crimée,0.28260869565217395,6.5,14.5,
2025-09-07 22:00:00,19032,Villette - Belleville,0.08333333333333333,4.0,44.0,
2025-09-07 22:00:00,19036,Hôpital Robert Debré,0.8181818181818182,27.0,5.0,
2025-09-07 22:00:00,19037,Belleville - Porte des Lilas,0.03125,1.0,25.0,
2025-09-07 22:00:00,19038,Lassus - Delouvain,0.0,0.0,18.0,
2025-09-07 22:00:00,19039,Edouard Pailleron - Simon Bolivar,0.125,3.0,18.0,
2025-09-07 22:00:00,19040,Belleville - Télégraphe,0.14634146341463414,6.0,35.0,
2025-09-07 22:00:00,19041,Belleville - Pyrénées,0.16666666666666666,7.0,35.0,
2025-09-07 22:00:00,19043,Delphine Seyrig - Général Leclerc,0.09433962264150944,5.0,46.0,
2025-09-07 22:00:00,19044,Grands Moulins de Pantin,0.02,1.0,47.0,
2025-09-07 22:00:00,19045,Macdonald - Césaria Evora,0.07462686567164178,5.0,60.0,
2025-09-07 22:00:00,19046,Porte de Pantin.,0.06060606060606061,2.0,27.0,
2025-09-07 22:00:00,19101,Square Simon Bolivar,0.16666666666666666,4.0,19.0,
2025-09-07 22:00:00,19103,Manin - Carrières d'Amérique,0.1,2.0,16.0,
2025-09-07 22:00:00,19105,Ambroise Rendu - Porte Brunet,0.11764705882352941,2.0,15.0,
2025-09-07 22:00:00,19108,Gaston Tessier - Rosa Parks RER,0.10810810810810811,4.0,31.0,
2025-09-07 22:00:00,19110,Square Claude Bernard,0.03333333333333333,1.0,28.0,
2025-09-07 22:00:00,19111,Cesaria Evora - Rosa Parks,0.05128205128205128,2.0,36.0,
2025-09-07 22:00:00,19113,Pré Saint-Gervais - Lilas,0.35714285714285715,10.0,18.0,
2025-09-07 22:00:00,19114,Manin - Secrétan,0.3,6.0,13.0,
2025-09-07 22:00:00,19115,Porte de la Villette,0.14814814814814814,4.0,21.0,
2025-09-07 22:00:00,19117,Euryale Dehaynin - Loire,0.13333333333333333,4.0,24.0,
2025-09-07 22:00:00,19120,Carducci - Place Hannah Arendt,0.14814814814814814,4.0,21.0,
2025-09-07 22:00:00,19121,Belleville -  Pré Saint-Gervais,0.38095238095238093,8.0,12.0,
2025-09-07 22:00:00,19123,Metz - Marne,0.030303030303030304,1.0,30.0,
2025-09-07 22:00:00,19124,Alexander Fleming - Belvédère,0.41935483870967744,13.0,17.0,
2025-09-07 22:00:00,19125,Place de l'Édit de Nantes,0.23333333333333334,7.0,23.0,
2025-09-07 22:00:00,19127,Aubervilliers - Curial,0.17391304347826086,4.0,17.0,
2025-09-07 22:00:00,19128,Quai de l'Oise - Aisne,0.26666666666666666,8.0,21.0,
2025-09-07 22:00:00,19130,Place Paul Delouvrier,0.21428571428571427,9.0,32.0,
2025-09-07 22:00:00,19201,Petit - Georges Thill,0.21739130434782608,5.0,17.0,
2025-09-07 22:00:00,19202,Marseillaise - Grenade,0.1111111111111111,5.0,39.0,
2025-09-07 22:00:00,19203,Pailleron - Bouret,0.1111111111111111,3.0,24.0,
2025-09-07 22:00:00,19204,Rampal - Belleville,0.45,9.0,9.0,
2025-09-07 22:00:00,19205,Simon Bolivar - Henri Turot,0.17391304347826086,4.0,19.0,
2025-09-07 22:00:00,20001,Place de la Nation - Charonne,0.5,18.0,18.0,
2025-09-07 22:00:00,20003,Pyrénées - Cours de Vincennes,0.23809523809523808,5.0,14.0,
2025-09-07 22:00:00,20004,Commandant l'Herminier - Gallieni,0.7647058823529411,13.0,4.0,
2025-09-07 22:00:00,20005,Reynaldo Hahn - Lagny,0.5789473684210527,11.0,6.0,
2025-09-07 22:00:00,20006,Pyrénées - Plaine,0.5833333333333334,7.0,5.0,
2025-09-07 22:00:00,20007,Buzenval - Avron,0.63,31.5,17.5,
2025-09-07 22:00:00,20008,Pyrénées - Avron,0.28125,9.0,18.0,
2025-09-07 22:00:00,20009,Docteurs Déjérine - Pte de Montreuil,0.4,8.0,12.0,
2025-09-07 22:00:00,2001,Greneta - Sebastopol,0.4838709677419355,15.0,14.0,
2025-09-07 22:00:00,20010,Sorbier - Gasnier-Guy,0.6176470588235294,21.0,13.0,
2025-09-07 22:00:00,20011,Pyrénées - Dagorno,0.6,12.0,8.0,
2025-09-07 22:00:00,20012,Buzenval - Vignoles,0.8823529411764706,15.0,2.0,
2025-09-07 22:00:00,20013,Alexandre Dumas - Place de la Réunion,0.4,18.0,26.0,
2025-09-07 22:00:00,20016,Pyrénées - Maraîchers,0.18181818181818182,6.0,26.0,
2025-09-07 22:00:00,20017,Saint-Blaise - Mouraud,0.7222222222222222,19.5,7.5,
2025-09-07 22:00:00,20019,Place du Maquis du Vercors,0.0,0.0,30.0,
2025-09-07 22:00:00,2002,Etienne Marcel - Montorgueil,0.14285714285714285,4.0,17.0,
2025-09-07 22:00:00,20020,Pyrénées - Charles Renouvier,0.4827586206896552,14.0,12.0,
2025-09-07 22:00:00,20021,Indre - Prairies,0.05263157894736842,2.0,34.0,
2025-09-07 22:00:00,20022,Porte de Bagnolet,0.5151515151515151,17.0,15.0,
2025-09-07 22:00:00,20024,Gambetta - Père Lachaise,0.27586206896551724,8.0,21.0,
2025-09-07 22:00:00,20029,Frères Flavien - Porte des Lilas,0.6956521739130435,16.0,7.0,
2025-09-07 22:00:00,2003,Saint-Denis - Réaumur,0.09375,3.0,25.0,
2025-09-07 22:00:00,20032,Square des Amandiers,0.38461538461538464,10.0,15.0,
2025-09-07 22:00:00,20033,Etienne Dolet - Place Maurice Chevalier,0.0851063829787234,4.0,43.0,
2025-09-07 22:00:00,20034,Sorbier - Ménilmontant,0.4166666666666667,10.0,14.0,
2025-09-07 22:00:00,20035,Pyrénées - Ménilmontant,0.15384615384615385,4.0,21.0,
2025-09-07 22:00:00,20037,Gambetta - Saint Fargeau,0.3333333333333333,8.0,16.0,
2025-09-07 22:00:00,20039,Belleville - Couronnes,0.24,12.0,36.0,
2025-09-07 22:00:00,2004,Square Pierre Lazareff,0.5625,9.0,4.0,
2025-09-07 22:00:00,20040,Parc de Belleville - Julien Lacroix,0.038461538461538464,1.0,24.0,
2025-09-07 22:00:00,20042,Pyrénées - Emmery,0.2,8.0,32.0,
2025-09-07 22:00:00,20043,Charonne - Avron,0.4074074074074074,11.0,16.0,
2025-09-07 22:00:00,20044,Davout - Volga,0.07142857142857142,2.0,25.0,
2025-09-07 22:00:00,20045,Louis Ganne - Davout,0.16666666666666666,5.0,24.0,
2025-09-07 22:00:00,20047,Cours de Vincennes - Davout,0.3333333333333333,16.0,32.0,
2025-09-07 22:00:00,20048,Bagnolet - Place Saint-Blaise,0.35714285714285715,10.0,17.0,
2025-09-07 22:00:00,2005,Montmartre - Etienne Marcel,0.25,4.0,9.0,
2025-09-07 22:00:00,2006,Place des Victoires,0.16666666666666666,4.0,18.0,
2025-09-07 22:00:00,2008,Mairie du 2ème,0.21428571428571427,6.0,20.0,
2025-09-07 22:00:00,2010,Uzès - Montmartre,0.1724137931034483,5.0,22.0,
2025-09-07 22:00:00,20103,Le Vau - Maurice Bertaux,0.12,3.0,21.0,
2025-09-07 22:00:00,20104,Louis Lumière.,0.045454545454545456,1.0,20.0,
2025-09-07 22:00:00,20105,Benoît Frachon - République,0.13333333333333333,4.0,26.0,
2025-09-07 22:00:00,20106,Mairie du 20ème,0.07407407407407407,2.0,25.0,
2025-09-07 22:00:00,20108,Jardin de l'Hospice Debrousse,0.30434782608695654,7.0,16.0,
2025-09-07 22:00:00,20110,Gambetta - Tourelles,0.1,2.0,18.0,
2025-09-07 22:00:00,20111,Villiers de l'Isle Adam - Pyrénées,0.15,3.0,17.0,
2025-09-07 22:00:00,20115,Louis Lumière - Porte de Bagnolet,0.05,1.0,19.0,
2025-09-07 22:00:00,20116,Haies - Réunion,0.4090909090909091,9.0,13.0,
2025-09-07 22:00:00,20117,Saint-Fargeau - Mortier,0.12903225806451613,4.0,27.0,
2025-09-07 22:00:00,20118,Orteaux - Mouraud,0.5833333333333334,14.0,8.0,
2025-09-07 22:00:00,20119,Square des Saint-Simoniens,0.24,6.0,18.0,
2025-09-07 22:00:00,2012,Choiseul - Quatre Septembre,0.06818181818181818,3.0,7.0,
2025-09-07 22:00:00,20121,Boyer - Ménilmontant,0.2631578947368421,5.0,13.0,
2025-09-07 22:00:00,20122,Vitruve - Davout,0.30434782608695654,7.0,15.0,
2025-09-07 22:00:00,2013,Favart - Italiens,0.058823529411764705,1.0,13.0,
2025-09-07 22:00:00,20131,Repos - Cimetière du Père Lachaise,0.6060606060606061,20.0,12.0,
2025-09-07 22:00:00,20132,Réunion - Avron,0.5,13.0,13.0,
2025-09-07 22:00:00,20134,Lieutenant Chauré - Etienne Marey,0.65,13.0,6.0,
2025-09-07 22:00:00,20136,Henri Chevreau - Couronnes,0.2222222222222222,6.0,20.0,
2025-09-07 22:00:00,2014,Daunou - Louis le Grand,0.15625,5.0,26.0,
2025-09-07 22:00:00,20140,Paganini - Davout,0.6818181818181818,15.0,7.0,
2025-09-07 22:00:00,20142,Mûriers - Père Lachaise,0.3,6.0,14.0,
2025-09-07 22:00:00,20143,Ramponeau - Belleville,0.18181818181818182,8.0,34.0,
2025-09-07 22:00:00,2015,Louis le Grand - Italiens,0.12121212121212122,4.0,27.0,
2025-09-07 22:00:00,2016,Aboukir - Alexandrie,0.6190476190476191,13.0,8.0,
2025-09-07 22:00:00,2017,Caire - Dussoubs,0.325,13.0,26.0,
2025-09-07 22:00:00,2020,Danielle Casanova - Opéra,0.6,12.0,7.0,
2025-09-07 22:00:00,20201,Eugène Reisz - Davout,0.5,10.0,9.0,
2025-09-07 22:00:00,20202,Dupont de l'Eure - Gambetta,0.25806451612903225,8.0,23.0,
2025-09-07 22:00:00,20203,Evariste Galois,0.23809523809523808,5.0,15.0,
2025-09-07 22:00:00,2021,Cléry - Montmartre,0.25862068965517243,15.0,40.0,
2025-09-07 22:00:00,2022,Saint-Fiacre - Poissonière,0.05714285714285714,2.0,32.0,
2025-09-07 22:00:00,21001,Transvaal - Charles de Gaulle,0.35185185185185186,9.5,15.5,
2025-09-07 22:00:00,21002,Place Denfert-Rochereau,0.75,15.0,1.0,
2025-09-07 22:00:00,21003,Jean Jaurès - Jean Baptiste Clément,0.7692307692307693,30.0,7.0,
2025-09-07 22:00:00,21004,Jean Jaurès - Reine,0.9032258064516129,28.0,2.0,
2025-09-07 22:00:00,21005,Hôtel de Ville de Boulogne Billancourt,0.46153846153846156,12.0,12.0,
2025-09-07 22:00:00,21006,Marcelin Berthelot,0.7407407407407407,20.0,5.0,
2025-09-07 22:00:00,21007,Rond-Point Rhin et Danube,0.4716981132075472,25.0,22.0,
2025-09-07 22:00:00,21008,Victor Hugo - Galliéni,0.7647058823529411,26.0,6.0,
2025-09-07 22:00:00,21009,Le Corbusier - Jean Jaurès,0.391304347826087,18.0,25.0,
2025-09-07 22:00:00,2101,Bachaumont - Montmartre,0.18181818181818182,6.0,24.0,
2025-09-07 22:00:00,21010,Silly - Galliéni,0.56,14.0,6.0,
2025-09-07 22:00:00,21011,Silly - Louis Blériot,0.21739130434782608,5.0,16.0,
2025-09-07 22:00:00,21013,Pierre Grenier - Pont de Billancourt,0.9047619047619048,19.0,0.0,
2025-09-07 22:00:00,21015,Nationale - Place Jules Guesde,0.6086956521739131,14.0,9.0,
2025-09-07 22:00:00,21016,Point du Jour - Jean Jaurès,0.8,32.0,8.0,
2025-09-07 22:00:00,21017,Place Marcel Sembat,0.05357142857142857,3.0,50.0,
2025-09-07 22:00:00,21019,Edouard Vaillant - Paul-Adolphe Souriau,0.25,7.0,20.0,
2025-09-07 22:00:00,2102,Saint-Marc - Feydeau,0.05405405405405406,2.0,34.0,
2025-09-07 22:00:00,21022,Dôme - République,0.84,21.0,0.0,
2025-09-07 22:00:00,21023,Ancienne Mairie - André Morizet,0.68,17.0,6.0,
2025-09-07 22:00:00,21024,Billancourt - Général Leclerc,0.0,0.0,20.0,
2025-09-07 22:00:00,21026,Sèvres - Général Leclerc,0.03333333333333333,1.0,28.0,
2025-09-07 22:00:00,21027,Fief - République,0.44,11.0,11.0,
2025-09-07 22:00:00,21028,Pierre Lefaucheux - Traversière,0.4,14.0,21.0,
2025-09-07 22:00:00,21029,Cours de l'Ile Seguin - Parc Billancourt,0.10344827586206896,3.0,23.0,
2025-09-07 22:00:00,21030,Fessart - Château,0.95,19.0,1.0,
2025-09-07 22:00:00,21031,Cimetière de Boulogne-Billancourt,0.325,13.0,25.0,
2025-09-07 22:00:00,21032,Sèvres-Gallieni,0.8518518518518519,23.0,3.0,
2025-09-07 22:00:00,21033,Sèvres - Maréchal Juin,0.2222222222222222,4.0,12.0,
2025-09-07 22:00:00,2108,Vivienne - Montmartre,0.05128205128205128,2.0,34.0,
2025-09-07 22:00:00,2110,Jeûneurs - Mulhouse,0.32142857142857145,9.0,18.0,
2025-09-07 22:00:00,21104,Madame de Sanzillon - Mozart,0.18181818181818182,4.0,18.0,
2025-09-07 22:00:00,21105,Morice - Général Leclerc,0.92,23.0,0.0,
2025-09-07 22:00:00,21107,Bertrand Sincholle - Henri Barbusse,0.9565217391304348,22.0,1.0,
2025-09-07 22:00:00,21108,Mairie de Clichy,0.9215686274509804,47.0,1.0,
2025-09-07 22:00:00,21109,Guichet - Jean Jaurès,1.0,28.0,0.0,
2025-09-07 22:00:00,2111,Chabanais - Petits Champs,0.5,15.0,15.0,
2025-09-07 22:00:00,21111,Professeur René Leriche - Général Leclerc,0.92,46.0,2.0,
2025-09-07 22:00:00,21112,Claude Debussy - Marc Bloch,0.5714285714285714,32.0,22.0,
2025-09-07 22:00:00,21114,Gustave Eiffel - Parc des Impressionnistes,0.9666666666666667,29.0,0.0,
2025-09-07 22:00:00,21115,Chancé Milly - Cimetière Communal Sud,0.90625,29.0,2.0,
2025-09-07 22:00:00,21118,Neuilly - Petit,1.0,16.0,0.0,
2025-09-07 22:00:00,21119,Belfort - Victor Hugo,0.8333333333333334,20.0,2.0,
2025-09-07 22:00:00,21120,Docteur Calmette - Martre,0.8666666666666667,26.0,1.0,
2025-09-07 22:00:00,21203,Place Jules Ferry,0.7142857142857143,20.0,8.0,
2025-09-07 22:00:00,21204,Estienne d'Orves - Henri Ginoux,0.41935483870967744,13.0,17.0,
2025-09-07 22:00:00,21205,Arthur Auger - Jean Jaurès,0.19230769230769232,5.0,21.0,
2025-09-07 22:00:00,21207,Verdier - République,0.3448275862068966,10.0,19.0,
2025-09-07 22:00:00,21209,Molière - République,0.3,9.0,20.0,
2025-09-07 22:00:00,21212,Marne - Germain Dardan,0.13636363636363635,3.0,17.0,
2025-09-07 22:00:00,21213,Vanne - Général de Gaulle,0.4,10.0,14.0,
2025-09-07 22:00:00,21215,Verdier - Jean Jaurès,0.24242424242424243,8.0,24.0,
2025-09-07 22:00:00,21217,Louis Rolland - République,0.15384615384615385,4.0,22.0,
2025-09-07 22:00:00,21218,Gabriel Péri - Place de la Libération,0.6111111111111112,11.0,6.0,
2025-09-07 22:00:00,21219,Amaury Duval - Gabriel Péri,0.3055555555555556,11.0,25.0,
2025-09-07 22:00:00,21301,Saint-Vincent - Verdun,0.9117647058823529,31.0,0.0,
2025-09-07 22:00:00,21302,Aristide Briand - Place de la Résistance,1.04,26.0,2.0,
2025-09-07 22:00:00,21303,Jean Monnet - Iles,0.78125,25.0,2.0,
2025-09-07 22:00:00,21305,Place Jacques Madaule,0.96,24.0,1.0,
2025-09-07 22:00:00,21306,Place Lafayette,0.5,31.0,30.0,
2025-09-07 22:00:00,21307,Victor Cresson - Telles de la Poterie,0.9354838709677419,29.0,1.0,
2025-09-07 22:00:00,21309,Mairie d'Issy,0.21951219512195122,9.0,31.0,
2025-09-07 22:00:00,21310,Kléber - Gouverneur Général Eboué,0.9583333333333334,23.0,0.0,
2025-09-07 22:00:00,21311,Parvis Corentin Celton,0.509090909090909,28.0,25.0,
2025-09-07 22:00:00,21312,Lucie Aubrac - Fort,0.2,6.0,24.0,
2025-09-07 22:00:00,21313,Guynemer - Séverine,0.9615384615384616,25.0,0.0,
2025-09-07 22:00:00,21314,Chemin de Bretagne,0.7586206896551724,22.0,7.0,
2025-09-07 22:00:00,21315,Jules Guesdes - Général de Gaulle,0.375,9.0,15.0,
2025-09-07 22:00:00,21316,Cimetière d'Issy-les-Moulineaux,0.7083333333333334,17.0,5.0,
2025-09-07 22:00:00,21319,Esplanade du Foncet - Camille Desmoulins,0.42857142857142855,12.0,13.0,
2025-09-07 22:00:00,21320,Président Roosevelt - Rouget de Lisle,0.075,3.0,35.0,
2025-09-07 22:00:00,21323,Charlot - Stade Gabriel Voisin,0.7096774193548387,22.0,8.0,
2025-09-07 22:00:00,21327,Jean Bouin - Gouverneur Général Eboué,0.6129032258064516,19.0,11.0,
2025-09-07 22:00:00,21328,Verger - Colonel Guichard,0.20689655172413793,6.0,22.0,
2025-09-07 22:00:00,21329,Gare - Aristide Briand,0.9310344827586207,27.0,0.0,
2025-09-07 22:00:00,21401,Mairie de Clamart,0.42424242424242425,14.0,17.0,
2025-09-07 22:00:00,21402,Place Aimé Césaire,0.7407407407407407,20.0,7.0,
2025-09-07 22:00:00,21404,Jean Jaurès - Gare de Clamart,0.65,13.0,6.0,
2025-09-07 22:00:00,21502,Verdun - Place Henri IV,0.9615384615384616,25.0,1.0,
2025-09-07 22:00:00,21505,Édouard Vaillant - Place Jean Jaurès,0.20833333333333334,5.0,19.0,
2025-09-07 22:00:00,21506,Maurice Payret-Dortail,0.22727272727272727,5.0,16.0,
2025-09-07 22:00:00,21507,Gardenat-Lapostol - Velettes,0.3,6.0,14.0,
2025-09-07 22:00:00,21508,Georges Pompidou - Verdun,0.9615384615384616,25.0,1.0,
2025-09-07 22:00:00,21509,Gardenat Lapostol - Franklin Roosevelt,0.5416666666666666,13.0,10.0,
2025-09-07 22:00:00,21510,Fontaine du Tertre - Calvaire,0.08333333333333333,2.0,22.0,
2025-09-07 22:00:00,21511,Marcel Monge - Marcel Dassault,0.5,23.0,23.0,
2025-09-07 22:00:00,21514,Place de la Paix - Abbé Saint-Pierre,0.0,0.0,24.0,
2025-09-07 22:00:00,21701,Larmeroux - Baudelaire,0.4482758620689655,13.0,15.0,
2025-09-07 22:00:00,21702,Gare SNCF Vanves-Malakoff,0.29411764705882354,15.0,35.0,
2025-09-07 22:00:00,21704,Place du Maréchal de Lattre de Tassigny,0.37037037037037035,10.0,17.0,
2025-09-07 22:00:00,21706,Jean Bleuzen - Square du 11 Novembre,0.02040816326530612,1.0,44.0,
2025-09-07 22:00:00,21707,Square Etienne Jarousse,0.64,16.0,7.0,
2025-09-07 22:00:00,21708,Marcel Yol - Jullien,0.16666666666666666,5.0,25.0,
2025-09-07 22:00:00,21951,Place Centrale,0.13636363636363635,3.0,18.0,
2025-09-07 22:00:00,21952,Place Tony de Graaff,0.7619047619047619,32.0,7.0,
2025-09-07 22:00:00,21953,Gare de Bellevue,0.0,0.0,18.0,
2025-09-07 22:00:00,21954,Val-Fleury,0.043478260869565216,1.0,21.0,
2025-09-07 22:00:00,21955,Vaugirard - Verrerie,0.15384615384615385,4.0,20.0,
2025-09-07 22:00:00,22001,Château - Bineau,0.5652173913043478,13.0,10.0,
2025-09-07 22:00:00,22002,Argenson - Château,0.32,8.0,16.0,
2025-09-07 22:00:00,22003,Beffroy,0.19230769230769232,5.0,21.0,
2025-09-07 22:00:00,22006,Pierret - Madrid,0.10714285714285714,3.0,21.0,
2025-09-07 22:00:00,22007,Commandant Charcot - Bretteville,0.2777777777777778,10.0,26.0,
2025-09-07 22:00:00,22012,Madeleine Michelis - Roule,0.04,1.0,21.0,
2025-09-07 22:00:00,22013,Mairie de Neuilly sur Seine,0.41935483870967744,13.0,17.0,
2025-09-07 22:00:00,22014,Victor Hugo - Bineau,0.64,16.0,9.0,
2025-09-07 22:00:00,22015,Île de la Jatte,0.9565217391304348,22.0,1.0,
2025-09-07 22:00:00,22016,Charles de Gaulle - Sablonville,0.3076923076923077,8.0,18.0,
2025-09-07 22:00:00,22017,Charles de Gaulle - Louis Philippe,0.03571428571428571,1.0,25.0,
2025-09-07 22:00:00,22018,Charles de Gaulle - Les Sablons,0.02857142857142857,1.0,32.0,
2025-09-07 22:00:00,22101,Gare Routière de Saint Cloud,0.3548387096774194,11.0,18.0,
2025-09-07 22:00:00,22102,Mont Valérien - Michel Salles,0.08333333333333333,2.0,21.0,
2025-09-07 22:00:00,22103,Senard - Charles Blum,0.4166666666666667,10.0,14.0,
2025-09-07 22:00:00,22201,Henri Ravera - Gabriel Péri,0.3,9.0,20.0,
2025-09-07 22:00:00,22203,Tertres - Fontaine,0.39285714285714285,11.0,17.0,
2025-09-07 22:00:00,22206,Louis Pasteur - Albert Petit,0.0967741935483871,3.0,28.0,
2025-09-07 22:00:00,22208,Stalingrad - Barbara,0.0,0.0,20.0,
2025-09-07 22:00:00,22209,Verdun - Henri Barbusse,0.0,0.0,23.0,
2025-09-07 22:00:00,22301,Chausson - Gabriel Péri,1.0,22.0,0.0,
2025-09-07 22:00:00,22302,Gare RER - Général de Gaulle,0.3902439024390244,16.0,24.0,
2025-09-07 22:00:00,22303,Lucien Lanternier - Le Luth,0.5925925925925926,16.0,10.0,
2025-09-07 22:00:00,22305,Jean Jaurès - Place du Dr Roux,0.6285714285714286,22.0,13.0,
2025-09-07 22:00:00,22306,Place du 17 Octobre,0.45,9.0,11.0,
2025-09-07 22:00:00,22401,Charles de Gaulle - Plateau de Vanves,0.09090909090909091,3.0,30.0,
2025-09-07 22:00:00,22402,Jean Jaurès - Salvador Allende,0.4186046511627907,18.0,24.0,
2025-09-07 22:00:00,22403,Pierre Brossolette - Adolphe Pinard,0.7916666666666666,19.0,2.0,
2025-09-07 22:00:00,22406,Guy Môquet - Etienne Dolet,0.34782608695652173,8.0,15.0,
2025-09-07 22:00:00,22408,Place du 14 Juillet,0.5,11.0,10.0,
2025-09-07 22:00:00,22501,Théâtre de La Garenne,0.55,11.0,8.0,
2025-09-07 22:00:00,22502,Kléber - National,0.55,11.0,9.0,
2025-09-07 22:00:00,22503,Joffre - Aigle,0.95,19.0,0.0,
2025-09-07 22:00:00,22505,Mairie de La Garenne Colombes,0.9090909090909091,20.0,0.0,
2025-09-07 22:00:00,22506,Gare des Vallées,0.4,8.0,11.0,
2025-09-07 22:00:00,22507,Châteaudun - Place de la Liberté,1.0,26.0,0.0,
2025-09-07 22:00:00,22601,Marx Dormoy - Château Sainte-Barbe,0.22727272727272727,5.0,17.0,
2025-09-07 22:00:00,22602,Place Henri Dunant - Gare RER,0.16129032258064516,5.0,24.0,
2025-09-07 22:00:00,22603,Place de la Division Leclerc,0.0,0.0,34.0,
2025-09-07 22:00:00,22604,Hôtel de Ville de Fontenay-aux-Roses,0.29411764705882354,10.0,24.0,
2025-09-07 22:00:00,22703,Place Jean Mermoz,0.7666666666666667,23.0,6.0,
2025-09-07 22:00:00,23001,Paul Vaillant Couturier - Chaptal,0.28205128205128205,11.0,26.0,
2025-09-07 22:00:00,23002,Pont de Levallois-bécon,0.1,5.0,44.0,
2025-09-07 22:00:00,23003,Président Wilson - Baudin,0.6071428571428571,17.0,9.0,
2025-09-07 22:00:00,23004,Paul Vaillant-Couturier - Victor Hugo,0.5833333333333334,21.0,14.0,
2025-09-07 22:00:00,23005,Gare de Clichy-Levallois,0.34615384615384615,9.0,13.0,
2025-09-07 22:00:00,23006,Jules Guesde - Alsace,0.24,6.0,18.0,
2025-09-07 22:00:00,23007,Président Wilson - Jean Jaures,0.6111111111111112,16.5,4.0,
2025-09-07 22:00:00,23008,Hôtel de Ville de Levallois Perret,0.5769230769230769,15.0,9.0,
2025-09-07 22:00:00,23009,Anatole France - Louise Michel,0.22,11.0,38.0,
2025-09-07 22:00:00,23010,Voltaire - Anatole France,0.48148148148148145,13.0,12.0,
2025-09-07 22:00:00,23011,Bineau - Louise Michel,0.4230769230769231,11.0,13.0,
2025-09-07 22:00:00,23041,Général Leclerc - Bièvre,0.88,22.0,2.0,
2025-09-07 22:00:00,23042,André Theuriet - Blagis,0.8333333333333334,25.0,4.0,
2025-09-07 22:00:00,23101,Grande Rue - Europe,0.48,12.0,11.0,
2025-09-07 22:00:00,23102,Hôtel de Ville de Sèvres,0.71875,23.0,6.0,
2025-09-07 22:00:00,23104,Quai de Sèvres - Manufacture Nationale,0.6785714285714286,19.0,9.0,
2025-09-07 22:00:00,23105,Sèvres Rive Gauche,0.09090909090909091,3.0,27.0,
2025-09-07 22:00:00,23106,Pavé des Gardes - Charles Vaillant,0.05,1.0,19.0,
2025-09-07 22:00:00,23107,Gare de Sèvres - Ville d'Avray,0.09090909090909091,2.0,20.0,
2025-09-07 22:00:00,23201,Avenir,0.13333333333333333,6.0,39.0,
2025-09-07 22:00:00,23202,Henri Barbusse - Gabriel Péri,0.18518518518518517,5.0,12.0,
2025-09-07 22:00:00,23203,Division Leclerc - Kléber,0.32,8.0,17.0,
2025-09-07 22:00:00,23204,Roland Garros - Jean Bouin,0.21428571428571427,6.0,21.0,
2025-09-07 22:00:00,23205,Parc des Pierrettes,0.2608695652173913,6.0,17.0,
2025-09-07 22:00:00,23206,Béranger - Félix Faure,0.25,7.0,19.0,
2025-09-07 22:00:00,23301,Les Blagis,0.8518518518518519,23.0,4.0,
2025-09-07 22:00:00,23303,Gare de Robinson,0.23333333333333334,7.0,23.0,
2025-09-07 22:00:00,23304,Mairie de Sceaux,0.18181818181818182,6.0,27.0,
2025-09-07 22:00:00,23403,Chateau,0.7272727272727273,16.0,6.0,
2025-09-07 22:00:00,23701,Parvis Robert Schuman - Roger Salengro,0.2916666666666667,7.0,17.0,
2025-09-07 22:00:00,23702,Hôtel de Ville de Chaville,0.05,1.0,19.0,
2025-09-07 22:00:00,23703,Gare de Chaville Rive Gauche,0.3333333333333333,6.0,11.0,
2025-09-07 22:00:00,23801,Place de la Gare,0.05,1.0,18.0,
2025-09-07 22:00:00,23802,Raymond Poincaré - Allée de la Marche,0.21739130434782608,5.0,18.0,
2025-09-07 22:00:00,23803,Sydney Bechet - Jacques Gautier,0.2,4.0,16.0,
2025-09-07 22:00:00,23902,Gallieni - Lycée Charles Petitet,0.2222222222222222,10.0,35.0,
2025-09-07 22:00:00,24001,Arche - Léonard de Vinci,0.17857142857142858,5.0,23.0,
2025-09-07 22:00:00,24002,Gare de Courbevoie,0.5428571428571428,19.0,16.0,
2025-09-07 22:00:00,24005,Edith Cavell - Volta,0.36363636363636365,12.0,21.0,
2025-09-07 22:00:00,24006,Adolphe Lalyre - Armand Silvestre,0.325,13.0,27.0,
2025-09-07 22:00:00,24007,Jean-Baptiste Charcot - Sainte-Geneviève,0.6190476190476191,13.0,5.0,
2025-09-07 22:00:00,24010,Charles de Gaulle - Rue de l'Alma,0.4642857142857143,13.0,10.0,
2025-09-07 22:00:00,24101,Place Charles de Gaulle,0.25,6.0,14.0,
2025-09-07 22:00:00,25001,Colmar - Victor Hugo,0.125,4.0,27.0,
2025-09-07 22:00:00,25002,Hôtel de Ville de Rueil-Malmaison,0.35,7.0,12.0,
2025-09-07 22:00:00,25003,Henri Ste-Claire Déville - Paul Héroult,0.5,12.0,11.0,
2025-09-07 22:00:00,25004,Marcel Pourtout - Édouard Manet,0.4166666666666667,10.0,14.0,
2025-09-07 22:00:00,25005,18 juin 1940 - Buzenval,0.28,7.0,16.0,
2025-09-07 22:00:00,25006,Place Nelson Mandela,0.22727272727272727,5.0,15.0,
2025-09-07 22:00:00,25007,Bons Raisins - Voltaire,0.2916666666666667,7.0,17.0,
2025-09-07 22:00:00,25008,Place du 8 Mai 1945,0.2222222222222222,4.0,13.0,
2025-09-07 22:00:00,25009,Place des Arts - Jean Mermoz,0.45,9.0,11.0,
2025-09-07 22:00:00,25010,Maréchal Leclerc de Hauteclocque - Marché Buzenval,0.3,9.0,20.0,
2025-09-07 22:00:00,26002,Redoute - Les Courtilles,0.85,34.0,5.0,
2025-09-07 22:00:00,26004,Gare RER les Grésillons,0.45454545454545453,10.0,11.0,
2025-09-07 22:00:00,26005,Hôtel de Ville d'Asnières sur Seine,0.9,27.0,0.0,
2025-09-07 22:00:00,26006,Bas - Gabriel Péri,0.7333333333333333,22.0,8.0,
2025-09-07 22:00:00,26007,Square Gilbert Thomain,0.4,8.0,12.0,
2025-09-07 22:00:00,26008,Henri Barbusse - Bourguignons,0.7352941176470589,25.0,9.0,
2025-09-07 22:00:00,26009,Marceau Delorme - Pierre Brossolette,0.9642857142857143,27.0,1.0,
2025-09-07 22:00:00,26010,Louis Armand - Bernard Palissy,0.7142857142857143,15.0,6.0,
2025-09-07 22:00:00,26011,Ménil - Argenteuil,0.55,11.0,8.0,
2025-09-07 22:00:00,26012,Jardin Modèle - Pierre Boudou,0.9444444444444444,17.0,1.0,
2025-09-07 22:00:00,26013,Quai du docteur Dervaux,0.9615384615384616,25.0,1.0,
2025-09-07 22:00:00,27001,Square Victor Basch,0.75,15.0,5.0,
2025-09-07 22:00:00,27005,Gare du Stade,0.8,16.0,4.0,
2025-09-07 22:00:00,27006,Victor Hugo - Gare,0.5909090909090909,13.0,9.0,
2025-09-07 22:00:00,28001,Richard Wallace - Place du 8 Mai 1945,0.7333333333333333,22.0,5.0,
2025-09-07 22:00:00,28005,Jean Jaurès - Paul Lafargue,0.4642857142857143,13.0,15.0,
2025-09-07 22:00:00,30003,Moscou - Edouard Vaillant,0.8333333333333334,25.0,4.0,
2025-09-07 22:00:00,30005,Convention - Campus de Bobigny,0.53125,17.0,12.0,
2025-09-07 22:00:00,3001,Beaumarchais - Saint-Gilles,0.7647058823529411,39.0,11.0,
2025-09-07 22:00:00,3002,Saint-Gilles - Turenne,0.5555555555555556,10.0,2.0,
2025-09-07 22:00:00,3003,Fille du Calvaire - Turenne,0.5172413793103449,15.0,10.0,
2025-09-07 22:00:00,3004,Place de la République - Temple,0.2222222222222222,4.0,7.0,
2025-09-07 22:00:00,3005,Sainte-Elisabeth - Turbigo,0.48484848484848486,16.0,14.0,
2025-09-07 22:00:00,3006,Mairie du 3ème,0.1875,6.0,23.0,
2025-09-07 22:00:00,3007,Archives - Pastourelle,0.25,7.0,19.0,
2025-09-07 22:00:00,3008,Perle - Vieille du Temple,0.05555555555555555,2.0,33.0,
2025-09-07 22:00:00,3009,Temple - Haudriettes,0.2631578947368421,5.0,12.0,
2025-09-07 22:00:00,3010,Beaubourg - Michel-le-Comte,0.29411764705882354,5.0,10.0,
2025-09-07 22:00:00,3011,Turbigo - Réaumur,0.41935483870967744,13.0,15.0,
2025-09-07 22:00:00,3012,Square Emile - Chautemps,0.32,8.0,16.0,
2025-09-07 22:00:00,31001,Lagny - Auguste Blanqui,0.1111111111111111,3.0,23.0,
2025-09-07 22:00:00,31003,Paris - Emile Zola,0.6666666666666666,20.0,9.0,
2025-09-07 22:00:00,31005,Square Denise Buisson,0.08888888888888889,4.0,40.0,
2025-09-07 22:00:00,31007,Paris - Désiré Préaux,0.2857142857142857,14.0,25.0,
2025-09-07 22:00:00,31009,Place Du Général De Gaulle,0.07692307692307693,2.0,24.0,
2025-09-07 22:00:00,3101,Porte Saint-Martin,0.20588235294117646,7.0,21.0,
2025-09-07 22:00:00,31010,Stalingrad - Désiré Chevalier,0.2857142857142857,12.0,29.0,
2025-09-07 22:00:00,31012,Place Carnot,0.84,21.0,2.0,
2025-09-07 22:00:00,31013,Centenaire - Sorins,0.17777777777777778,8.0,34.0,
2025-09-07 22:00:00,31017,Jean Moulin - Paul Doumer,0.45,9.0,11.0,
2025-09-07 22:00:00,31018,Gambetta - Michelet,0.8484848484848485,28.0,4.0,
2025-09-07 22:00:00,3102,Bourg l'Abbé - Saint-Martin,0.5573770491803278,34.0,25.0,
2025-09-07 22:00:00,31020,Résistance - Parmentier,0.05714285714285714,2.0,32.0,
2025-09-07 22:00:00,31021,Résistance - Hoche,0.41379310344827586,12.0,16.0,
2025-09-07 22:00:00,31023,Place François Mitterand,0.17647058823529413,6.0,27.0,
2025-09-07 22:00:00,31024,Romainville - Vaillant-Couturier,0.3157894736842105,12.0,24.0,
2025-09-07 22:00:00,31025,Paul Signac - Aristide Briand,0.2857142857142857,10.0,24.0,
2025-09-07 22:00:00,31026,Demi-Lune - Aristide Briand,0.6,12.0,8.0,
2025-09-07 22:00:00,31028,Raspail Barbès,0.42857142857142855,12.0,16.0,
2025-09-07 22:00:00,31101,Jules Guesde - Laennec,0.10526315789473684,2.0,17.0,
2025-09-07 22:00:00,31102,Boissière - Etienne Dolet,0.6666666666666666,14.0,6.0,
2025-09-07 22:00:00,31103,Gare Rosny-Bois-Perrier,0.5428571428571428,19.0,13.0,
2025-09-07 22:00:00,31104,Mairie de Rosny-sous-Bois,0.5,15.0,12.0,
2025-09-07 22:00:00,31105,Lavoisier - Missak Manouchian,0.8333333333333334,15.0,2.0,
2025-09-07 22:00:00,31201,Suzanne Masson,0.4594594594594595,17.0,20.0,
2025-09-07 22:00:00,31202,Gabriel Péri - Jules Ferry,0.76,19.0,5.0,
2025-09-07 22:00:00,31301,Gare RER,0.6666666666666666,20.0,6.0,
2025-09-07 22:00:00,31303,Simone Signoret - Paris,0.39285714285714285,11.0,12.0,
2025-09-07 22:00:00,31703,Sadi Carnot - François Mitterrand,0.4074074074074074,11.0,13.0,
2025-09-07 22:00:00,31704,Jeanne Hornet - Girardot,0.5172413793103449,15.0,14.0,
2025-09-07 22:00:00,31706,Château - République,0.23076923076923078,6.0,20.0,
2025-09-07 22:00:00,31707,Edouard Vaillant - Galliéni,0.22448979591836735,11.0,36.0,
2025-09-07 22:00:00,31708,Noisy le Sec - Jean-Baptiste Clément,0.45454545454545453,10.0,11.0,
2025-09-07 22:00:00,31709,Place de la Fraternité,0.9090909090909091,20.0,2.0,
2025-09-07 22:00:00,32001,Proudhon - Président Wilson,0.5333333333333333,16.0,14.0,
2025-09-07 22:00:00,32003,Wilson - Métallurgie,0.8928571428571429,25.0,0.0,
2025-09-07 22:00:00,32004,Wilson - Landy,0.625,25.0,15.0,
2025-09-07 22:00:00,3201,Payenne - Square George Caïn,0.16666666666666666,4.0,20.0,
2025-09-07 22:00:00,32010,Place aux Étoiles,0.65,26.0,13.0,
2025-09-07 22:00:00,32011,Stade de France - Francis de Pressensé,0.11363636363636363,5.0,36.0,
2025-09-07 22:00:00,32013,Saint-Denis - Université,0.75,18.0,4.0,
2025-09-07 22:00:00,32014,Place du Cornillon - Stade de France,0.8529411764705882,29.0,5.0,
2025-09-07 22:00:00,32015,Gare RER de Saint-Denis,0.75,30.0,8.0,
2025-09-07 22:00:00,32016,Place de la Porte de Paris,0.825,33.0,5.0,
2025-09-07 22:00:00,32017,Basilique,0.6363636363636364,14.0,4.0,
2025-09-07 22:00:00,32018,Franciade - Gabriel Péri,0.7692307692307693,20.0,5.0,
2025-09-07 22:00:00,32019,Place du 8 mai 1945.,0.9,27.0,2.0,
2025-09-07 22:00:00,32020,Jules Guesdes - Carnot,1.0,16.0,0.0,
2025-09-07 22:00:00,32021,Place du Front Populaire - George Sand,0.3384615384615385,22.0,41.0,
2025-09-07 22:00:00,32023,Guy Môquet - Jean Moulin,0.8666666666666667,26.0,2.0,
2025-09-07 22:00:00,32024,Port - Confluence,0.6538461538461539,17.0,9.0,
2025-09-07 22:00:00,32026,Leroy des Barres - Médiathèque,0.9615384615384616,25.0,0.0,
2025-09-07 22:00:00,32301,Mairie de Romainville,0.23529411764705882,4.0,11.0,
2025-09-07 22:00:00,32302,Chemin Vert - Fraternité,0.05,1.0,17.0,
2025-09-07 22:00:00,32305,Saint-Germain - Verdun,0.5666666666666667,17.0,12.0,
2025-09-07 22:00:00,32306,Verdun - Carnot,0.13793103448275862,4.0,24.0,
2025-09-07 22:00:00,32601,Porte des Lilas - Faidherbe,0.1282051282051282,5.0,34.0,
2025-09-07 22:00:00,32604,Square du Théâtre du Garde-Chasse,0.18,9.0,37.0,
2025-09-07 22:00:00,32605,Mairie,0.15,3.0,14.0,
2025-09-07 22:00:00,33001,Victor Hugo - Magasins Généraux,0.4117647058823529,14.0,20.0,
2025-09-07 22:00:00,33003,Bordier - Félix Faure,0.3333333333333333,16.0,30.0,
2025-09-07 22:00:00,33005,République - Henri Barbusse,0.796875,25.5,2.5,
2025-09-07 22:00:00,33006,André Karman - République,0.2903225806451613,9.0,20.0,
2025-09-07 22:00:00,33009,Félix Faure - Sadi Carnot,0.42424242424242425,14.0,19.0,
2025-09-07 22:00:00,33012,Landy - Heurtault,0.6333333333333333,19.0,11.0,
2025-09-07 22:00:00,33014,Parc Eli Lotar,0.95,19.0,1.0,
2025-09-07 22:00:00,33015,Charles Tillon - Cimetière Communal,0.8666666666666667,26.0,2.0,
2025-09-07 22:00:00,33016,Fort d'Aubervilliers,0.6818181818181818,15.0,3.0,
2025-09-07 22:00:00,33017,Anatole France - President Roosevelt,0.8620689655172413,25.0,2.0,
2025-09-07 22:00:00,33018,Edouard Poisson - Victor Hugo,0.6333333333333333,19.0,4.0,
2025-09-07 22:00:00,33019,Madeleine Vionnet,0.35294117647058826,12.0,22.0,
2025-09-07 22:00:00,33020,Waldeck Rochet - Germaine Tillon,0.41935483870967744,13.0,17.0,
2025-09-07 22:00:00,33102,Gabriel Péri - Francisco Ferrer,1.0,18.0,0.0,
2025-09-07 22:00:00,33103,Jean Jaurès - Jules Jacquemin,0.5416666666666666,13.0,6.0,
2025-09-07 22:00:00,34002,Capitaine Glarner - Gabriel Péri,0.6296296296296297,17.0,9.0,
2025-09-07 22:00:00,34005,Adrien Lesesne - Docteur Bauer,0.6333333333333333,19.0,11.0,
2025-09-07 22:00:00,34008,Garibaldi - Gabriel Péri,0.8333333333333334,25.0,2.0,
2025-09-07 22:00:00,34009,Dora Maar - Nadia Guendouz,0.06666666666666667,2.0,26.0,
2025-09-07 22:00:00,34010,Hôtel de Ville de Saint-Ouen,0.3958333333333333,19.0,25.0,
2025-09-07 22:00:00,34011,Clef des Champs - Albert Dhalenne,0.8571428571428571,24.0,0.0,
2025-09-07 22:00:00,34012,Bateliers - Quai de Seine,0.7692307692307693,20.0,6.0,
2025-09-07 22:00:00,34013,Blanqui - Docteur Bauer,0.9642857142857143,27.0,0.0,
2025-09-07 22:00:00,34014,Michelet - Dr Bauer,0.875,28.0,3.0,
2025-09-07 22:00:00,35001,Jean Jaurès - Ouvrières Pivéreuses,0.7727272727272727,17.0,4.0,
2025-09-07 22:00:00,35002,Jean Jaurès - Presles,0.45161290322580644,14.0,15.0,
2025-09-07 22:00:00,35004,Place du Président Salvador Allende,0.06666666666666667,4.0,55.0,
2025-09-07 22:00:00,35005,Quai de l'Aisne - Général Leclerc,0.18518518518518517,5.0,19.0,
2025-09-07 22:00:00,35006,Delizy - Louis Nadot,0.36363636363636365,8.0,14.0,
2025-09-07 22:00:00,35007,Benjamin Delessert - Jean Lolive,0.5714285714285714,12.0,8.0,
2025-09-07 22:00:00,35008,Place de l'Eglise - Pantin,0.06666666666666667,2.0,28.0,
2025-09-07 22:00:00,35012,Candale - Mehul,0.72,18.0,5.0,
2025-09-07 22:00:00,35013,Guillaume Tell - Parc Henri Barbusse,0.4,8.0,10.0,
2025-09-07 22:00:00,35015,Averroès - Aimé Césaire,0.5263157894736842,10.0,7.0,
2025-09-07 22:00:00,35017,Toffier Decaux - Cartier Bresson,0.2777777777777778,5.0,11.0,
2025-09-07 22:00:00,35018,Ancien Canal - Hélène Brion,0.2608695652173913,6.0,15.0,
2025-09-07 22:00:00,35020,Marcelle - Thalie,0.05,1.0,18.0,
2025-09-07 22:00:00,35021,Cartier Bresson - Denis Papin,0.12903225806451613,4.0,25.0,
2025-09-07 22:00:00,40002,Bleuets - Bordières,0.5263157894736842,10.0,9.0,
2025-09-07 22:00:00,40004,Créteil Village,0.36,9.0,16.0,
2025-09-07 22:00:00,40005,Conservatoire Marcel Dadi,0.5384615384615384,14.0,12.0,
2025-09-07 22:00:00,40006,Université Paris Est Créteil,0.23255813953488372,10.0,33.0,
2025-09-07 22:00:00,40007,Préfecture de Créteil,0.8888888888888888,24.0,3.0,
2025-09-07 22:00:00,40008,Créteil Pompadour,0.25,11.0,33.0,
2025-09-07 22:00:00,40009,Lycée Saint Exupéry - Juliette Savar,0.1,3.0,26.0,
2025-09-07 22:00:00,4001,Arcole - Notre-Dame,0.7741935483870968,24.0,7.0,
2025-09-07 22:00:00,40010,Haut du Mont-Mesly,0.7619047619047619,16.0,5.0,
2025-09-07 22:00:00,40011,Bas du Mont-Mesly,0.5555555555555556,15.0,12.0,
2025-09-07 22:00:00,40012,Stade de la Habette,0.625,10.0,4.0,
2025-09-07 22:00:00,40013,Hôtel de Ville de Créteil,0.3055555555555556,11.0,25.0,
2025-09-07 22:00:00,40016,Sarrazins - Saussure,0.45454545454545453,10.0,13.0,
2025-09-07 22:00:00,4002,Marché aux fleurs,0.43478260869565216,10.0,9.0,
2025-09-07 22:00:00,4003,Quai aux Fleurs - Pont Saint-Louis,0.6190476190476191,13.0,7.0,
2025-09-07 22:00:00,4006,Bourdon - Pont Morland,0.7115384615384616,37.0,14.0,
2025-09-07 22:00:00,4007,Place de la Bastille - Bourdon,0.4857142857142857,17.0,15.0,
2025-09-07 22:00:00,4009,Village Saint-Paul,0.25,7.0,19.0,
2025-09-07 22:00:00,4011,Hôtel de Ville - Pont-Marie,0.1111111111111111,4.0,29.0,
2025-09-07 22:00:00,4012,Tiron - Rivoli,0.21428571428571427,6.0,21.0,
2025-09-07 22:00:00,4013,Vieille du Temple - Francs Bourgeois,0.2931034482758621,8.5,15.5,
2025-09-07 22:00:00,4014,Blancs-Manteaux - Archives,0.2413793103448276,7.0,20.0,
2025-09-07 22:00:00,4015,Mairie du 4ème,0.20454545454545456,9.0,30.0,
2025-09-07 22:00:00,4016,Lobau - Hôtel de Ville,0.1,6.0,51.0,
2025-09-07 22:00:00,4017,Place de l'Hôtel de Ville,0.14285714285714285,2.0,9.0,
2025-09-07 22:00:00,4018,Saint-Bon - Rivoli,0.03225806451612903,1.0,28.0,
2025-09-07 22:00:00,4019,Cloître Saint-Merri - Renard,0.28125,9.0,23.0,
2025-09-07 22:00:00,4020,Place Edmond Michelet,0.17391304347826086,4.0,17.0,
2025-09-07 22:00:00,4021,Centre Georges Pompidou,0.07692307692307693,2.0,20.0,
2025-09-07 22:00:00,4101,Bastille - Beaumarchais,0.6521739130434783,15.0,2.0,
2025-09-07 22:00:00,4103,Archives - Rivoli,0.2,5.0,17.0,
2025-09-07 22:00:00,4104,Sebastopol - Rambuteau,0.0625,1.0,11.0,
2025-09-07 22:00:00,4107,Beaumarchais - Pas de la Mule,0.6666666666666666,12.0,3.0,
2025-09-07 22:00:00,4108,Quai de Béthune - Pont de la Tournelle,0.32,8.0,15.0,
2025-09-07 22:00:00,4109,Mornay - Sully,0.5333333333333333,8.0,7.0,
2025-09-07 22:00:00,41101,Paul Doumer - Stalingrad,1.0,24.0,0.0,
2025-09-07 22:00:00,41102,Gare de Laplace,0.3023255813953488,13.0,30.0,
2025-09-07 22:00:00,41103,Place de la vache noire,0.6,15.0,8.0,
2025-09-07 22:00:00,41202,Gare Rer de Fontenay sous Bois,0.18032786885245902,11.0,50.0,
2025-09-07 22:00:00,41203,Stalingrad - Rigollots,0.5686274509803921,29.0,14.0,
2025-09-07 22:00:00,41204,République - Danton,0.4,8.0,12.0,
2025-09-07 22:00:00,41205,Maréchal Joffre - Verdun,0.15,3.0,17.0,
2025-09-07 22:00:00,41206,Place des Larris,0.3382352941176471,11.5,22.5,
2025-09-07 22:00:00,41208,Alouettes - Maréchal de Lattre de Tassigny,0.7727272727272727,17.0,4.0,
2025-09-07 22:00:00,41209,Cimetière de Fontenay-sous-Bois,0.5333333333333333,8.0,7.0,
2025-09-07 22:00:00,41210,Hôtel de ville de Fontenay-sous-Bois,0.45,9.0,11.0,
2025-09-07 22:00:00,41211,Louis Xavier de Ricard - Ancienne Mairie,0.2647058823529412,9.0,25.0,
2025-09-07 22:00:00,41212,Nungesser - Santé,0.7727272727272727,17.0,2.0,
2025-09-07 22:00:00,41302,Charles de Gaulle - Beauté,0.22448979591836735,11.0,37.0,
2025-09-07 22:00:00,41303,Gare de Nogent-le-Perreux,0.6875,22.0,10.0,
2025-09-07 22:00:00,41304,Port - Maurice Chevalier,0.9333333333333333,28.0,3.0,
2025-09-07 22:00:00,41401,Marne - Charles de Gaulle,0.8888888888888888,24.0,1.0,
2025-09-07 22:00:00,41402,Victor Hugo - Ecoles,0.68,17.0,7.0,
2025-09-07 22:00:00,41403,Gare RER - Malleret-Joinville,0.4,8.0,10.0,
2025-09-07 22:00:00,41404,Carnot - Pâquerettes,0.4230769230769231,11.0,13.0,
2025-09-07 22:00:00,41405,Place de l'Europe - Alfortville,0.4166666666666667,10.0,13.0,
2025-09-07 22:00:00,41601,Général De Gaulle - Alouette,0.5384615384615384,14.0,11.0,
2025-09-07 22:00:00,41602,Place Charles Digeon,0.625,20.0,11.0,
2025-09-07 22:00:00,41604,Lagny - Joffre,0.5161290322580645,16.0,15.0,
2025-09-07 22:00:00,41605,Général De Gaulle - Vivien,0.5454545454545454,12.0,8.0,
2025-09-07 22:00:00,41606,Pasteur - Gambetta,0.5263157894736842,10.0,5.0,
2025-09-07 22:00:00,42003,Place de l'Insurrection d'Août 1944,0.7666666666666667,23.0,4.0,
2025-09-07 22:00:00,42010,Mairie d'Ivry-sur-Seine,0.33962264150943394,18.0,31.0,
2025-09-07 22:00:00,42014,Place Marcel Cachin,0.9375,30.0,1.0,
2025-09-07 22:00:00,42015,Place Jean Ferrat,0.52,13.0,12.0,
2025-09-07 22:00:00,42016,Pierre et Marie Curie - Maurice Thorez,0.5555555555555556,15.0,12.0,
2025-09-07 22:00:00,42018,Amédée Huon - Fort d'Ivry,0.25806451612903225,8.0,23.0,
2025-09-07 22:00:00,42019,Lampes,0.8837209302325582,38.0,4.0,
2025-09-07 22:00:00,42021,Raspail - Manufacture des Oeillets,0.96875,31.0,0.0,
2025-09-07 22:00:00,42022,Gare RER - Maurice Grandcoing,0.8108108108108109,30.0,7.0,
2025-09-07 22:00:00,42024,Danielle Casanova - Ledru-Rollin,1.0,28.0,0.0,
2025-09-07 22:00:00,42026,Barbès - Monique Maunoury,0.15,6.0,33.0,
2025-09-07 22:00:00,42027,Verdun - Pierre et Marie Curie,0.4230769230769231,11.0,14.0,
2025-09-07 22:00:00,42028,Verdun - Carnot,0.5357142857142857,15.0,13.0,
2025-09-07 22:00:00,42029,Stalingrad - Germaine Tailleferre,0.42857142857142855,12.0,16.0,
2025-09-07 22:00:00,42030,Stéphanie Bouvard - Gambetta,0.9,27.0,0.0,
2025-09-07 22:00:00,42205,Place Aristide Briand,0.6,21.0,13.0,
2025-09-07 22:00:00,42209,Place de l'Europe - Quai de Bercy,0.0,0.0,17.0,
2025-09-07 22:00:00,42210,Victor Hugo - Paul Eluard,0.65625,21.0,10.0,
2025-09-07 22:00:00,42211,Séminaire de Conflans - Liberté,0.9615384615384616,25.0,0.0,
2025-09-07 22:00:00,42301,Gare Arcueil - Cachan,0.6923076923076923,18.0,8.0,
2025-09-07 22:00:00,42302,Aristide Briand - Gare de Bagneux,0.45454545454545453,10.0,12.0,
2025-09-07 22:00:00,42303,Place Eustache Deschamps,0.9,18.0,1.0,
2025-09-07 22:00:00,42304,Marc Sangnier - Division Leclerc,0.7708333333333333,18.5,2.5,
2025-09-07 22:00:00,42305,Vanne - Saussaies,0.6,12.0,7.0,
2025-09-07 22:00:00,42501,Raspail - Albert Schweitzer,0.5357142857142857,15.0,12.0,
2025-09-07 22:00:00,42503,Vladimir Ilitch Lénine - Andrée Chedid,0.9032258064516129,28.0,3.0,
2025-09-07 22:00:00,42504,Gare RER de Gentilly,0.3,9.0,19.0,
2025-09-07 22:00:00,42505,Charles Frérot - Albert Guilpin,0.5,15.0,15.0,
2025-09-07 22:00:00,42701,Charles Gide - Fort de Bicêtre,0.13333333333333333,4.0,26.0,
2025-09-07 22:00:00,42704,Mairie du Kremlin-Bicêtre,0.52,13.0,12.0,
2025-09-07 22:00:00,42706,Roger Salengro - Fontainebleau,0.24,6.0,19.0,
2025-09-07 22:00:00,43001,Paris - Laitières,0.13636363636363635,3.0,19.0,
2025-09-07 22:00:00,43003,Hôpital Bégin,0.38461538461538464,10.0,13.0,
2025-09-07 22:00:00,43004,Montreuil - République,0.64,16.0,8.0,
2025-09-07 22:00:00,43005,Gare RER de Vincennes,0.0784313725490196,4.0,38.0,
2025-09-07 22:00:00,43007,Hôtel de Ville de Vincennes,0.7037037037037037,19.0,7.0,
2025-09-07 22:00:00,43008,Fontenay - Libération,0.84,21.0,3.0,
2025-09-07 22:00:00,43402,Place de Verdun,0.75,30.0,9.0,
2025-09-07 22:00:00,43403,Gare RER - Canadiens,0.35,14.0,25.0,
2025-09-07 22:00:00,44001,Quai Jules Guesde - Saint-Simon,0.8333333333333334,25.0,5.0,
2025-09-07 22:00:00,44002,Paul Vaillant-Couturier - Gare RER,1.0,26.0,0.0,
2025-09-07 22:00:00,44003,Gabriel Péri - Danielle Casanova,0.95,19.0,1.0,
2025-09-07 22:00:00,44004,Place de l'Eglise - Vitry-sur-Seine,0.9285714285714286,26.0,0.0,
2025-09-07 22:00:00,44005,Place Saint-Just,0.8636363636363636,19.0,3.0,
2025-09-07 22:00:00,44006,Concorde - Stalingrad,0.34285714285714286,12.0,19.0,
2025-09-07 22:00:00,44007,Camille Groult - Guy Môquet,0.6363636363636364,14.0,8.0,
2025-09-07 22:00:00,44008,Youri Gagarine - Commune de Paris,0.7878787878787878,26.0,5.0,
2025-09-07 22:00:00,44010,8 Mai 1945 - 10 Juillet 1940,1.0,30.0,0.0,
2025-09-07 22:00:00,44011,Lebrun - Colonel Fabien,0.2962962962962963,8.0,18.0,
2025-09-07 22:00:00,44012,Génie - Mozart,0.10526315789473684,2.0,16.0,
2025-09-07 22:00:00,44013,Edouard Tremblay - Julian Grimaux,0.06666666666666667,2.0,27.0,
2025-09-07 22:00:00,44014,Camille Risch - Paul Armangot,0.04,1.0,23.0,
2025-09-07 22:00:00,44016,Balzac - Olympes de Gouges,0.9285714285714286,26.0,2.0,
2025-09-07 22:00:00,44101,Place Mongolfier,0.9743589743589743,38.0,1.0,
2025-09-07 22:00:00,44102,Verdun - Adrien Damalix,0.9615384615384616,25.0,1.0,
2025-09-07 22:00:00,44103,Pont De Charenton,0.8333333333333334,15.0,2.0,
2025-09-07 22:00:00,45001,Hôtel de Ville de Champigny sur Marne,0.8095238095238095,17.0,2.0,
2025-09-07 22:00:00,45002,Roger Salengro - Général de Gaulle,0.5925925925925926,16.0,11.0,
2025-09-07 22:00:00,45003,11 Novembre 1918 - 8 Mai 1945,0.3333333333333333,12.0,25.0,
2025-09-07 22:00:00,45004,République - Louis Loucheur,0.7027027027027027,26.0,11.0,
2025-09-07 22:00:00,45005,Stalingrad - Général de Gaulle,0.9230769230769231,24.0,2.0,
2025-09-07 22:00:00,46001,Place Paul Eluard,0.9473684210526315,18.0,1.0,
2025-09-07 22:00:00,46002,Rouget de Lisle,0.5142857142857142,18.0,12.0,
2025-09-07 22:00:00,47001,Place de la Gare,0.2826086956521739,13.0,31.0,
2025-09-07 22:00:00,47002,Les Juilliottes,0.47619047619047616,10.0,10.0,
2025-09-07 22:00:00,47004,Stade Auguste Delaune,0.9047619047619048,19.0,2.0,
2025-09-07 22:00:00,47005,Ecole Vétérinaire,0.5555555555555556,20.0,13.0,
2025-09-07 22:00:00,47008,Les Planètes,0.7619047619047619,16.0,4.0,
2025-09-07 22:00:00,48001,Chastenet de Géry - Marcel Paul,0.36,9.0,16.0,
2025-09-07 22:00:00,48002,LCL Campus - Place Oscar Niemeyer,0.21621621621621623,8.0,29.0,
2025-09-07 22:00:00,48004,Maxime Gorki - Louis Aragon,0.1,2.0,18.0,
2025-09-07 22:00:00,48005,Eugène Varlin - Place de la Paix,0.17391304347826086,4.0,19.0,
2025-09-07 22:00:00,48006,Maxime Gorki - Paul Vaillant-Couturier,0.15,3.0,17.0,
2025-09-07 22:00:00,48008,Guy Môquet - Parvis Georges Marchais,0.06666666666666667,2.0,26.0,
2025-09-07 22:00:00,48009,République - Auguste Perret,0.1,3.0,26.0,
2025-09-07 22:00:00,48010,Karl Marx,0.0,0.0,16.0,
2025-09-07 22:00:00,48011,Epi d'Or - Chevilly,0.1,2.0,18.0,
2025-09-07 22:00:00,48012,Stalingrad - Henri Luisette,0.11538461538461539,3.0,23.0,
2025-09-07 22:00:00,5001,Harpe - Saint-Germain,0.4222222222222222,19.0,25.0,
2025-09-07 22:00:00,5002,Sommerard - Saint-Jacques,0.47058823529411764,16.0,18.0,
2025-09-07 22:00:00,5003,Le Goff - Gay-Lussac,0.05714285714285714,2.0,31.0,
2025-09-07 22:00:00,5004,Saint-Jacques - Val de Grâce,0.7368421052631579,14.0,4.0,
2025-09-07 22:00:00,5007,Ecoles - Carmes,0.19444444444444445,7.0,27.0,
2025-09-07 22:00:00,5012,Estrapade - Ulm,0.3125,5.0,11.0,
2025-09-07 22:00:00,5014,Jean Calvin - Tournefort,0.10714285714285714,3.0,24.0,
2025-09-07 22:00:00,5015,Epée de Bois - Mouffetard,0.2222222222222222,14.0,49.0,
2025-09-07 22:00:00,5018,Mutualité,0.7297297297297297,27.0,8.0,
2025-09-07 22:00:00,5019,Poissy - Saint-Germain,0.48,12.0,12.0,
2025-09-07 22:00:00,5020,Institut du Monde Arabe - Saint-Germain,0.275,11.0,27.0,
2025-09-07 22:00:00,5021,Jussieu - Fossés Saint-Bernard,0.358974358974359,14.0,20.0,
2025-09-07 22:00:00,5024,Place Monge,0.6190476190476191,13.0,7.0,
2025-09-07 22:00:00,5027,Gobelins - Port-Royal,0.725,29.0,11.0,
2025-09-07 22:00:00,5028,Censier - Jardin des Plantes,0.2857142857142857,8.0,19.0,
2025-09-07 22:00:00,5030,Sorbonne - Ecoles,0.21739130434782608,15.0,52.0,
2025-09-07 22:00:00,5031,Lacépède - Linné,0.25925925925925924,14.0,39.0,
2025-09-07 22:00:00,5032,Panthéon - Valette,0.0784313725490196,4.0,43.0,
2025-09-07 22:00:00,5033,Saint-Séverin - Saint-Michel,0.4666666666666667,14.0,11.0,
2025-09-07 22:00:00,5034,Censier - Santeuil,0.6231884057971014,43.0,25.0,
2025-09-07 22:00:00,51001,Gare d'Argenteuil,0.075,3.0,37.0,
2025-09-07 22:00:00,51002,Placette Grégoire Collas,0.56,14.0,11.0,
2025-09-07 22:00:00,51003,Hôtel de Ville d'Argenteuil,0.6666666666666666,20.0,10.0,
2025-09-07 22:00:00,51004,Général Delambre - Prebuard,0.3103448275862069,9.0,20.0,
2025-09-07 22:00:00,51005,Yves Farges - Route d'Enghien,0.34285714285714286,12.0,23.0,
2025-09-07 22:00:00,51007,Résistance - Romain Rolland,0.2857142857142857,8.0,20.0,
2025-09-07 22:00:00,51008,Martyrs de Châteaubriant - Jean Grandel,0.6578947368421053,25.0,13.0,
2025-09-07 22:00:00,5105,Geoffroy-Saint-Hilaire - Saint-Marcel,0.9411764705882353,16.0,0.0,
2025-09-07 22:00:00,5107,Pontoise - La Tournelle,0.8260869565217391,19.0,4.0,
2025-09-07 22:00:00,5110,Lacépède - Monge,0.34782608695652173,8.0,13.0,
2025-09-07 22:00:00,5115,Buffon - Jardin des Plantes,0.26666666666666666,8.0,20.0,
2025-09-07 22:00:00,5122,Saint-Michel - Luxembourg,0.1724137931034483,5.0,20.0,
2025-09-07 22:00:00,5123,Saint-Germain - Thenard,0.45161290322580644,14.0,16.0,
2025-09-07 22:00:00,5124,Erasme - Ulm,0.3333333333333333,8.0,14.0,
2025-09-07 22:00:00,5201,Saint-Jacques - Soufflot,0.3125,5.0,5.0,
2025-09-07 22:00:00,6001,Institut de France,0.4117647058823529,7.0,8.0,
2025-09-07 22:00:00,6002,Saint-Benoît - Jacob,0.9130434782608695,21.0,2.0,
2025-09-07 22:00:00,6004,Regard - Rennes,0.043478260869565216,2.0,43.0,
2025-09-07 22:00:00,6005,Montparnasse -  Square Ozanam,0.02040816326530612,1.0,47.0,
2025-09-07 22:00:00,6006,Notre-Dame-des-Champs - Stanislas,0.47368421052631576,9.0,9.0,
2025-09-07 22:00:00,6007,Bréa - Raspail,0.041666666666666664,1.0,23.0,
2025-09-07 22:00:00,6008,Assas - Luxembourg,0.06060606060606061,2.0,29.0,
2025-09-07 22:00:00,6009,Guynemer - Jardin du Luxembourg,0.16666666666666666,6.0,29.0,
2025-09-07 22:00:00,6010,Chevreuse - Montparnasse,0.4,6.0,8.0,
2025-09-07 22:00:00,6012,Saint-Germain - Ciseaux,0.2777777777777778,5.0,10.0,
2025-09-07 22:00:00,6013,Jacques Callot - Mazarine,0.5357142857142857,15.0,11.0,
2025-09-07 22:00:00,6014,Pont de Lodi - Dauphine,0.43478260869565216,10.0,11.0,
2025-09-07 22:00:00,6015,André Mazet - Saint-André des Arts,0.5636363636363636,31.0,23.0,
2025-09-07 22:00:00,6016,Danton - Serpente,0.6590909090909091,14.5,5.5,
2025-09-07 22:00:00,6017,Sénat - Condé,0.25757575757575757,8.5,24.5,
2025-09-07 22:00:00,6018,Michelet - Assas,0.16666666666666666,3.0,15.0,
2025-09-07 22:00:00,6020,Place Saint-André des Arts,0.24324324324324326,9.0,22.0,
2025-09-07 22:00:00,6022,Marché Saint-Germain,0.09523809523809523,2.0,17.0,
2025-09-07 22:00:00,6025,Assas - Rennes,0.3125,10.0,22.0,
2025-09-07 22:00:00,6026,Saint-Placide - Cherche Midi,0.22727272727272727,15.0,48.0,
2025-09-07 22:00:00,6027,Blaise-Desgoffe - Vaugirard,0.0625,2.0,27.0,
2025-09-07 22:00:00,6028,Quatre Vents - Carrefour de l'Odéon,0.2702702702702703,10.0,24.0,
2025-09-07 22:00:00,6029,Vaugirard - Monsieur le Prince,0.038461538461538464,1.0,21.0,
2025-09-07 22:00:00,6030,Assas - Vaugirard,0.14285714285714285,5.0,27.0,
2025-09-07 22:00:00,6031,Pierre Sarrazin - Saint-Michel,0.8484848484848485,28.0,5.0,
2025-09-07 22:00:00,6103,Mézières - Rennes,0.2545454545454545,14.0,39.0,
2025-09-07 22:00:00,6104,Herschel - Observatoire,0.10714285714285714,6.0,50.0,
2025-09-07 22:00:00,6107,Place Alphonse Deville,0.43478260869565216,10.0,13.0,
2025-09-07 22:00:00,6201,Saint Pères - Saint Germain,0.6363636363636364,14.0,6.0,
2025-09-07 22:00:00,7003,Square Boucicaut,0.05,3.0,57.0,
2025-09-07 22:00:00,7005,Raspail - Bac,0.3076923076923077,16.0,35.0,
2025-09-07 22:00:00,7006,Quai Voltaire,0.1875,6.0,22.0,
2025-09-07 22:00:00,7007,Musée d'Orsay,0.16923076923076924,11.0,54.0,
2025-09-07 22:00:00,7008,Villersexel - Saint-Germain,0.3125,5.0,11.0,
2025-09-07 22:00:00,7009,Assemblée Nationale,0.07894736842105263,6.0,68.0,
2025-09-07 22:00:00,7010,Constantine - Université,0.05384615384615385,3.5,59.5,
2025-09-07 22:00:00,7012,Cité Vaneau,0.2692307692307692,7.0,17.0,
2025-09-07 22:00:00,7013,Duroc - Place de Breteuil,0.5238095238095238,22.0,20.0,
2025-09-07 22:00:00,7014,Saint-François-Xavier,0.09523809523809523,4.0,34.0,
2025-09-07 22:00:00,7015,Varenne,0.1276595744680851,6.0,41.0,
2025-09-07 22:00:00,7016,Surcouf - Université,0.3448275862068966,20.0,35.0,
2025-09-07 22:00:00,7017,La Motte-Picquet - La Tour Maubourg,0.45,18.0,20.0,
2025-09-07 22:00:00,7018,Ségur - d'Estrées,0.6842105263157895,13.0,4.0,
2025-09-07 22:00:00,7020,Champ de Mars - Cler,0.4,16.0,23.0,
2025-09-07 22:00:00,7021,Bosquet - Saint-Dominique,0.8928571428571429,25.0,3.0,
2025-09-07 22:00:00,7023,Bourdonnais - Tour Eiffel,0.43333333333333335,26.0,31.0,
2025-09-07 22:00:00,7024,Rapp - Place du Général Gouraud,0.5483870967741935,17.0,11.0,
2025-09-07 22:00:00,7025,Octave Gréard - Tour Eiffel,0.3333333333333333,11.0,22.0,
2025-09-07 22:00:00,7026,Place de Finlande,0.08,2.0,19.0,
2025-09-07 22:00:00,7101,Raspail - Chomel,0.0816326530612245,4.0,43.0,
2025-09-07 22:00:00,7102,Mairie du 7ème,0.14583333333333334,7.0,41.0,
2025-09-07 22:00:00,7109,Place Joffre - Frédéric le Play,0.631578947368421,24.0,13.0,
2025-09-07 22:00:00,7111,Ecole Militaire - Place Joffre,0.2692307692307692,7.0,18.0,
2025-09-07 22:00:00,7201,Place De Fontenoy - Saxe,0.7222222222222222,13.0,4.0,
2025-09-07 22:00:00,7202,Constant Coquelin - Invalides,0.22580645161290322,7.0,24.0,
2025-09-07 22:00:00,8001,Petit Palais,0.021739130434782608,1.0,40.0,
2025-09-07 22:00:00,8003,Galilée - Vernet,0.0425531914893617,2.0,45.0,
2025-09-07 22:00:00,8007,Rome - Provence,0.03333333333333333,1.0,29.0,
2025-09-07 22:00:00,8008,Joseph Sansboeuf - Saint Lazare,0.15625,5.0,25.0,
2025-09-07 22:00:00,8011,Clapeyron - Moscou,0.26666666666666666,4.0,9.0,
2025-09-07 22:00:00,8012,Batignolles - Place de Clichy,0.0425531914893617,2.0,44.0,
2025-09-07 22:00:00,8015,Roquépine - Malesherbes,0.11320754716981132,6.0,46.0,
2025-09-07 22:00:00,8017,Rocher - Laborde,0.07692307692307693,5.0,60.0,
2025-09-07 22:00:00,8018,Saint-Augustin,0.1111111111111111,5.0,40.0,
2025-09-07 22:00:00,8020,Batignolles - Beudant,0.36363636363636365,16.0,28.0,
2025-09-07 22:00:00,8025,Miromesnil - La Boétie,0.2571428571428571,9.0,25.0,
2025-09-07 22:00:00,8027,Mairie du 8ème,0.42857142857142855,6.0,7.0,
2025-09-07 22:00:00,8028,Arsène Houssaye - Champs-Elysées,0.1346153846153846,7.0,45.0,
2025-09-07 22:00:00,8029,Place du Canada,0.3275862068965517,19.0,38.0,
2025-09-07 22:00:00,8031,Jean Mermoz - Champs-Elysées,0.14285714285714285,7.0,40.0,
2025-09-07 22:00:00,8033,Commandant Rivière,0.09523809523809523,4.0,33.0,
2025-09-07 22:00:00,8034,Berri - Haussmann,0.12244897959183673,6.0,43.0,
2025-09-07 22:00:00,8035,Bienfaisance - Place de Narvik,0.1388888888888889,5.0,30.0,
2025-09-07 22:00:00,8036,Lisbonne - Monceau,0.1276595744680851,6.0,40.0,
2025-09-07 22:00:00,8037,Monceau - Malesherbes,0.05263157894736842,2.0,34.0,
2025-09-07 22:00:00,8039,Colisée - Champs-Elysées,0.08333333333333333,2.0,12.0,
2025-09-07 22:00:00,8040,Pierre Charron - Champs-Elysées,0.09375,3.0,26.0,
2025-09-07 22:00:00,8044,Alfred de Vigny - Place du Général Brocard,0.06060606060606061,2.0,31.0,
2025-09-07 22:00:00,8045,Place de la Reine Astrid,0.8103448275862069,47.0,8.0,
2025-09-07 22:00:00,8046,Marceau - Président Wilson,0.4375,14.0,15.0,
2025-09-07 22:00:00,8049,Georges V - François 1er,0.045454545454545456,1.0,21.0,
2025-09-07 22:00:00,8051,Batignolles - Rome,0.0,0.0,14.0,
2025-09-07 22:00:00,8054,Bertie Albrecht - Hoche,0.0625,2.0,28.0,
2025-09-07 22:00:00,8056,Beaujon - Wagram,0.034482758620689655,1.0,27.0,
2025-09-07 22:00:00,8057,Hoche - Tilsitt,0.0,0.0,32.0,
2025-09-07 22:00:00,8103,Artois - Berri,0.02702702702702703,1.0,36.0,
2025-09-07 22:00:00,8105,François 1er - Lincoln,0.12903225806451613,4.0,27.0,
2025-09-07 22:00:00,8110,Gare Saint-Lazare - Stockholm,0.03125,1.0,30.0,
2025-09-07 22:00:00,8117,Place de la Madeleine - Royale,0.11627906976744186,5.0,36.0,
2025-09-07 22:00:00,8201,Arsène Houssaye - Friedland,0.034482758620689655,1.0,28.0,
2025-09-07 22:00:00,8202,Londres - Europe,0.0,0.0,25.0,
2025-09-07 22:00:00,8549,George V - Christophe Colomb,0.3333333333333333,8.0,14.0,
2025-09-07 22:00:00,9002,Abbeville - Faubourg Poissonnière,0.14285714285714285,2.0,11.0,
2025-09-07 22:00:00,9004,Gérando - Rochechouart,0.19047619047619047,4.0,16.0,
2025-09-07 22:00:00,9005,Square d'Anvers,0.12121212121212122,4.0,26.0,
2025-09-07 22:00:00,9006,Dunkerque - Trudaine,0.1875,3.0,10.0,
2025-09-07 22:00:00,9007,Condorcet - Turgot,0.4,8.0,12.0,
2025-09-07 22:00:00,9009,Square Montholon,0.9047619047619048,19.0,1.0,
2025-09-07 22:00:00,9010,Rochechouart lamartine,0.75,18.0,6.0,
2025-09-07 22:00:00,9011,Geoffroy - Marie,0.7,14.0,5.0,
2025-09-07 22:00:00,9012,Rougemont - Poissonnière,0.06818181818181818,3.0,37.0,
2025-09-07 22:00:00,9013,Mairie du 9ème,0.3333333333333333,8.0,15.0,
2025-09-07 22:00:00,9015,Lamartine - Faubourg Montmartre,0.65625,21.0,5.0,
2025-09-07 22:00:00,9017,Lallier - Trudaine,0.3103448275862069,9.0,16.0,
2025-09-07 22:00:00,9019,Victor Massé - Jean-Baptiste Pigalle,0.5,9.0,7.0,
2025-09-07 22:00:00,9021,Saint Georges - d'Aumale,0.4782608695652174,11.0,11.0,
2025-09-07 22:00:00,9022,Rossini - Laffitte,0.06060606060606061,2.0,31.0,
2025-09-07 22:00:00,9023,Laffitte - Italiens,0.09090909090909091,3.0,30.0,
2025-09-07 22:00:00,9024,Taitbout - La Fayette,0.05660377358490566,3.0,47.0,
2025-09-07 22:00:00,9025,Taitbout - Châteaudun,0.12962962962962962,7.0,45.0,
2025-09-07 22:00:00,9026,Jean-Baptiste Pigalle - La Bruyere,0.4117647058823529,7.0,7.0,
2025-09-07 22:00:00,9027,Douai - Pierre Fontaine,0.12,3.0,22.0,
2025-09-07 22:00:00,9029,Saint-Lazare - Place d'Estienne d'Orves,0.15384615384615385,6.0,30.0,
2025-09-07 22:00:00,9031,Provence - Chaussée d'Antin,0.12,3.0,22.0,
2025-09-07 22:00:00,9032,Mathurins - Auber,0.08333333333333333,3.0,33.0,
2025-09-07 22:00:00,9034,Godot de Mauroy - Madeleine,0.18181818181818182,4.0,15.0,
2025-09-07 22:00:00,9035,Gare Saint-Lazare - Place de Budapest,0.06818181818181818,3.0,40.0,
2025-09-07 22:00:00,9036,Athènes - Clichy,0.15,3.0,15.0,
2025-09-07 22:00:00,9037,Parme - Clichy,0.041666666666666664,1.0,22.0,
2025-09-07 22:00:00,9038,Douai - Bruxelles,0.7037037037037037,19.0,7.0,
2025-09-07 22:00:00,9039,Chaussée d'Antin - Haussmann,0.14285714285714285,4.0,22.0,
2025-09-07 22:00:00,9101,Cadet - La Fayette,0.15789473684210525,3.0,13.0,
2025-09-07 22:00:00,9102,Londres - Place d'Estienne d'Orves,0.16,4.0,20.0,
2025-09-07 22:00:00,9104,Caumartin - Provence,0.0,0.0,20.0,
2025-09-07 22:00:00,9111,Victoire - Laffitte,0.4,8.0,12.0,
2025-09-07 22:00:00,9113,Bleue - Trévise,0.5333333333333333,16.0,12.0,
2025-09-07 22:00:00,9114,Faubourg Poissonnière - Dunkerque,0.0,0.0,30.0,
2025-09-07 22:00:00,9115,Milton - Manuel,0.5454545454545454,12.0,8.0,
2025-09-07 22:00:00,9116,Victoire - Chaussée d'Antin,0.125,3.0,19.0,
2025-09-07 22:00:00,9118,Faubourg Poissonniere - Delta,0.08333333333333333,3.0,32.0,
2025-09-07 22:00:00,92001,Mairie de quartier du Plateau - Mont-Valérien,0.25,5.0,14.0,
2025-09-07 22:00:00,92002,Théâtre des Amandiers - Palais des sports,0.2608695652173913,6.0,17.0,
2025-09-07 22:00:00,92005,Gare de Nanterre Ville,0.5348837209302325,23.0,20.0,
2025-09-07 22:00:00,92006,Place Nelson Mandela,0.3333333333333333,10.0,19.0,
2025-09-07 22:00:00,92008,Hôtel de Ville de Nanterre,0.5789473684210527,22.0,14.0,
2025-09-07 22:00:00,,,0.3900792002746792,11.38,18.71,
